ISO-10303-21;
HEADER;
/* Generated by software containing ST-Developer
 * from STEP Tools, Inc. (www.steptools.com) 
 */

FILE_DESCRIPTION(
/* description */ (''),
/* implementation_level */ '2;1');

FILE_NAME(
/* name */ 'Tablet Project_Bottom Case.step',
/* time_stamp */ '2026-07-28T18:58:34+05:30',
/* author */ (''),
/* organization */ (''),
/* preprocessor_version */ 'ST-DEVELOPER v20.1',
/* originating_system */ 'Autodesk Translation Framework v15.8.0.0',
/* authorisation */ '');

FILE_SCHEMA (('AUTOMOTIVE_DESIGN { 1 0 10303 214 3 1 1 }'));
ENDSEC;

DATA;
#10=MECHANICAL_DESIGN_GEOMETRIC_PRESENTATION_REPRESENTATION('',(#13,#14,
#15,#16,#17,#18,#19,#20,#21,#22,#23),#4476);
#11=SHAPE_REPRESENTATION_RELATIONSHIP('SRR','None',#4483,#12);
#12=ADVANCED_BREP_SHAPE_REPRESENTATION('',(#24,#25,#26,#27,#28,#29,#30,
#31,#32,#33,#34),#4475);
#13=STYLED_ITEM('',(#4492),#24);
#14=STYLED_ITEM('',(#4492),#25);
#15=STYLED_ITEM('',(#4492),#26);
#16=STYLED_ITEM('',(#4492),#27);
#17=STYLED_ITEM('',(#4492),#28);
#18=STYLED_ITEM('',(#4492),#29);
#19=STYLED_ITEM('',(#4492),#30);
#20=STYLED_ITEM('',(#4492),#31);
#21=STYLED_ITEM('',(#4492),#32);
#22=STYLED_ITEM('',(#4492),#33);
#23=STYLED_ITEM('',(#4492),#34);
#24=MANIFOLD_SOLID_BREP('Body3',#2594);
#25=MANIFOLD_SOLID_BREP('Body8',#2595);
#26=MANIFOLD_SOLID_BREP('Body27',#2596);
#27=MANIFOLD_SOLID_BREP('Body28',#2597);
#28=MANIFOLD_SOLID_BREP('Body30',#2598);
#29=MANIFOLD_SOLID_BREP('Body33',#2599);
#30=MANIFOLD_SOLID_BREP('Body34',#2600);
#31=MANIFOLD_SOLID_BREP('Body35',#2601);
#32=MANIFOLD_SOLID_BREP('Body37',#2602);
#33=MANIFOLD_SOLID_BREP('Body38',#2603);
#34=MANIFOLD_SOLID_BREP('Body39',#2604);
#35=(
BOUNDED_SURFACE()
B_SPLINE_SURFACE(5,1,((#3703,#3704),(#3705,#3706),(#3707,#3708),(#3709,
#3710),(#3711,#3712),(#3713,#3714),(#3715,#3716),(#3717,#3718),(#3719,#3720),
(#3721,#3722),(#3723,#3724),(#3725,#3726),(#3727,#3728),(#3729,#3730),(#3731,
#3732)),.UNSPECIFIED.,.F.,.F.,.F.)
B_SPLINE_SURFACE_WITH_KNOTS((6,1,1,1,1,1,1,1,1,1,6),(2,2),(-1.,-0.9,-0.8,
-0.7,-0.6,-0.5,-0.4,-0.3,-0.2,-0.1,0.),(0.,0.2),.UNSPECIFIED.)
GEOMETRIC_REPRESENTATION_ITEM()
RATIONAL_B_SPLINE_SURFACE(((1.,1.),(1.,1.),(1.,1.),(1.,1.),(1.,1.),(1.,
1.),(1.,1.),(1.,1.),(1.,1.),(1.,1.),(1.,1.),(1.,1.),(1.,1.),(1.,1.),(1.,
1.)))
REPRESENTATION_ITEM('')
SURFACE()
);
#36=(
BOUNDED_SURFACE()
B_SPLINE_SURFACE(5,1,((#3754,#3755),(#3756,#3757),(#3758,#3759),(#3760,
#3761),(#3762,#3763),(#3764,#3765),(#3766,#3767),(#3768,#3769),(#3770,#3771),
(#3772,#3773),(#3774,#3775),(#3776,#3777),(#3778,#3779),(#3780,#3781),(#3782,
#3783)),.UNSPECIFIED.,.F.,.F.,.F.)
B_SPLINE_SURFACE_WITH_KNOTS((6,1,1,1,1,1,1,1,1,1,6),(2,2),(0.,0.1,0.2,0.3,
0.4,0.5,0.6,0.7,0.8,0.9,1.),(0.,0.2),.UNSPECIFIED.)
GEOMETRIC_REPRESENTATION_ITEM()
RATIONAL_B_SPLINE_SURFACE(((1.,1.),(1.,1.),(1.,1.),(1.,1.),(1.,1.),(1.,
1.),(1.,1.),(1.,1.),(1.,1.),(1.,1.),(1.,1.),(1.,1.),(1.,1.),(1.,1.),(1.,
1.)))
REPRESENTATION_ITEM('')
SURFACE()
);
#37=(
BOUNDED_SURFACE()
B_SPLINE_SURFACE(5,1,((#3799,#3800),(#3801,#3802),(#3803,#3804),(#3805,
#3806),(#3807,#3808),(#3809,#3810),(#3811,#3812),(#3813,#3814),(#3815,#3816),
(#3817,#3818),(#3819,#3820)),.UNSPECIFIED.,.F.,.F.,.F.)
B_SPLINE_SURFACE_WITH_KNOTS((6,1,1,1,1,1,6),(2,2),(-0.512330238028093,-0.5,
-0.4,-0.3,-0.2,-0.1,0.),(0.,0.2),.UNSPECIFIED.)
GEOMETRIC_REPRESENTATION_ITEM()
RATIONAL_B_SPLINE_SURFACE(((1.,1.),(1.,1.),(1.,1.),(1.,1.),(1.,1.),(1.,
1.),(1.,1.),(1.,1.),(1.,1.),(1.,1.),(1.,1.)))
REPRESENTATION_ITEM('')
SURFACE()
);
#38=(
BOUNDED_SURFACE()
B_SPLINE_SURFACE(5,1,((#3834,#3835),(#3836,#3837),(#3838,#3839),(#3840,
#3841),(#3842,#3843),(#3844,#3845),(#3846,#3847),(#3848,#3849),(#3850,#3851),
(#3852,#3853)),.UNSPECIFIED.,.F.,.F.,.F.)
B_SPLINE_SURFACE_WITH_KNOTS((6,1,1,1,1,6),(2,2),(-1.,-0.9,-0.8,-0.7,-0.6,
-0.512330238028094),(0.,0.2),.UNSPECIFIED.)
GEOMETRIC_REPRESENTATION_ITEM()
RATIONAL_B_SPLINE_SURFACE(((1.,1.),(1.,1.),(1.,1.),(1.,1.),(1.,1.),(1.,
1.),(1.,1.),(1.,1.),(1.,1.),(1.,1.)))
REPRESENTATION_ITEM('')
SURFACE()
);
#39=(
BOUNDED_SURFACE()
B_SPLINE_SURFACE(5,1,((#3866,#3867),(#3868,#3869),(#3870,#3871),(#3872,
#3873),(#3874,#3875),(#3876,#3877),(#3878,#3879),(#3880,#3881),(#3882,#3883),
(#3884,#3885),(#3886,#3887),(#3888,#3889),(#3890,#3891),(#3892,#3893),(#3894,
#3895)),.UNSPECIFIED.,.F.,.F.,.F.)
B_SPLINE_SURFACE_WITH_KNOTS((6,1,1,1,1,1,1,1,1,1,6),(2,2),(-1.,-0.9,-0.8,
-0.7,-0.6,-0.5,-0.4,-0.3,-0.2,-0.1,0.),(0.,0.2),.UNSPECIFIED.)
GEOMETRIC_REPRESENTATION_ITEM()
RATIONAL_B_SPLINE_SURFACE(((1.,1.),(1.,1.),(1.,1.),(1.,1.),(1.,1.),(1.,
1.),(1.,1.),(1.,1.),(1.,1.),(1.,1.),(1.,1.),(1.,1.),(1.,1.),(1.,1.),(1.,
1.)))
REPRESENTATION_ITEM('')
SURFACE()
);
#40=(
BOUNDED_SURFACE()
B_SPLINE_SURFACE(5,1,((#3911,#3912),(#3913,#3914),(#3915,#3916),(#3917,
#3918),(#3919,#3920),(#3921,#3922),(#3923,#3924),(#3925,#3926),(#3927,#3928),
(#3929,#3930),(#3931,#3932),(#3933,#3934),(#3935,#3936),(#3937,#3938),(#3939,
#3940)),.UNSPECIFIED.,.F.,.F.,.F.)
B_SPLINE_SURFACE_WITH_KNOTS((6,1,1,1,1,1,1,1,1,1,6),(2,2),(-1.,-0.9,-0.8,
-0.7,-0.6,-0.5,-0.4,-0.3,-0.2,-0.1,-0.00421219586802127),(0.,0.2),
 .UNSPECIFIED.)
GEOMETRIC_REPRESENTATION_ITEM()
RATIONAL_B_SPLINE_SURFACE(((1.,1.),(1.,1.),(1.,1.),(1.,1.),(1.,1.),(1.,
1.),(1.,1.),(1.,1.),(1.,1.),(1.,1.),(1.,1.),(1.,1.),(1.,1.),(1.,1.),(1.,
1.)))
REPRESENTATION_ITEM('')
SURFACE()
);
#41=(
BOUNDED_SURFACE()
B_SPLINE_SURFACE(5,1,((#3970,#3971),(#3972,#3973),(#3974,#3975),(#3976,
#3977),(#3978,#3979),(#3980,#3981),(#3982,#3983),(#3984,#3985),(#3986,#3987),
(#3988,#3989),(#3990,#3991),(#3992,#3993),(#3994,#3995),(#3996,#3997),(#3998,
#3999)),.UNSPECIFIED.,.F.,.F.,.F.)
B_SPLINE_SURFACE_WITH_KNOTS((6,1,1,1,1,1,1,1,1,1,6),(2,2),(0.0203817651094114,
0.1,0.2,0.3,0.4,0.5,0.6,0.7,0.8,0.9,1.),(0.,0.2),.UNSPECIFIED.)
GEOMETRIC_REPRESENTATION_ITEM()
RATIONAL_B_SPLINE_SURFACE(((1.,1.),(1.,1.),(1.,1.),(1.,1.),(1.,1.),(1.,
1.),(1.,1.),(1.,1.),(1.,1.),(1.,1.),(1.,1.),(1.,1.),(1.,1.),(1.,1.),(1.,
1.)))
REPRESENTATION_ITEM('')
SURFACE()
);
#42=CIRCLE('',#2642,10.6945352258116);
#43=CIRCLE('',#2643,10.6945352258116);
#44=CIRCLE('',#2650,15.132746175917);
#45=CIRCLE('',#2659,15.132746175917);
#46=CIRCLE('',#2660,7.0964162870569);
#47=CIRCLE('',#2662,15.132746175917);
#48=CIRCLE('',#2664,15.132746175917);
#49=CIRCLE('',#2665,7.0964162870569);
#50=CIRCLE('',#2730,7.0964162870569);
#51=CIRCLE('',#2731,7.0964162870569);
#52=CIRCLE('',#2733,15.132746175917);
#53=CIRCLE('',#2734,15.132746175917);
#54=CIRCLE('',#2736,10.6945352258116);
#55=CIRCLE('',#2737,10.6945352258116);
#56=CYLINDRICAL_SURFACE('',#2641,10.6945352258116);
#57=CYLINDRICAL_SURFACE('',#2666,7.0964162870569);
#58=CYLINDRICAL_SURFACE('',#2668,15.132746175917);
#59=CYLINDRICAL_SURFACE('',#2729,7.0964162870569);
#60=CYLINDRICAL_SURFACE('',#2732,15.132746175917);
#61=CYLINDRICAL_SURFACE('',#2735,10.6945352258116);
#62=FACE_BOUND('',#248,.T.);
#63=FACE_BOUND('',#249,.T.);
#64=FACE_BOUND('',#250,.T.);
#65=FACE_BOUND('',#251,.T.);
#66=FACE_BOUND('',#261,.T.);
#67=FACE_BOUND('',#262,.T.);
#68=FACE_BOUND('',#263,.T.);
#69=FACE_BOUND('',#320,.T.);
#70=FACE_BOUND('',#321,.T.);
#71=FACE_BOUND('',#322,.T.);
#72=FACE_BOUND('',#323,.T.);
#73=FACE_BOUND('',#324,.T.);
#74=FACE_BOUND('',#325,.T.);
#75=FACE_BOUND('',#328,.T.);
#76=FACE_BOUND('',#329,.T.);
#77=FACE_BOUND('',#330,.T.);
#78=FACE_BOUND('',#331,.T.);
#79=FACE_BOUND('',#332,.T.);
#80=FACE_BOUND('',#333,.T.);
#81=(
BOUNDED_CURVE()
B_SPLINE_CURVE(5,(#3402,#3403,#3404,#3405,#3406,#3407,#3408,#3409,#3410,
#3411,#3412,#3413,#3414,#3415,#3416),.UNSPECIFIED.,.F.,.F.)
B_SPLINE_CURVE_WITH_KNOTS((6,1,1,1,1,1,1,1,1,1,6),(0.0203817651094114,0.1,
0.2,0.3,0.4,0.5,0.6,0.7,0.8,0.9,1.),.UNSPECIFIED.)
CURVE()
GEOMETRIC_REPRESENTATION_ITEM()
RATIONAL_B_SPLINE_CURVE((1.,1.,1.,1.,1.,1.,1.,1.,1.,1.,1.,1.,1.,1.,1.))
REPRESENTATION_ITEM('')
);
#82=(
BOUNDED_CURVE()
B_SPLINE_CURVE(5,(#3424,#3425,#3426,#3427,#3428,#3429,#3430,#3431,#3432,
#3433,#3434,#3435,#3436,#3437,#3438),.UNSPECIFIED.,.F.,.F.)
B_SPLINE_CURVE_WITH_KNOTS((6,1,1,1,1,1,1,1,1,1,6),(-1.,-0.9,-0.8,-0.7,-0.6,
-0.5,-0.4,-0.3,-0.2,-0.1,-0.00421219586802127),.UNSPECIFIED.)
CURVE()
GEOMETRIC_REPRESENTATION_ITEM()
RATIONAL_B_SPLINE_CURVE((1.,1.,1.,1.,1.,1.,1.,1.,1.,1.,1.,1.,1.,1.,1.))
REPRESENTATION_ITEM('')
);
#83=(
BOUNDED_CURVE()
B_SPLINE_CURVE(5,(#3442,#3443,#3444,#3445,#3446,#3447,#3448,#3449,#3450,
#3451,#3452,#3453,#3454,#3455,#3456),.UNSPECIFIED.,.F.,.F.)
B_SPLINE_CURVE_WITH_KNOTS((6,1,1,1,1,1,1,1,1,1,6),(-1.,-0.9,-0.8,-0.7,-0.6,
-0.5,-0.4,-0.3,-0.2,-0.1,0.),.UNSPECIFIED.)
CURVE()
GEOMETRIC_REPRESENTATION_ITEM()
RATIONAL_B_SPLINE_CURVE((1.,1.,1.,1.,1.,1.,1.,1.,1.,1.,1.,1.,1.,1.,1.))
REPRESENTATION_ITEM('')
);
#84=(
BOUNDED_CURVE()
B_SPLINE_CURVE(5,(#3458,#3459,#3460,#3461,#3462,#3463,#3464,#3465,#3466,
#3467),.UNSPECIFIED.,.F.,.F.)
B_SPLINE_CURVE_WITH_KNOTS((6,1,1,1,1,6),(-1.,-0.9,-0.8,-0.7,-0.6,-0.512330238028094),
 .UNSPECIFIED.)
CURVE()
GEOMETRIC_REPRESENTATION_ITEM()
RATIONAL_B_SPLINE_CURVE((1.,1.,1.,1.,1.,1.,1.,1.,1.,1.))
REPRESENTATION_ITEM('')
);
#85=(
BOUNDED_CURVE()
B_SPLINE_CURVE(5,(#3469,#3470,#3471,#3472,#3473,#3474,#3475,#3476,#3477,
#3478,#3479),.UNSPECIFIED.,.F.,.F.)
B_SPLINE_CURVE_WITH_KNOTS((6,1,1,1,1,1,6),(-0.512330238028093,-0.5,-0.4,
-0.3,-0.2,-0.1,0.),.UNSPECIFIED.)
CURVE()
GEOMETRIC_REPRESENTATION_ITEM()
RATIONAL_B_SPLINE_CURVE((1.,1.,1.,1.,1.,1.,1.,1.,1.,1.,1.))
REPRESENTATION_ITEM('')
);
#86=(
BOUNDED_CURVE()
B_SPLINE_CURVE(5,(#3483,#3484,#3485,#3486,#3487,#3488,#3489,#3490,#3491,
#3492,#3493,#3494,#3495,#3496,#3497),.UNSPECIFIED.,.F.,.F.)
B_SPLINE_CURVE_WITH_KNOTS((6,1,1,1,1,1,1,1,1,1,6),(0.,0.1,0.2,0.3,0.4,0.5,
0.6,0.7,0.8,0.9,1.),.UNSPECIFIED.)
CURVE()
GEOMETRIC_REPRESENTATION_ITEM()
RATIONAL_B_SPLINE_CURVE((1.,1.,1.,1.,1.,1.,1.,1.,1.,1.,1.,1.,1.,1.,1.))
REPRESENTATION_ITEM('')
);
#87=(
BOUNDED_CURVE()
B_SPLINE_CURVE(5,(#3501,#3502,#3503,#3504,#3505,#3506,#3507,#3508,#3509,
#3510,#3511,#3512,#3513,#3514,#3515),.UNSPECIFIED.,.F.,.F.)
B_SPLINE_CURVE_WITH_KNOTS((6,1,1,1,1,1,1,1,1,1,6),(-1.,-0.9,-0.8,-0.7,-0.6,
-0.5,-0.4,-0.3,-0.2,-0.1,0.),.UNSPECIFIED.)
CURVE()
GEOMETRIC_REPRESENTATION_ITEM()
RATIONAL_B_SPLINE_CURVE((1.,1.,1.,1.,1.,1.,1.,1.,1.,1.,1.,1.,1.,1.,1.))
REPRESENTATION_ITEM('')
);
#88=(
BOUNDED_CURVE()
B_SPLINE_CURVE(5,(#3734,#3735,#3736,#3737,#3738,#3739,#3740,#3741,#3742,
#3743,#3744,#3745,#3746,#3747,#3748),.UNSPECIFIED.,.F.,.F.)
B_SPLINE_CURVE_WITH_KNOTS((6,1,1,1,1,1,1,1,1,1,6),(0.,0.1,0.2,0.3,0.4,0.5,
0.6,0.7,0.8,0.9,1.),.UNSPECIFIED.)
CURVE()
GEOMETRIC_REPRESENTATION_ITEM()
RATIONAL_B_SPLINE_CURVE((1.,1.,1.,1.,1.,1.,1.,1.,1.,1.,1.,1.,1.,1.,1.))
REPRESENTATION_ITEM('')
);
#89=(
BOUNDED_CURVE()
B_SPLINE_CURVE(5,(#3784,#3785,#3786,#3787,#3788,#3789,#3790,#3791,#3792,
#3793,#3794,#3795,#3796,#3797,#3798),.UNSPECIFIED.,.F.,.F.)
B_SPLINE_CURVE_WITH_KNOTS((6,1,1,1,1,1,1,1,1,1,6),(-1.,-0.9,-0.8,-0.7,-0.6,
-0.5,-0.4,-0.3,-0.2,-0.1,0.),.UNSPECIFIED.)
CURVE()
GEOMETRIC_REPRESENTATION_ITEM()
RATIONAL_B_SPLINE_CURVE((1.,1.,1.,1.,1.,1.,1.,1.,1.,1.,1.,1.,1.,1.,1.))
REPRESENTATION_ITEM('')
);
#90=(
BOUNDED_CURVE()
B_SPLINE_CURVE(5,(#3822,#3823,#3824,#3825,#3826,#3827,#3828,#3829,#3830,
#3831,#3832),.UNSPECIFIED.,.F.,.F.)
B_SPLINE_CURVE_WITH_KNOTS((6,1,1,1,1,1,6),(0.,0.1,0.2,0.3,0.4,0.5,0.512330238028093),
 .UNSPECIFIED.)
CURVE()
GEOMETRIC_REPRESENTATION_ITEM()
RATIONAL_B_SPLINE_CURVE((1.,1.,1.,1.,1.,1.,1.,1.,1.,1.,1.))
REPRESENTATION_ITEM('')
);
#91=(
BOUNDED_CURVE()
B_SPLINE_CURVE(5,(#3855,#3856,#3857,#3858,#3859,#3860,#3861,#3862,#3863,
#3864),.UNSPECIFIED.,.F.,.F.)
B_SPLINE_CURVE_WITH_KNOTS((6,1,1,1,1,6),(0.512330238028094,0.6,0.7,0.8,
0.9,1.),.UNSPECIFIED.)
CURVE()
GEOMETRIC_REPRESENTATION_ITEM()
RATIONAL_B_SPLINE_CURVE((1.,1.,1.,1.,1.,1.,1.,1.,1.,1.))
REPRESENTATION_ITEM('')
);
#92=(
BOUNDED_CURVE()
B_SPLINE_CURVE(5,(#3896,#3897,#3898,#3899,#3900,#3901,#3902,#3903,#3904,
#3905,#3906,#3907,#3908,#3909,#3910),.UNSPECIFIED.,.F.,.F.)
B_SPLINE_CURVE_WITH_KNOTS((6,1,1,1,1,1,1,1,1,1,6),(0.,0.1,0.2,0.3,0.4,0.5,
0.6,0.7,0.8,0.9,1.),.UNSPECIFIED.)
CURVE()
GEOMETRIC_REPRESENTATION_ITEM()
RATIONAL_B_SPLINE_CURVE((1.,1.,1.,1.,1.,1.,1.,1.,1.,1.,1.,1.,1.,1.,1.))
REPRESENTATION_ITEM('')
);
#93=(
BOUNDED_CURVE()
B_SPLINE_CURVE(5,(#3942,#3943,#3944,#3945,#3946,#3947,#3948,#3949,#3950,
#3951,#3952,#3953,#3954,#3955,#3956),.UNSPECIFIED.,.F.,.F.)
B_SPLINE_CURVE_WITH_KNOTS((6,1,1,1,1,1,1,1,1,1,6),(0.00421219586802127,
0.1,0.2,0.3,0.4,0.5,0.6,0.7,0.8,0.9,1.),.UNSPECIFIED.)
CURVE()
GEOMETRIC_REPRESENTATION_ITEM()
RATIONAL_B_SPLINE_CURVE((1.,1.,1.,1.,1.,1.,1.,1.,1.,1.,1.,1.,1.,1.,1.))
REPRESENTATION_ITEM('')
);
#94=(
BOUNDED_CURVE()
B_SPLINE_CURVE(5,(#4000,#4001,#4002,#4003,#4004,#4005,#4006,#4007,#4008,
#4009,#4010,#4011,#4012,#4013,#4014),.UNSPECIFIED.,.F.,.F.)
B_SPLINE_CURVE_WITH_KNOTS((6,1,1,1,1,1,1,1,1,1,6),(-1.,-0.9,-0.8,-0.7,-0.6,
-0.5,-0.4,-0.3,-0.2,-0.1,-0.0203817651094114),.UNSPECIFIED.)
CURVE()
GEOMETRIC_REPRESENTATION_ITEM()
RATIONAL_B_SPLINE_CURVE((1.,1.,1.,1.,1.,1.,1.,1.,1.,1.,1.,1.,1.,1.,1.))
REPRESENTATION_ITEM('')
);
#95=FACE_OUTER_BOUND('',#235,.T.);
#96=FACE_OUTER_BOUND('',#236,.T.);
#97=FACE_OUTER_BOUND('',#237,.T.);
#98=FACE_OUTER_BOUND('',#238,.T.);
#99=FACE_OUTER_BOUND('',#239,.T.);
#100=FACE_OUTER_BOUND('',#240,.T.);
#101=FACE_OUTER_BOUND('',#241,.T.);
#102=FACE_OUTER_BOUND('',#242,.T.);
#103=FACE_OUTER_BOUND('',#243,.T.);
#104=FACE_OUTER_BOUND('',#244,.T.);
#105=FACE_OUTER_BOUND('',#245,.T.);
#106=FACE_OUTER_BOUND('',#246,.T.);
#107=FACE_OUTER_BOUND('',#247,.T.);
#108=FACE_OUTER_BOUND('',#252,.T.);
#109=FACE_OUTER_BOUND('',#253,.T.);
#110=FACE_OUTER_BOUND('',#254,.T.);
#111=FACE_OUTER_BOUND('',#255,.T.);
#112=FACE_OUTER_BOUND('',#256,.T.);
#113=FACE_OUTER_BOUND('',#257,.T.);
#114=FACE_OUTER_BOUND('',#258,.T.);
#115=FACE_OUTER_BOUND('',#259,.T.);
#116=FACE_OUTER_BOUND('',#260,.T.);
#117=FACE_OUTER_BOUND('',#264,.T.);
#118=FACE_OUTER_BOUND('',#265,.T.);
#119=FACE_OUTER_BOUND('',#266,.T.);
#120=FACE_OUTER_BOUND('',#267,.T.);
#121=FACE_OUTER_BOUND('',#268,.T.);
#122=FACE_OUTER_BOUND('',#269,.T.);
#123=FACE_OUTER_BOUND('',#270,.T.);
#124=FACE_OUTER_BOUND('',#271,.T.);
#125=FACE_OUTER_BOUND('',#272,.T.);
#126=FACE_OUTER_BOUND('',#273,.T.);
#127=FACE_OUTER_BOUND('',#274,.T.);
#128=FACE_OUTER_BOUND('',#275,.T.);
#129=FACE_OUTER_BOUND('',#276,.T.);
#130=FACE_OUTER_BOUND('',#277,.T.);
#131=FACE_OUTER_BOUND('',#278,.T.);
#132=FACE_OUTER_BOUND('',#279,.T.);
#133=FACE_OUTER_BOUND('',#280,.T.);
#134=FACE_OUTER_BOUND('',#281,.T.);
#135=FACE_OUTER_BOUND('',#282,.T.);
#136=FACE_OUTER_BOUND('',#283,.T.);
#137=FACE_OUTER_BOUND('',#284,.T.);
#138=FACE_OUTER_BOUND('',#285,.T.);
#139=FACE_OUTER_BOUND('',#286,.T.);
#140=FACE_OUTER_BOUND('',#287,.T.);
#141=FACE_OUTER_BOUND('',#288,.T.);
#142=FACE_OUTER_BOUND('',#289,.T.);
#143=FACE_OUTER_BOUND('',#290,.T.);
#144=FACE_OUTER_BOUND('',#291,.T.);
#145=FACE_OUTER_BOUND('',#292,.T.);
#146=FACE_OUTER_BOUND('',#293,.T.);
#147=FACE_OUTER_BOUND('',#294,.T.);
#148=FACE_OUTER_BOUND('',#295,.T.);
#149=FACE_OUTER_BOUND('',#296,.T.);
#150=FACE_OUTER_BOUND('',#297,.T.);
#151=FACE_OUTER_BOUND('',#298,.T.);
#152=FACE_OUTER_BOUND('',#299,.T.);
#153=FACE_OUTER_BOUND('',#300,.T.);
#154=FACE_OUTER_BOUND('',#301,.T.);
#155=FACE_OUTER_BOUND('',#302,.T.);
#156=FACE_OUTER_BOUND('',#303,.T.);
#157=FACE_OUTER_BOUND('',#304,.T.);
#158=FACE_OUTER_BOUND('',#305,.T.);
#159=FACE_OUTER_BOUND('',#306,.T.);
#160=FACE_OUTER_BOUND('',#307,.T.);
#161=FACE_OUTER_BOUND('',#308,.T.);
#162=FACE_OUTER_BOUND('',#309,.T.);
#163=FACE_OUTER_BOUND('',#310,.T.);
#164=FACE_OUTER_BOUND('',#311,.T.);
#165=FACE_OUTER_BOUND('',#312,.T.);
#166=FACE_OUTER_BOUND('',#313,.T.);
#167=FACE_OUTER_BOUND('',#314,.T.);
#168=FACE_OUTER_BOUND('',#315,.T.);
#169=FACE_OUTER_BOUND('',#316,.T.);
#170=FACE_OUTER_BOUND('',#317,.T.);
#171=FACE_OUTER_BOUND('',#318,.T.);
#172=FACE_OUTER_BOUND('',#319,.T.);
#173=FACE_OUTER_BOUND('',#326,.T.);
#174=FACE_OUTER_BOUND('',#327,.T.);
#175=FACE_OUTER_BOUND('',#334,.T.);
#176=FACE_OUTER_BOUND('',#335,.T.);
#177=FACE_OUTER_BOUND('',#336,.T.);
#178=FACE_OUTER_BOUND('',#337,.T.);
#179=FACE_OUTER_BOUND('',#338,.T.);
#180=FACE_OUTER_BOUND('',#339,.T.);
#181=FACE_OUTER_BOUND('',#340,.T.);
#182=FACE_OUTER_BOUND('',#341,.T.);
#183=FACE_OUTER_BOUND('',#342,.T.);
#184=FACE_OUTER_BOUND('',#343,.T.);
#185=FACE_OUTER_BOUND('',#344,.T.);
#186=FACE_OUTER_BOUND('',#345,.T.);
#187=FACE_OUTER_BOUND('',#346,.T.);
#188=FACE_OUTER_BOUND('',#347,.T.);
#189=FACE_OUTER_BOUND('',#348,.T.);
#190=FACE_OUTER_BOUND('',#349,.T.);
#191=FACE_OUTER_BOUND('',#350,.T.);
#192=FACE_OUTER_BOUND('',#351,.T.);
#193=FACE_OUTER_BOUND('',#352,.T.);
#194=FACE_OUTER_BOUND('',#353,.T.);
#195=FACE_OUTER_BOUND('',#354,.T.);
#196=FACE_OUTER_BOUND('',#355,.T.);
#197=FACE_OUTER_BOUND('',#356,.T.);
#198=FACE_OUTER_BOUND('',#357,.T.);
#199=FACE_OUTER_BOUND('',#358,.T.);
#200=FACE_OUTER_BOUND('',#359,.T.);
#201=FACE_OUTER_BOUND('',#360,.T.);
#202=FACE_OUTER_BOUND('',#361,.T.);
#203=FACE_OUTER_BOUND('',#362,.T.);
#204=FACE_OUTER_BOUND('',#363,.T.);
#205=FACE_OUTER_BOUND('',#364,.T.);
#206=FACE_OUTER_BOUND('',#365,.T.);
#207=FACE_OUTER_BOUND('',#366,.T.);
#208=FACE_OUTER_BOUND('',#367,.T.);
#209=FACE_OUTER_BOUND('',#368,.T.);
#210=FACE_OUTER_BOUND('',#369,.T.);
#211=FACE_OUTER_BOUND('',#370,.T.);
#212=FACE_OUTER_BOUND('',#371,.T.);
#213=FACE_OUTER_BOUND('',#372,.T.);
#214=FACE_OUTER_BOUND('',#373,.T.);
#215=FACE_OUTER_BOUND('',#374,.T.);
#216=FACE_OUTER_BOUND('',#375,.T.);
#217=FACE_OUTER_BOUND('',#376,.T.);
#218=FACE_OUTER_BOUND('',#377,.T.);
#219=FACE_OUTER_BOUND('',#378,.T.);
#220=FACE_OUTER_BOUND('',#379,.T.);
#221=FACE_OUTER_BOUND('',#380,.T.);
#222=FACE_OUTER_BOUND('',#381,.T.);
#223=FACE_OUTER_BOUND('',#382,.T.);
#224=FACE_OUTER_BOUND('',#383,.T.);
#225=FACE_OUTER_BOUND('',#384,.T.);
#226=FACE_OUTER_BOUND('',#385,.T.);
#227=FACE_OUTER_BOUND('',#386,.T.);
#228=FACE_OUTER_BOUND('',#387,.T.);
#229=FACE_OUTER_BOUND('',#388,.T.);
#230=FACE_OUTER_BOUND('',#389,.T.);
#231=FACE_OUTER_BOUND('',#390,.T.);
#232=FACE_OUTER_BOUND('',#391,.T.);
#233=FACE_OUTER_BOUND('',#392,.T.);
#234=FACE_OUTER_BOUND('',#393,.T.);
#235=EDGE_LOOP('',(#1625,#1626,#1627,#1628));
#236=EDGE_LOOP('',(#1629,#1630,#1631,#1632,#1633,#1634,#1635,#1636,#1637,
#1638,#1639,#1640,#1641,#1642,#1643,#1644,#1645,#1646,#1647,#1648));
#237=EDGE_LOOP('',(#1649,#1650,#1651,#1652,#1653,#1654,#1655,#1656,#1657,
#1658,#1659,#1660,#1661,#1662,#1663,#1664));
#238=EDGE_LOOP('',(#1665,#1666,#1667,#1668));
#239=EDGE_LOOP('',(#1669,#1670,#1671,#1672));
#240=EDGE_LOOP('',(#1673,#1674,#1675,#1676));
#241=EDGE_LOOP('',(#1677,#1678,#1679,#1680));
#242=EDGE_LOOP('',(#1681,#1682,#1683,#1684));
#243=EDGE_LOOP('',(#1685,#1686,#1687,#1688));
#244=EDGE_LOOP('',(#1689,#1690,#1691,#1692));
#245=EDGE_LOOP('',(#1693,#1694,#1695,#1696));
#246=EDGE_LOOP('',(#1697,#1698,#1699,#1700));
#247=EDGE_LOOP('',(#1701,#1702,#1703,#1704,#1705,#1706));
#248=EDGE_LOOP('',(#1707,#1708,#1709,#1710));
#249=EDGE_LOOP('',(#1711,#1712,#1713,#1714));
#250=EDGE_LOOP('',(#1715,#1716,#1717,#1718));
#251=EDGE_LOOP('',(#1719,#1720,#1721,#1722));
#252=EDGE_LOOP('',(#1723,#1724,#1725,#1726));
#253=EDGE_LOOP('',(#1727,#1728,#1729,#1730));
#254=EDGE_LOOP('',(#1731,#1732,#1733,#1734));
#255=EDGE_LOOP('',(#1735,#1736,#1737,#1738));
#256=EDGE_LOOP('',(#1739,#1740,#1741,#1742));
#257=EDGE_LOOP('',(#1743,#1744,#1745,#1746));
#258=EDGE_LOOP('',(#1747,#1748,#1749,#1750));
#259=EDGE_LOOP('',(#1751,#1752,#1753,#1754));
#260=EDGE_LOOP('',(#1755,#1756,#1757,#1758,#1759,#1760,#1761,#1762,#1763,
#1764,#1765,#1766,#1767,#1768,#1769,#1770));
#261=EDGE_LOOP('',(#1771,#1772,#1773,#1774));
#262=EDGE_LOOP('',(#1775,#1776,#1777,#1778));
#263=EDGE_LOOP('',(#1779,#1780,#1781,#1782));
#264=EDGE_LOOP('',(#1783,#1784,#1785,#1786,#1787,#1788,#1789,#1790,#1791,
#1792));
#265=EDGE_LOOP('',(#1793,#1794,#1795,#1796));
#266=EDGE_LOOP('',(#1797,#1798,#1799,#1800));
#267=EDGE_LOOP('',(#1801,#1802,#1803,#1804));
#268=EDGE_LOOP('',(#1805,#1806,#1807,#1808));
#269=EDGE_LOOP('',(#1809,#1810,#1811,#1812));
#270=EDGE_LOOP('',(#1813,#1814,#1815,#1816));
#271=EDGE_LOOP('',(#1817,#1818,#1819,#1820));
#272=EDGE_LOOP('',(#1821,#1822,#1823,#1824));
#273=EDGE_LOOP('',(#1825,#1826,#1827,#1828));
#274=EDGE_LOOP('',(#1829,#1830,#1831,#1832));
#275=EDGE_LOOP('',(#1833,#1834,#1835,#1836));
#276=EDGE_LOOP('',(#1837,#1838,#1839,#1840));
#277=EDGE_LOOP('',(#1841,#1842,#1843,#1844));
#278=EDGE_LOOP('',(#1845,#1846,#1847,#1848,#1849,#1850,#1851));
#279=EDGE_LOOP('',(#1852,#1853,#1854,#1855,#1856,#1857));
#280=EDGE_LOOP('',(#1858,#1859,#1860,#1861));
#281=EDGE_LOOP('',(#1862,#1863,#1864,#1865));
#282=EDGE_LOOP('',(#1866,#1867,#1868,#1869,#1870,#1871));
#283=EDGE_LOOP('',(#1872,#1873,#1874,#1875));
#284=EDGE_LOOP('',(#1876,#1877,#1878,#1879));
#285=EDGE_LOOP('',(#1880,#1881,#1882,#1883));
#286=EDGE_LOOP('',(#1884,#1885,#1886,#1887));
#287=EDGE_LOOP('',(#1888,#1889));
#288=EDGE_LOOP('',(#1890,#1891,#1892,#1893,#1894));
#289=EDGE_LOOP('',(#1895,#1896,#1897,#1898));
#290=EDGE_LOOP('',(#1899,#1900,#1901,#1902));
#291=EDGE_LOOP('',(#1903,#1904,#1905,#1906,#1907,#1908,#1909,#1910));
#292=EDGE_LOOP('',(#1911,#1912,#1913,#1914));
#293=EDGE_LOOP('',(#1915,#1916,#1917,#1918));
#294=EDGE_LOOP('',(#1919,#1920,#1921,#1922));
#295=EDGE_LOOP('',(#1923,#1924,#1925,#1926));
#296=EDGE_LOOP('',(#1927,#1928,#1929,#1930));
#297=EDGE_LOOP('',(#1931,#1932,#1933,#1934));
#298=EDGE_LOOP('',(#1935,#1936,#1937,#1938));
#299=EDGE_LOOP('',(#1939,#1940,#1941,#1942));
#300=EDGE_LOOP('',(#1943,#1944,#1945,#1946));
#301=EDGE_LOOP('',(#1947,#1948,#1949,#1950));
#302=EDGE_LOOP('',(#1951,#1952,#1953,#1954));
#303=EDGE_LOOP('',(#1955,#1956,#1957,#1958));
#304=EDGE_LOOP('',(#1959,#1960,#1961,#1962));
#305=EDGE_LOOP('',(#1963,#1964,#1965,#1966));
#306=EDGE_LOOP('',(#1967,#1968,#1969,#1970));
#307=EDGE_LOOP('',(#1971,#1972,#1973,#1974));
#308=EDGE_LOOP('',(#1975,#1976,#1977,#1978));
#309=EDGE_LOOP('',(#1979,#1980,#1981,#1982));
#310=EDGE_LOOP('',(#1983,#1984,#1985,#1986));
#311=EDGE_LOOP('',(#1987,#1988,#1989,#1990));
#312=EDGE_LOOP('',(#1991,#1992,#1993,#1994));
#313=EDGE_LOOP('',(#1995,#1996,#1997,#1998));
#314=EDGE_LOOP('',(#1999,#2000,#2001,#2002));
#315=EDGE_LOOP('',(#2003,#2004,#2005,#2006));
#316=EDGE_LOOP('',(#2007,#2008,#2009,#2010));
#317=EDGE_LOOP('',(#2011,#2012,#2013,#2014,#2015,#2016,#2017,#2018));
#318=EDGE_LOOP('',(#2019,#2020,#2021,#2022));
#319=EDGE_LOOP('',(#2023,#2024,#2025,#2026));
#320=EDGE_LOOP('',(#2027,#2028,#2029,#2030));
#321=EDGE_LOOP('',(#2031,#2032,#2033,#2034));
#322=EDGE_LOOP('',(#2035,#2036,#2037,#2038));
#323=EDGE_LOOP('',(#2039,#2040,#2041,#2042));
#324=EDGE_LOOP('',(#2043,#2044,#2045,#2046));
#325=EDGE_LOOP('',(#2047,#2048,#2049));
#326=EDGE_LOOP('',(#2050,#2051,#2052,#2053,#2054,#2055,#2056,#2057));
#327=EDGE_LOOP('',(#2058,#2059,#2060,#2061,#2062,#2063));
#328=EDGE_LOOP('',(#2064,#2065,#2066,#2067));
#329=EDGE_LOOP('',(#2068,#2069,#2070,#2071));
#330=EDGE_LOOP('',(#2072,#2073,#2074,#2075));
#331=EDGE_LOOP('',(#2076,#2077,#2078,#2079));
#332=EDGE_LOOP('',(#2080,#2081,#2082,#2083));
#333=EDGE_LOOP('',(#2084,#2085,#2086));
#334=EDGE_LOOP('',(#2087,#2088,#2089,#2090));
#335=EDGE_LOOP('',(#2091,#2092,#2093,#2094));
#336=EDGE_LOOP('',(#2095,#2096,#2097,#2098));
#337=EDGE_LOOP('',(#2099,#2100,#2101,#2102));
#338=EDGE_LOOP('',(#2103,#2104,#2105,#2106));
#339=EDGE_LOOP('',(#2107,#2108,#2109,#2110));
#340=EDGE_LOOP('',(#2111,#2112,#2113,#2114));
#341=EDGE_LOOP('',(#2115,#2116,#2117,#2118));
#342=EDGE_LOOP('',(#2119,#2120,#2121,#2122));
#343=EDGE_LOOP('',(#2123,#2124,#2125,#2126));
#344=EDGE_LOOP('',(#2127,#2128,#2129,#2130));
#345=EDGE_LOOP('',(#2131,#2132,#2133,#2134));
#346=EDGE_LOOP('',(#2135,#2136,#2137,#2138));
#347=EDGE_LOOP('',(#2139,#2140,#2141,#2142));
#348=EDGE_LOOP('',(#2143,#2144,#2145,#2146));
#349=EDGE_LOOP('',(#2147,#2148,#2149,#2150));
#350=EDGE_LOOP('',(#2151,#2152,#2153,#2154));
#351=EDGE_LOOP('',(#2155,#2156,#2157,#2158));
#352=EDGE_LOOP('',(#2159,#2160,#2161,#2162));
#353=EDGE_LOOP('',(#2163,#2164,#2165,#2166));
#354=EDGE_LOOP('',(#2167,#2168,#2169,#2170));
#355=EDGE_LOOP('',(#2171,#2172,#2173,#2174));
#356=EDGE_LOOP('',(#2175,#2176,#2177,#2178));
#357=EDGE_LOOP('',(#2179,#2180,#2181,#2182));
#358=EDGE_LOOP('',(#2183,#2184,#2185,#2186));
#359=EDGE_LOOP('',(#2187,#2188,#2189,#2190));
#360=EDGE_LOOP('',(#2191,#2192,#2193,#2194));
#361=EDGE_LOOP('',(#2195,#2196,#2197,#2198));
#362=EDGE_LOOP('',(#2199,#2200,#2201,#2202));
#363=EDGE_LOOP('',(#2203,#2204,#2205,#2206));
#364=EDGE_LOOP('',(#2207,#2208,#2209,#2210));
#365=EDGE_LOOP('',(#2211,#2212,#2213,#2214));
#366=EDGE_LOOP('',(#2215,#2216,#2217,#2218));
#367=EDGE_LOOP('',(#2219,#2220,#2221,#2222));
#368=EDGE_LOOP('',(#2223,#2224,#2225,#2226));
#369=EDGE_LOOP('',(#2227,#2228,#2229,#2230));
#370=EDGE_LOOP('',(#2231,#2232,#2233,#2234));
#371=EDGE_LOOP('',(#2235,#2236,#2237,#2238));
#372=EDGE_LOOP('',(#2239,#2240,#2241,#2242));
#373=EDGE_LOOP('',(#2243,#2244,#2245,#2246));
#374=EDGE_LOOP('',(#2247,#2248,#2249,#2250));
#375=EDGE_LOOP('',(#2251,#2252,#2253,#2254));
#376=EDGE_LOOP('',(#2255,#2256,#2257,#2258));
#377=EDGE_LOOP('',(#2259,#2260,#2261,#2262));
#378=EDGE_LOOP('',(#2263,#2264,#2265,#2266));
#379=EDGE_LOOP('',(#2267,#2268,#2269,#2270));
#380=EDGE_LOOP('',(#2271,#2272,#2273,#2274));
#381=EDGE_LOOP('',(#2275,#2276,#2277,#2278));
#382=EDGE_LOOP('',(#2279,#2280,#2281,#2282));
#383=EDGE_LOOP('',(#2283,#2284,#2285,#2286));
#384=EDGE_LOOP('',(#2287,#2288,#2289,#2290));
#385=EDGE_LOOP('',(#2291,#2292,#2293,#2294));
#386=EDGE_LOOP('',(#2295,#2296,#2297,#2298));
#387=EDGE_LOOP('',(#2299,#2300,#2301,#2302));
#388=EDGE_LOOP('',(#2303,#2304,#2305,#2306));
#389=EDGE_LOOP('',(#2307,#2308,#2309,#2310));
#390=EDGE_LOOP('',(#2311,#2312,#2313,#2314));
#391=EDGE_LOOP('',(#2315,#2316,#2317,#2318));
#392=EDGE_LOOP('',(#2319,#2320,#2321,#2322));
#393=EDGE_LOOP('',(#2323,#2324,#2325,#2326));
#394=LINE('',#3388,#717);
#395=LINE('',#3390,#718);
#396=LINE('',#3392,#719);
#397=LINE('',#3393,#720);
#398=LINE('',#3396,#721);
#399=LINE('',#3398,#722);
#400=LINE('',#3400,#723);
#401=LINE('',#3418,#724);
#402=LINE('',#3420,#725);
#403=LINE('',#3422,#726);
#404=LINE('',#3440,#727);
#405=LINE('',#3481,#728);
#406=LINE('',#3499,#729);
#407=LINE('',#3517,#730);
#408=LINE('',#3519,#731);
#409=LINE('',#3520,#732);
#410=LINE('',#3523,#733);
#411=LINE('',#3525,#734);
#412=LINE('',#3527,#735);
#413=LINE('',#3528,#736);
#414=LINE('',#3530,#737);
#415=LINE('',#3532,#738);
#416=LINE('',#3534,#739);
#417=LINE('',#3536,#740);
#418=LINE('',#3538,#741);
#419=LINE('',#3540,#742);
#420=LINE('',#3542,#743);
#421=LINE('',#3544,#744);
#422=LINE('',#3546,#745);
#423=LINE('',#3547,#746);
#424=LINE('',#3551,#747);
#425=LINE('',#3553,#748);
#426=LINE('',#3555,#749);
#427=LINE('',#3556,#750);
#428=LINE('',#3559,#751);
#429=LINE('',#3561,#752);
#430=LINE('',#3562,#753);
#431=LINE('',#3565,#754);
#432=LINE('',#3567,#755);
#433=LINE('',#3568,#756);
#434=LINE('',#3570,#757);
#435=LINE('',#3571,#758);
#436=LINE('',#3575,#759);
#437=LINE('',#3577,#760);
#438=LINE('',#3579,#761);
#439=LINE('',#3580,#762);
#440=LINE('',#3583,#763);
#441=LINE('',#3585,#764);
#442=LINE('',#3586,#765);
#443=LINE('',#3589,#766);
#444=LINE('',#3591,#767);
#445=LINE('',#3592,#768);
#446=LINE('',#3594,#769);
#447=LINE('',#3595,#770);
#448=LINE('',#3599,#771);
#449=LINE('',#3601,#772);
#450=LINE('',#3603,#773);
#451=LINE('',#3604,#774);
#452=LINE('',#3608,#775);
#453=LINE('',#3610,#776);
#454=LINE('',#3612,#777);
#455=LINE('',#3614,#778);
#456=LINE('',#3616,#779);
#457=LINE('',#3617,#780);
#458=LINE('',#3620,#781);
#459=LINE('',#3622,#782);
#460=LINE('',#3624,#783);
#461=LINE('',#3625,#784);
#462=LINE('',#3627,#785);
#463=LINE('',#3629,#786);
#464=LINE('',#3630,#787);
#465=LINE('',#3633,#788);
#466=LINE('',#3634,#789);
#467=LINE('',#3637,#790);
#468=LINE('',#3638,#791);
#469=LINE('',#3640,#792);
#470=LINE('',#3643,#793);
#471=LINE('',#3645,#794);
#472=LINE('',#3646,#795);
#473=LINE('',#3649,#796);
#474=LINE('',#3650,#797);
#475=LINE('',#3653,#798);
#476=LINE('',#3654,#799);
#477=LINE('',#3656,#800);
#478=LINE('',#3660,#801);
#479=LINE('',#3662,#802);
#480=LINE('',#3664,#803);
#481=LINE('',#3666,#804);
#482=LINE('',#3668,#805);
#483=LINE('',#3670,#806);
#484=LINE('',#3672,#807);
#485=LINE('',#3674,#808);
#486=LINE('',#3676,#809);
#487=LINE('',#3678,#810);
#488=LINE('',#3679,#811);
#489=LINE('',#3681,#812);
#490=LINE('',#3683,#813);
#491=LINE('',#3684,#814);
#492=LINE('',#3687,#815);
#493=LINE('',#3688,#816);
#494=LINE('',#3690,#817);
#495=LINE('',#3692,#818);
#496=LINE('',#3693,#819);
#497=LINE('',#3695,#820);
#498=LINE('',#3696,#821);
#499=LINE('',#3702,#822);
#500=LINE('',#3749,#823);
#501=LINE('',#3752,#824);
#502=LINE('',#3753,#825);
#503=LINE('',#3833,#826);
#504=LINE('',#3865,#827);
#505=LINE('',#3957,#828);
#506=LINE('',#3960,#829);
#507=LINE('',#3961,#830);
#508=LINE('',#3964,#831);
#509=LINE('',#3965,#832);
#510=LINE('',#3968,#833);
#511=LINE('',#3969,#834);
#512=LINE('',#4020,#835);
#513=LINE('',#4024,#836);
#514=LINE('',#4026,#837);
#515=LINE('',#4028,#838);
#516=LINE('',#4030,#839);
#517=LINE('',#4031,#840);
#518=LINE('',#4033,#841);
#519=LINE('',#4034,#842);
#520=LINE('',#4036,#843);
#521=LINE('',#4047,#844);
#522=LINE('',#4050,#845);
#523=LINE('',#4052,#846);
#524=LINE('',#4055,#847);
#525=LINE('',#4058,#848);
#526=LINE('',#4059,#849);
#527=LINE('',#4063,#850);
#528=LINE('',#4065,#851);
#529=LINE('',#4067,#852);
#530=LINE('',#4068,#853);
#531=LINE('',#4071,#854);
#532=LINE('',#4073,#855);
#533=LINE('',#4074,#856);
#534=LINE('',#4077,#857);
#535=LINE('',#4079,#858);
#536=LINE('',#4080,#859);
#537=LINE('',#4082,#860);
#538=LINE('',#4083,#861);
#539=LINE('',#4087,#862);
#540=LINE('',#4089,#863);
#541=LINE('',#4091,#864);
#542=LINE('',#4092,#865);
#543=LINE('',#4095,#866);
#544=LINE('',#4097,#867);
#545=LINE('',#4098,#868);
#546=LINE('',#4101,#869);
#547=LINE('',#4103,#870);
#548=LINE('',#4104,#871);
#549=LINE('',#4106,#872);
#550=LINE('',#4107,#873);
#551=LINE('',#4111,#874);
#552=LINE('',#4113,#875);
#553=LINE('',#4115,#876);
#554=LINE('',#4116,#877);
#555=LINE('',#4119,#878);
#556=LINE('',#4121,#879);
#557=LINE('',#4122,#880);
#558=LINE('',#4125,#881);
#559=LINE('',#4127,#882);
#560=LINE('',#4128,#883);
#561=LINE('',#4130,#884);
#562=LINE('',#4131,#885);
#563=LINE('',#4135,#886);
#564=LINE('',#4137,#887);
#565=LINE('',#4139,#888);
#566=LINE('',#4140,#889);
#567=LINE('',#4143,#890);
#568=LINE('',#4145,#891);
#569=LINE('',#4146,#892);
#570=LINE('',#4149,#893);
#571=LINE('',#4151,#894);
#572=LINE('',#4152,#895);
#573=LINE('',#4154,#896);
#574=LINE('',#4155,#897);
#575=LINE('',#4159,#898);
#576=LINE('',#4161,#899);
#577=LINE('',#4163,#900);
#578=LINE('',#4164,#901);
#579=LINE('',#4167,#902);
#580=LINE('',#4169,#903);
#581=LINE('',#4170,#904);
#582=LINE('',#4173,#905);
#583=LINE('',#4175,#906);
#584=LINE('',#4176,#907);
#585=LINE('',#4178,#908);
#586=LINE('',#4179,#909);
#587=LINE('',#4183,#910);
#588=LINE('',#4185,#911);
#589=LINE('',#4187,#912);
#590=LINE('',#4188,#913);
#591=LINE('',#4191,#914);
#592=LINE('',#4193,#915);
#593=LINE('',#4194,#916);
#594=LINE('',#4196,#917);
#595=LINE('',#4197,#918);
#596=LINE('',#4200,#919);
#597=LINE('',#4202,#920);
#598=LINE('',#4204,#921);
#599=LINE('',#4205,#922);
#600=LINE('',#4207,#923);
#601=LINE('',#4209,#924);
#602=LINE('',#4211,#925);
#603=LINE('',#4216,#926);
#604=LINE('',#4218,#927);
#605=LINE('',#4220,#928);
#606=LINE('',#4221,#929);
#607=LINE('',#4224,#930);
#608=LINE('',#4226,#931);
#609=LINE('',#4227,#932);
#610=LINE('',#4230,#933);
#611=LINE('',#4232,#934);
#612=LINE('',#4233,#935);
#613=LINE('',#4235,#936);
#614=LINE('',#4236,#937);
#615=LINE('',#4242,#938);
#616=LINE('',#4244,#939);
#617=LINE('',#4246,#940);
#618=LINE('',#4247,#941);
#619=LINE('',#4250,#942);
#620=LINE('',#4252,#943);
#621=LINE('',#4253,#944);
#622=LINE('',#4256,#945);
#623=LINE('',#4257,#946);
#624=LINE('',#4260,#947);
#625=LINE('',#4261,#948);
#626=LINE('',#4263,#949);
#627=LINE('',#4268,#950);
#628=LINE('',#4270,#951);
#629=LINE('',#4272,#952);
#630=LINE('',#4273,#953);
#631=LINE('',#4276,#954);
#632=LINE('',#4278,#955);
#633=LINE('',#4279,#956);
#634=LINE('',#4282,#957);
#635=LINE('',#4283,#958);
#636=LINE('',#4286,#959);
#637=LINE('',#4287,#960);
#638=LINE('',#4289,#961);
#639=LINE('',#4294,#962);
#640=LINE('',#4296,#963);
#641=LINE('',#4298,#964);
#642=LINE('',#4299,#965);
#643=LINE('',#4302,#966);
#644=LINE('',#4304,#967);
#645=LINE('',#4305,#968);
#646=LINE('',#4308,#969);
#647=LINE('',#4309,#970);
#648=LINE('',#4312,#971);
#649=LINE('',#4313,#972);
#650=LINE('',#4315,#973);
#651=LINE('',#4320,#974);
#652=LINE('',#4322,#975);
#653=LINE('',#4324,#976);
#654=LINE('',#4325,#977);
#655=LINE('',#4328,#978);
#656=LINE('',#4330,#979);
#657=LINE('',#4331,#980);
#658=LINE('',#4334,#981);
#659=LINE('',#4336,#982);
#660=LINE('',#4337,#983);
#661=LINE('',#4339,#984);
#662=LINE('',#4340,#985);
#663=LINE('',#4348,#986);
#664=LINE('',#4351,#987);
#665=LINE('',#4357,#988);
#666=LINE('',#4363,#989);
#667=LINE('',#4365,#990);
#668=LINE('',#4366,#991);
#669=LINE('',#4372,#992);
#670=LINE('',#4374,#993);
#671=LINE('',#4376,#994);
#672=LINE('',#4377,#995);
#673=LINE('',#4380,#996);
#674=LINE('',#4382,#997);
#675=LINE('',#4383,#998);
#676=LINE('',#4386,#999);
#677=LINE('',#4388,#1000);
#678=LINE('',#4389,#1001);
#679=LINE('',#4391,#1002);
#680=LINE('',#4392,#1003);
#681=LINE('',#4398,#1004);
#682=LINE('',#4400,#1005);
#683=LINE('',#4402,#1006);
#684=LINE('',#4403,#1007);
#685=LINE('',#4406,#1008);
#686=LINE('',#4408,#1009);
#687=LINE('',#4409,#1010);
#688=LINE('',#4412,#1011);
#689=LINE('',#4414,#1012);
#690=LINE('',#4415,#1013);
#691=LINE('',#4417,#1014);
#692=LINE('',#4418,#1015);
#693=LINE('',#4424,#1016);
#694=LINE('',#4426,#1017);
#695=LINE('',#4428,#1018);
#696=LINE('',#4429,#1019);
#697=LINE('',#4432,#1020);
#698=LINE('',#4434,#1021);
#699=LINE('',#4435,#1022);
#700=LINE('',#4438,#1023);
#701=LINE('',#4440,#1024);
#702=LINE('',#4441,#1025);
#703=LINE('',#4443,#1026);
#704=LINE('',#4444,#1027);
#705=LINE('',#4450,#1028);
#706=LINE('',#4452,#1029);
#707=LINE('',#4454,#1030);
#708=LINE('',#4455,#1031);
#709=LINE('',#4458,#1032);
#710=LINE('',#4460,#1033);
#711=LINE('',#4461,#1034);
#712=LINE('',#4464,#1035);
#713=LINE('',#4466,#1036);
#714=LINE('',#4467,#1037);
#715=LINE('',#4469,#1038);
#716=LINE('',#4470,#1039);
#717=VECTOR('',#2769,10.);
#718=VECTOR('',#2770,10.);
#719=VECTOR('',#2771,10.);
#720=VECTOR('',#2772,10.);
#721=VECTOR('',#2775,10.);
#722=VECTOR('',#2776,10.);
#723=VECTOR('',#2777,10.);
#724=VECTOR('',#2778,10.);
#725=VECTOR('',#2779,10.);
#726=VECTOR('',#2780,10.);
#727=VECTOR('',#2781,10.);
#728=VECTOR('',#2782,10.);
#729=VECTOR('',#2783,10.);
#730=VECTOR('',#2784,10.);
#731=VECTOR('',#2785,10.);
#732=VECTOR('',#2786,10.);
#733=VECTOR('',#2789,10.);
#734=VECTOR('',#2790,10.);
#735=VECTOR('',#2791,10.);
#736=VECTOR('',#2792,10.);
#737=VECTOR('',#2793,10.);
#738=VECTOR('',#2794,10.);
#739=VECTOR('',#2795,10.);
#740=VECTOR('',#2796,10.);
#741=VECTOR('',#2797,10.);
#742=VECTOR('',#2798,10.);
#743=VECTOR('',#2799,10.);
#744=VECTOR('',#2800,10.);
#745=VECTOR('',#2801,10.);
#746=VECTOR('',#2802,10.);
#747=VECTOR('',#2805,10.);
#748=VECTOR('',#2806,10.);
#749=VECTOR('',#2807,10.);
#750=VECTOR('',#2808,10.);
#751=VECTOR('',#2811,10.);
#752=VECTOR('',#2812,10.);
#753=VECTOR('',#2813,10.);
#754=VECTOR('',#2816,10.);
#755=VECTOR('',#2817,10.);
#756=VECTOR('',#2818,10.);
#757=VECTOR('',#2821,10.);
#758=VECTOR('',#2822,10.);
#759=VECTOR('',#2825,10.);
#760=VECTOR('',#2826,10.);
#761=VECTOR('',#2827,10.);
#762=VECTOR('',#2828,10.);
#763=VECTOR('',#2831,10.);
#764=VECTOR('',#2832,10.);
#765=VECTOR('',#2833,10.);
#766=VECTOR('',#2836,10.);
#767=VECTOR('',#2837,10.);
#768=VECTOR('',#2838,10.);
#769=VECTOR('',#2841,10.);
#770=VECTOR('',#2842,10.);
#771=VECTOR('',#2845,10.);
#772=VECTOR('',#2846,10.);
#773=VECTOR('',#2847,10.);
#774=VECTOR('',#2848,10.);
#775=VECTOR('',#2851,10.);
#776=VECTOR('',#2852,10.);
#777=VECTOR('',#2853,10.);
#778=VECTOR('',#2854,10.);
#779=VECTOR('',#2855,10.);
#780=VECTOR('',#2856,10.);
#781=VECTOR('',#2857,10.);
#782=VECTOR('',#2858,10.);
#783=VECTOR('',#2859,10.);
#784=VECTOR('',#2860,10.);
#785=VECTOR('',#2861,10.);
#786=VECTOR('',#2862,10.);
#787=VECTOR('',#2863,10.);
#788=VECTOR('',#2866,10.);
#789=VECTOR('',#2867,10.);
#790=VECTOR('',#2870,10.);
#791=VECTOR('',#2871,10.);
#792=VECTOR('',#2874,10.);
#793=VECTOR('',#2877,10.);
#794=VECTOR('',#2878,10.);
#795=VECTOR('',#2879,10.);
#796=VECTOR('',#2882,10.);
#797=VECTOR('',#2883,10.);
#798=VECTOR('',#2886,10.);
#799=VECTOR('',#2887,10.);
#800=VECTOR('',#2890,10.);
#801=VECTOR('',#2895,10.);
#802=VECTOR('',#2896,10.);
#803=VECTOR('',#2897,10.);
#804=VECTOR('',#2898,10.);
#805=VECTOR('',#2899,10.);
#806=VECTOR('',#2900,10.);
#807=VECTOR('',#2901,10.);
#808=VECTOR('',#2902,10.);
#809=VECTOR('',#2903,10.);
#810=VECTOR('',#2904,10.);
#811=VECTOR('',#2905,10.);
#812=VECTOR('',#2906,10.);
#813=VECTOR('',#2907,10.);
#814=VECTOR('',#2908,10.);
#815=VECTOR('',#2911,10.);
#816=VECTOR('',#2912,10.);
#817=VECTOR('',#2913,10.);
#818=VECTOR('',#2914,10.);
#819=VECTOR('',#2915,10.);
#820=VECTOR('',#2916,10.);
#821=VECTOR('',#2917,10.);
#822=VECTOR('',#2924,10.);
#823=VECTOR('',#2925,10.);
#824=VECTOR('',#2928,10.);
#825=VECTOR('',#2929,10.);
#826=VECTOR('',#2930,10.);
#827=VECTOR('',#2931,10.);
#828=VECTOR('',#2932,10.);
#829=VECTOR('',#2935,10.);
#830=VECTOR('',#2936,10.);
#831=VECTOR('',#2939,10.);
#832=VECTOR('',#2940,10.);
#833=VECTOR('',#2943,10.);
#834=VECTOR('',#2944,10.);
#835=VECTOR('',#2955,10.);
#836=VECTOR('',#2960,10.);
#837=VECTOR('',#2961,10.);
#838=VECTOR('',#2962,10.);
#839=VECTOR('',#2963,10.);
#840=VECTOR('',#2964,10.);
#841=VECTOR('',#2967,10.);
#842=VECTOR('',#2968,10.);
#843=VECTOR('',#2971,10.);
#844=VECTOR('',#2988,10.);
#845=VECTOR('',#2993,10.);
#846=VECTOR('',#2996,10.);
#847=VECTOR('',#3001,10.);
#848=VECTOR('',#3004,10.);
#849=VECTOR('',#3005,10.);
#850=VECTOR('',#3008,10.);
#851=VECTOR('',#3009,10.);
#852=VECTOR('',#3010,10.);
#853=VECTOR('',#3011,10.);
#854=VECTOR('',#3014,10.);
#855=VECTOR('',#3015,10.);
#856=VECTOR('',#3016,10.);
#857=VECTOR('',#3019,10.);
#858=VECTOR('',#3020,10.);
#859=VECTOR('',#3021,10.);
#860=VECTOR('',#3024,10.);
#861=VECTOR('',#3025,10.);
#862=VECTOR('',#3028,10.);
#863=VECTOR('',#3029,10.);
#864=VECTOR('',#3030,10.);
#865=VECTOR('',#3031,10.);
#866=VECTOR('',#3034,10.);
#867=VECTOR('',#3035,10.);
#868=VECTOR('',#3036,10.);
#869=VECTOR('',#3039,10.);
#870=VECTOR('',#3040,10.);
#871=VECTOR('',#3041,10.);
#872=VECTOR('',#3044,10.);
#873=VECTOR('',#3045,10.);
#874=VECTOR('',#3048,10.);
#875=VECTOR('',#3049,10.);
#876=VECTOR('',#3050,10.);
#877=VECTOR('',#3051,10.);
#878=VECTOR('',#3054,10.);
#879=VECTOR('',#3055,10.);
#880=VECTOR('',#3056,10.);
#881=VECTOR('',#3059,10.);
#882=VECTOR('',#3060,10.);
#883=VECTOR('',#3061,10.);
#884=VECTOR('',#3064,10.);
#885=VECTOR('',#3065,10.);
#886=VECTOR('',#3068,10.);
#887=VECTOR('',#3069,10.);
#888=VECTOR('',#3070,10.);
#889=VECTOR('',#3071,10.);
#890=VECTOR('',#3074,10.);
#891=VECTOR('',#3075,10.);
#892=VECTOR('',#3076,10.);
#893=VECTOR('',#3079,10.);
#894=VECTOR('',#3080,10.);
#895=VECTOR('',#3081,10.);
#896=VECTOR('',#3084,10.);
#897=VECTOR('',#3085,10.);
#898=VECTOR('',#3088,10.);
#899=VECTOR('',#3089,10.);
#900=VECTOR('',#3090,10.);
#901=VECTOR('',#3091,10.);
#902=VECTOR('',#3094,10.);
#903=VECTOR('',#3095,10.);
#904=VECTOR('',#3096,10.);
#905=VECTOR('',#3099,10.);
#906=VECTOR('',#3100,10.);
#907=VECTOR('',#3101,10.);
#908=VECTOR('',#3104,10.);
#909=VECTOR('',#3105,10.);
#910=VECTOR('',#3108,10.);
#911=VECTOR('',#3109,10.);
#912=VECTOR('',#3110,10.);
#913=VECTOR('',#3111,10.);
#914=VECTOR('',#3114,10.);
#915=VECTOR('',#3115,10.);
#916=VECTOR('',#3116,10.);
#917=VECTOR('',#3119,10.);
#918=VECTOR('',#3120,10.);
#919=VECTOR('',#3123,10.);
#920=VECTOR('',#3124,10.);
#921=VECTOR('',#3125,10.);
#922=VECTOR('',#3126,10.);
#923=VECTOR('',#3129,10.);
#924=VECTOR('',#3132,10.);
#925=VECTOR('',#3135,10.);
#926=VECTOR('',#3140,10.);
#927=VECTOR('',#3141,10.);
#928=VECTOR('',#3142,10.);
#929=VECTOR('',#3143,10.);
#930=VECTOR('',#3146,10.);
#931=VECTOR('',#3147,10.);
#932=VECTOR('',#3148,10.);
#933=VECTOR('',#3151,10.);
#934=VECTOR('',#3152,10.);
#935=VECTOR('',#3153,10.);
#936=VECTOR('',#3156,10.);
#937=VECTOR('',#3157,10.);
#938=VECTOR('',#3164,10.);
#939=VECTOR('',#3165,10.);
#940=VECTOR('',#3166,10.);
#941=VECTOR('',#3167,10.);
#942=VECTOR('',#3170,10.);
#943=VECTOR('',#3171,10.);
#944=VECTOR('',#3172,10.);
#945=VECTOR('',#3175,10.);
#946=VECTOR('',#3176,10.);
#947=VECTOR('',#3179,10.);
#948=VECTOR('',#3180,10.);
#949=VECTOR('',#3183,10.);
#950=VECTOR('',#3188,10.);
#951=VECTOR('',#3189,10.);
#952=VECTOR('',#3190,10.);
#953=VECTOR('',#3191,10.);
#954=VECTOR('',#3194,10.);
#955=VECTOR('',#3195,10.);
#956=VECTOR('',#3196,10.);
#957=VECTOR('',#3199,10.);
#958=VECTOR('',#3200,10.);
#959=VECTOR('',#3203,10.);
#960=VECTOR('',#3204,10.);
#961=VECTOR('',#3207,10.);
#962=VECTOR('',#3212,10.);
#963=VECTOR('',#3213,10.);
#964=VECTOR('',#3214,10.);
#965=VECTOR('',#3215,10.);
#966=VECTOR('',#3218,10.);
#967=VECTOR('',#3219,10.);
#968=VECTOR('',#3220,10.);
#969=VECTOR('',#3223,10.);
#970=VECTOR('',#3224,10.);
#971=VECTOR('',#3227,10.);
#972=VECTOR('',#3228,10.);
#973=VECTOR('',#3231,10.);
#974=VECTOR('',#3236,10.);
#975=VECTOR('',#3237,10.);
#976=VECTOR('',#3238,10.);
#977=VECTOR('',#3239,10.);
#978=VECTOR('',#3242,10.);
#979=VECTOR('',#3243,10.);
#980=VECTOR('',#3244,10.);
#981=VECTOR('',#3247,10.);
#982=VECTOR('',#3248,10.);
#983=VECTOR('',#3249,10.);
#984=VECTOR('',#3252,10.);
#985=VECTOR('',#3253,10.);
#986=VECTOR('',#3262,10.);
#987=VECTOR('',#3265,10.);
#988=VECTOR('',#3272,10.);
#989=VECTOR('',#3279,10.);
#990=VECTOR('',#3282,10.);
#991=VECTOR('',#3283,10.);
#992=VECTOR('',#3290,10.);
#993=VECTOR('',#3291,10.);
#994=VECTOR('',#3292,10.);
#995=VECTOR('',#3293,10.);
#996=VECTOR('',#3296,10.);
#997=VECTOR('',#3297,10.);
#998=VECTOR('',#3298,10.);
#999=VECTOR('',#3301,10.);
#1000=VECTOR('',#3302,10.);
#1001=VECTOR('',#3303,10.);
#1002=VECTOR('',#3306,10.);
#1003=VECTOR('',#3307,10.);
#1004=VECTOR('',#3314,10.);
#1005=VECTOR('',#3315,10.);
#1006=VECTOR('',#3316,10.);
#1007=VECTOR('',#3317,10.);
#1008=VECTOR('',#3320,10.);
#1009=VECTOR('',#3321,10.);
#1010=VECTOR('',#3322,10.);
#1011=VECTOR('',#3325,10.);
#1012=VECTOR('',#3326,10.);
#1013=VECTOR('',#3327,10.);
#1014=VECTOR('',#3330,10.);
#1015=VECTOR('',#3331,10.);
#1016=VECTOR('',#3338,10.);
#1017=VECTOR('',#3339,10.);
#1018=VECTOR('',#3340,10.);
#1019=VECTOR('',#3341,10.);
#1020=VECTOR('',#3344,10.);
#1021=VECTOR('',#3345,10.);
#1022=VECTOR('',#3346,10.);
#1023=VECTOR('',#3349,10.);
#1024=VECTOR('',#3350,10.);
#1025=VECTOR('',#3351,10.);
#1026=VECTOR('',#3354,10.);
#1027=VECTOR('',#3355,10.);
#1028=VECTOR('',#3362,10.);
#1029=VECTOR('',#3363,10.);
#1030=VECTOR('',#3364,10.);
#1031=VECTOR('',#3365,10.);
#1032=VECTOR('',#3368,10.);
#1033=VECTOR('',#3369,10.);
#1034=VECTOR('',#3370,10.);
#1035=VECTOR('',#3373,10.);
#1036=VECTOR('',#3374,10.);
#1037=VECTOR('',#3375,10.);
#1038=VECTOR('',#3378,10.);
#1039=VECTOR('',#3379,10.);
#1040=VERTEX_POINT('',#3386);
#1041=VERTEX_POINT('',#3387);
#1042=VERTEX_POINT('',#3389);
#1043=VERTEX_POINT('',#3391);
#1044=VERTEX_POINT('',#3395);
#1045=VERTEX_POINT('',#3397);
#1046=VERTEX_POINT('',#3399);
#1047=VERTEX_POINT('',#3401);
#1048=VERTEX_POINT('',#3417);
#1049=VERTEX_POINT('',#3419);
#1050=VERTEX_POINT('',#3421);
#1051=VERTEX_POINT('',#3423);
#1052=VERTEX_POINT('',#3439);
#1053=VERTEX_POINT('',#3441);
#1054=VERTEX_POINT('',#3457);
#1055=VERTEX_POINT('',#3468);
#1056=VERTEX_POINT('',#3480);
#1057=VERTEX_POINT('',#3482);
#1058=VERTEX_POINT('',#3498);
#1059=VERTEX_POINT('',#3500);
#1060=VERTEX_POINT('',#3516);
#1061=VERTEX_POINT('',#3518);
#1062=VERTEX_POINT('',#3522);
#1063=VERTEX_POINT('',#3524);
#1064=VERTEX_POINT('',#3526);
#1065=VERTEX_POINT('',#3529);
#1066=VERTEX_POINT('',#3531);
#1067=VERTEX_POINT('',#3533);
#1068=VERTEX_POINT('',#3535);
#1069=VERTEX_POINT('',#3537);
#1070=VERTEX_POINT('',#3539);
#1071=VERTEX_POINT('',#3541);
#1072=VERTEX_POINT('',#3543);
#1073=VERTEX_POINT('',#3545);
#1074=VERTEX_POINT('',#3549);
#1075=VERTEX_POINT('',#3550);
#1076=VERTEX_POINT('',#3552);
#1077=VERTEX_POINT('',#3554);
#1078=VERTEX_POINT('',#3558);
#1079=VERTEX_POINT('',#3560);
#1080=VERTEX_POINT('',#3564);
#1081=VERTEX_POINT('',#3566);
#1082=VERTEX_POINT('',#3573);
#1083=VERTEX_POINT('',#3574);
#1084=VERTEX_POINT('',#3576);
#1085=VERTEX_POINT('',#3578);
#1086=VERTEX_POINT('',#3582);
#1087=VERTEX_POINT('',#3584);
#1088=VERTEX_POINT('',#3588);
#1089=VERTEX_POINT('',#3590);
#1090=VERTEX_POINT('',#3597);
#1091=VERTEX_POINT('',#3598);
#1092=VERTEX_POINT('',#3600);
#1093=VERTEX_POINT('',#3602);
#1094=VERTEX_POINT('',#3606);
#1095=VERTEX_POINT('',#3607);
#1096=VERTEX_POINT('',#3609);
#1097=VERTEX_POINT('',#3611);
#1098=VERTEX_POINT('',#3613);
#1099=VERTEX_POINT('',#3615);
#1100=VERTEX_POINT('',#3618);
#1101=VERTEX_POINT('',#3619);
#1102=VERTEX_POINT('',#3621);
#1103=VERTEX_POINT('',#3623);
#1104=VERTEX_POINT('',#3626);
#1105=VERTEX_POINT('',#3628);
#1106=VERTEX_POINT('',#3632);
#1107=VERTEX_POINT('',#3636);
#1108=VERTEX_POINT('',#3642);
#1109=VERTEX_POINT('',#3644);
#1110=VERTEX_POINT('',#3648);
#1111=VERTEX_POINT('',#3652);
#1112=VERTEX_POINT('',#3659);
#1113=VERTEX_POINT('',#3661);
#1114=VERTEX_POINT('',#3663);
#1115=VERTEX_POINT('',#3665);
#1116=VERTEX_POINT('',#3667);
#1117=VERTEX_POINT('',#3669);
#1118=VERTEX_POINT('',#3671);
#1119=VERTEX_POINT('',#3673);
#1120=VERTEX_POINT('',#3675);
#1121=VERTEX_POINT('',#3677);
#1122=VERTEX_POINT('',#3680);
#1123=VERTEX_POINT('',#3682);
#1124=VERTEX_POINT('',#3686);
#1125=VERTEX_POINT('',#3689);
#1126=VERTEX_POINT('',#3691);
#1127=VERTEX_POINT('',#3694);
#1128=VERTEX_POINT('',#3698);
#1129=VERTEX_POINT('',#3700);
#1130=VERTEX_POINT('',#3733);
#1131=VERTEX_POINT('',#3751);
#1132=VERTEX_POINT('',#3821);
#1133=VERTEX_POINT('',#3854);
#1134=VERTEX_POINT('',#3941);
#1135=VERTEX_POINT('',#3959);
#1136=VERTEX_POINT('',#3963);
#1137=VERTEX_POINT('',#3967);
#1138=VERTEX_POINT('',#4023);
#1139=VERTEX_POINT('',#4025);
#1140=VERTEX_POINT('',#4027);
#1141=VERTEX_POINT('',#4029);
#1142=VERTEX_POINT('',#4039);
#1143=VERTEX_POINT('',#4045);
#1144=VERTEX_POINT('',#4057);
#1145=VERTEX_POINT('',#4061);
#1146=VERTEX_POINT('',#4062);
#1147=VERTEX_POINT('',#4064);
#1148=VERTEX_POINT('',#4066);
#1149=VERTEX_POINT('',#4070);
#1150=VERTEX_POINT('',#4072);
#1151=VERTEX_POINT('',#4076);
#1152=VERTEX_POINT('',#4078);
#1153=VERTEX_POINT('',#4085);
#1154=VERTEX_POINT('',#4086);
#1155=VERTEX_POINT('',#4088);
#1156=VERTEX_POINT('',#4090);
#1157=VERTEX_POINT('',#4094);
#1158=VERTEX_POINT('',#4096);
#1159=VERTEX_POINT('',#4100);
#1160=VERTEX_POINT('',#4102);
#1161=VERTEX_POINT('',#4109);
#1162=VERTEX_POINT('',#4110);
#1163=VERTEX_POINT('',#4112);
#1164=VERTEX_POINT('',#4114);
#1165=VERTEX_POINT('',#4118);
#1166=VERTEX_POINT('',#4120);
#1167=VERTEX_POINT('',#4124);
#1168=VERTEX_POINT('',#4126);
#1169=VERTEX_POINT('',#4133);
#1170=VERTEX_POINT('',#4134);
#1171=VERTEX_POINT('',#4136);
#1172=VERTEX_POINT('',#4138);
#1173=VERTEX_POINT('',#4142);
#1174=VERTEX_POINT('',#4144);
#1175=VERTEX_POINT('',#4148);
#1176=VERTEX_POINT('',#4150);
#1177=VERTEX_POINT('',#4157);
#1178=VERTEX_POINT('',#4158);
#1179=VERTEX_POINT('',#4160);
#1180=VERTEX_POINT('',#4162);
#1181=VERTEX_POINT('',#4166);
#1182=VERTEX_POINT('',#4168);
#1183=VERTEX_POINT('',#4172);
#1184=VERTEX_POINT('',#4174);
#1185=VERTEX_POINT('',#4181);
#1186=VERTEX_POINT('',#4182);
#1187=VERTEX_POINT('',#4184);
#1188=VERTEX_POINT('',#4186);
#1189=VERTEX_POINT('',#4190);
#1190=VERTEX_POINT('',#4192);
#1191=VERTEX_POINT('',#4199);
#1192=VERTEX_POINT('',#4201);
#1193=VERTEX_POINT('',#4203);
#1194=VERTEX_POINT('',#4214);
#1195=VERTEX_POINT('',#4215);
#1196=VERTEX_POINT('',#4217);
#1197=VERTEX_POINT('',#4219);
#1198=VERTEX_POINT('',#4223);
#1199=VERTEX_POINT('',#4225);
#1200=VERTEX_POINT('',#4229);
#1201=VERTEX_POINT('',#4231);
#1202=VERTEX_POINT('',#4240);
#1203=VERTEX_POINT('',#4241);
#1204=VERTEX_POINT('',#4243);
#1205=VERTEX_POINT('',#4245);
#1206=VERTEX_POINT('',#4249);
#1207=VERTEX_POINT('',#4251);
#1208=VERTEX_POINT('',#4255);
#1209=VERTEX_POINT('',#4259);
#1210=VERTEX_POINT('',#4266);
#1211=VERTEX_POINT('',#4267);
#1212=VERTEX_POINT('',#4269);
#1213=VERTEX_POINT('',#4271);
#1214=VERTEX_POINT('',#4275);
#1215=VERTEX_POINT('',#4277);
#1216=VERTEX_POINT('',#4281);
#1217=VERTEX_POINT('',#4285);
#1218=VERTEX_POINT('',#4292);
#1219=VERTEX_POINT('',#4293);
#1220=VERTEX_POINT('',#4295);
#1221=VERTEX_POINT('',#4297);
#1222=VERTEX_POINT('',#4301);
#1223=VERTEX_POINT('',#4303);
#1224=VERTEX_POINT('',#4307);
#1225=VERTEX_POINT('',#4311);
#1226=VERTEX_POINT('',#4318);
#1227=VERTEX_POINT('',#4319);
#1228=VERTEX_POINT('',#4321);
#1229=VERTEX_POINT('',#4323);
#1230=VERTEX_POINT('',#4327);
#1231=VERTEX_POINT('',#4329);
#1232=VERTEX_POINT('',#4333);
#1233=VERTEX_POINT('',#4335);
#1234=VERTEX_POINT('',#4344);
#1235=VERTEX_POINT('',#4345);
#1236=VERTEX_POINT('',#4347);
#1237=VERTEX_POINT('',#4349);
#1238=VERTEX_POINT('',#4353);
#1239=VERTEX_POINT('',#4355);
#1240=VERTEX_POINT('',#4359);
#1241=VERTEX_POINT('',#4361);
#1242=VERTEX_POINT('',#4370);
#1243=VERTEX_POINT('',#4371);
#1244=VERTEX_POINT('',#4373);
#1245=VERTEX_POINT('',#4375);
#1246=VERTEX_POINT('',#4379);
#1247=VERTEX_POINT('',#4381);
#1248=VERTEX_POINT('',#4385);
#1249=VERTEX_POINT('',#4387);
#1250=VERTEX_POINT('',#4396);
#1251=VERTEX_POINT('',#4397);
#1252=VERTEX_POINT('',#4399);
#1253=VERTEX_POINT('',#4401);
#1254=VERTEX_POINT('',#4405);
#1255=VERTEX_POINT('',#4407);
#1256=VERTEX_POINT('',#4411);
#1257=VERTEX_POINT('',#4413);
#1258=VERTEX_POINT('',#4422);
#1259=VERTEX_POINT('',#4423);
#1260=VERTEX_POINT('',#4425);
#1261=VERTEX_POINT('',#4427);
#1262=VERTEX_POINT('',#4431);
#1263=VERTEX_POINT('',#4433);
#1264=VERTEX_POINT('',#4437);
#1265=VERTEX_POINT('',#4439);
#1266=VERTEX_POINT('',#4448);
#1267=VERTEX_POINT('',#4449);
#1268=VERTEX_POINT('',#4451);
#1269=VERTEX_POINT('',#4453);
#1270=VERTEX_POINT('',#4457);
#1271=VERTEX_POINT('',#4459);
#1272=VERTEX_POINT('',#4463);
#1273=VERTEX_POINT('',#4465);
#1274=EDGE_CURVE('',#1040,#1041,#394,.T.);
#1275=EDGE_CURVE('',#1040,#1042,#395,.T.);
#1276=EDGE_CURVE('',#1043,#1042,#396,.T.);
#1277=EDGE_CURVE('',#1041,#1043,#397,.T.);
#1278=EDGE_CURVE('',#1041,#1044,#398,.T.);
#1279=EDGE_CURVE('',#1044,#1045,#399,.T.);
#1280=EDGE_CURVE('',#1045,#1046,#400,.T.);
#1281=EDGE_CURVE('',#1046,#1047,#81,.T.);
#1282=EDGE_CURVE('',#1047,#1048,#401,.T.);
#1283=EDGE_CURVE('',#1048,#1049,#402,.T.);
#1284=EDGE_CURVE('',#1049,#1050,#403,.T.);
#1285=EDGE_CURVE('',#1050,#1051,#82,.T.);
#1286=EDGE_CURVE('',#1051,#1052,#404,.T.);
#1287=EDGE_CURVE('',#1052,#1053,#83,.T.);
#1288=EDGE_CURVE('',#1053,#1054,#84,.T.);
#1289=EDGE_CURVE('',#1054,#1055,#85,.T.);
#1290=EDGE_CURVE('',#1055,#1056,#405,.T.);
#1291=EDGE_CURVE('',#1056,#1057,#86,.T.);
#1292=EDGE_CURVE('',#1057,#1058,#406,.T.);
#1293=EDGE_CURVE('',#1058,#1059,#87,.T.);
#1294=EDGE_CURVE('',#1059,#1060,#407,.T.);
#1295=EDGE_CURVE('',#1060,#1061,#408,.T.);
#1296=EDGE_CURVE('',#1061,#1040,#409,.T.);
#1297=EDGE_CURVE('',#1062,#1060,#410,.T.);
#1298=EDGE_CURVE('',#1063,#1059,#411,.T.);
#1299=EDGE_CURVE('',#1063,#1064,#412,.T.);
#1300=EDGE_CURVE('',#1064,#1056,#413,.T.);
#1301=EDGE_CURVE('',#1065,#1055,#414,.T.);
#1302=EDGE_CURVE('',#1065,#1066,#415,.T.);
#1303=EDGE_CURVE('',#1066,#1067,#416,.T.);
#1304=EDGE_CURVE('',#1067,#1068,#417,.T.);
#1305=EDGE_CURVE('',#1068,#1069,#418,.T.);
#1306=EDGE_CURVE('',#1070,#1069,#419,.T.);
#1307=EDGE_CURVE('',#1071,#1070,#420,.T.);
#1308=EDGE_CURVE('',#1072,#1071,#421,.T.);
#1309=EDGE_CURVE('',#1072,#1073,#422,.T.);
#1310=EDGE_CURVE('',#1073,#1062,#423,.T.);
#1311=EDGE_CURVE('',#1074,#1075,#424,.T.);
#1312=EDGE_CURVE('',#1074,#1076,#425,.T.);
#1313=EDGE_CURVE('',#1077,#1076,#426,.T.);
#1314=EDGE_CURVE('',#1077,#1075,#427,.T.);
#1315=EDGE_CURVE('',#1075,#1078,#428,.T.);
#1316=EDGE_CURVE('',#1079,#1077,#429,.T.);
#1317=EDGE_CURVE('',#1079,#1078,#430,.T.);
#1318=EDGE_CURVE('',#1078,#1080,#431,.T.);
#1319=EDGE_CURVE('',#1081,#1079,#432,.T.);
#1320=EDGE_CURVE('',#1081,#1080,#433,.T.);
#1321=EDGE_CURVE('',#1080,#1074,#434,.T.);
#1322=EDGE_CURVE('',#1076,#1081,#435,.T.);
#1323=EDGE_CURVE('',#1082,#1083,#436,.T.);
#1324=EDGE_CURVE('',#1082,#1084,#437,.T.);
#1325=EDGE_CURVE('',#1085,#1084,#438,.T.);
#1326=EDGE_CURVE('',#1085,#1083,#439,.T.);
#1327=EDGE_CURVE('',#1083,#1086,#440,.T.);
#1328=EDGE_CURVE('',#1087,#1085,#441,.T.);
#1329=EDGE_CURVE('',#1087,#1086,#442,.T.);
#1330=EDGE_CURVE('',#1086,#1088,#443,.T.);
#1331=EDGE_CURVE('',#1089,#1087,#444,.T.);
#1332=EDGE_CURVE('',#1089,#1088,#445,.T.);
#1333=EDGE_CURVE('',#1088,#1082,#446,.T.);
#1334=EDGE_CURVE('',#1084,#1089,#447,.T.);
#1335=EDGE_CURVE('',#1090,#1091,#448,.T.);
#1336=EDGE_CURVE('',#1090,#1092,#449,.T.);
#1337=EDGE_CURVE('',#1093,#1092,#450,.T.);
#1338=EDGE_CURVE('',#1091,#1093,#451,.T.);
#1339=EDGE_CURVE('',#1094,#1095,#452,.T.);
#1340=EDGE_CURVE('',#1095,#1096,#453,.T.);
#1341=EDGE_CURVE('',#1096,#1097,#454,.T.);
#1342=EDGE_CURVE('',#1097,#1098,#455,.T.);
#1343=EDGE_CURVE('',#1098,#1099,#456,.T.);
#1344=EDGE_CURVE('',#1099,#1094,#457,.T.);
#1345=EDGE_CURVE('',#1100,#1101,#458,.T.);
#1346=EDGE_CURVE('',#1102,#1101,#459,.T.);
#1347=EDGE_CURVE('',#1102,#1103,#460,.T.);
#1348=EDGE_CURVE('',#1103,#1100,#461,.T.);
#1349=EDGE_CURVE('',#1104,#1093,#462,.T.);
#1350=EDGE_CURVE('',#1092,#1105,#463,.T.);
#1351=EDGE_CURVE('',#1105,#1104,#464,.T.);
#1352=EDGE_CURVE('',#1106,#1090,#465,.T.);
#1353=EDGE_CURVE('',#1106,#1105,#466,.T.);
#1354=EDGE_CURVE('',#1107,#1106,#467,.T.);
#1355=EDGE_CURVE('',#1107,#1104,#468,.T.);
#1356=EDGE_CURVE('',#1091,#1107,#469,.T.);
#1357=EDGE_CURVE('',#1100,#1108,#470,.T.);
#1358=EDGE_CURVE('',#1109,#1108,#471,.T.);
#1359=EDGE_CURVE('',#1109,#1101,#472,.T.);
#1360=EDGE_CURVE('',#1103,#1110,#473,.T.);
#1361=EDGE_CURVE('',#1108,#1110,#474,.T.);
#1362=EDGE_CURVE('',#1111,#1109,#475,.T.);
#1363=EDGE_CURVE('',#1102,#1111,#476,.T.);
#1364=EDGE_CURVE('',#1110,#1111,#477,.T.);
#1365=EDGE_CURVE('',#1112,#1045,#478,.T.);
#1366=EDGE_CURVE('',#1112,#1113,#479,.T.);
#1367=EDGE_CURVE('',#1114,#1113,#480,.T.);
#1368=EDGE_CURVE('',#1114,#1115,#481,.T.);
#1369=EDGE_CURVE('',#1115,#1116,#482,.T.);
#1370=EDGE_CURVE('',#1117,#1116,#483,.T.);
#1371=EDGE_CURVE('',#1117,#1118,#484,.T.);
#1372=EDGE_CURVE('',#1119,#1118,#485,.T.);
#1373=EDGE_CURVE('',#1120,#1119,#486,.T.);
#1374=EDGE_CURVE('',#1121,#1120,#487,.T.);
#1375=EDGE_CURVE('',#1121,#1052,#488,.T.);
#1376=EDGE_CURVE('',#1122,#1051,#489,.T.);
#1377=EDGE_CURVE('',#1123,#1122,#490,.T.);
#1378=EDGE_CURVE('',#1123,#1046,#491,.T.);
#1379=EDGE_CURVE('',#1042,#1124,#492,.T.);
#1380=EDGE_CURVE('',#1124,#1062,#493,.T.);
#1381=EDGE_CURVE('',#1125,#1073,#494,.T.);
#1382=EDGE_CURVE('',#1125,#1126,#495,.T.);
#1383=EDGE_CURVE('',#1126,#1098,#496,.T.);
#1384=EDGE_CURVE('',#1097,#1127,#497,.T.);
#1385=EDGE_CURVE('',#1043,#1127,#498,.T.);
#1386=EDGE_CURVE('',#1128,#1067,#42,.T.);
#1387=EDGE_CURVE('',#1129,#1066,#43,.T.);
#1388=EDGE_CURVE('',#1129,#1128,#499,.T.);
#1389=EDGE_CURVE('',#1063,#1130,#88,.T.);
#1390=EDGE_CURVE('',#1130,#1058,#500,.T.);
#1391=EDGE_CURVE('',#1130,#1131,#501,.T.);
#1392=EDGE_CURVE('',#1131,#1057,#502,.T.);
#1393=EDGE_CURVE('',#1131,#1064,#89,.T.);
#1394=EDGE_CURVE('',#1065,#1132,#90,.T.);
#1395=EDGE_CURVE('',#1132,#1054,#503,.T.);
#1396=EDGE_CURVE('',#1132,#1133,#91,.T.);
#1397=EDGE_CURVE('',#1133,#1053,#504,.T.);
#1398=EDGE_CURVE('',#1133,#1121,#92,.T.);
#1399=EDGE_CURVE('',#1122,#1134,#93,.T.);
#1400=EDGE_CURVE('',#1134,#1050,#505,.T.);
#1401=EDGE_CURVE('',#1134,#1135,#506,.T.);
#1402=EDGE_CURVE('',#1135,#1049,#507,.T.);
#1403=EDGE_CURVE('',#1135,#1136,#508,.T.);
#1404=EDGE_CURVE('',#1136,#1048,#509,.T.);
#1405=EDGE_CURVE('',#1136,#1137,#510,.T.);
#1406=EDGE_CURVE('',#1137,#1047,#511,.T.);
#1407=EDGE_CURVE('',#1137,#1123,#94,.T.);
#1408=EDGE_CURVE('',#1120,#1129,#44,.T.);
#1409=EDGE_CURVE('',#1061,#1124,#512,.T.);
#1410=EDGE_CURVE('',#1138,#1126,#513,.T.);
#1411=EDGE_CURVE('',#1125,#1139,#514,.T.);
#1412=EDGE_CURVE('',#1140,#1139,#515,.T.);
#1413=EDGE_CURVE('',#1140,#1141,#516,.T.);
#1414=EDGE_CURVE('',#1141,#1138,#517,.T.);
#1415=EDGE_CURVE('',#1094,#1141,#518,.T.);
#1416=EDGE_CURVE('',#1095,#1140,#519,.T.);
#1417=EDGE_CURVE('',#1099,#1138,#520,.T.);
#1418=EDGE_CURVE('',#1142,#1128,#45,.T.);
#1419=EDGE_CURVE('',#1068,#1142,#46,.T.);
#1420=EDGE_CURVE('',#1118,#1119,#47,.T.);
#1421=EDGE_CURVE('',#1143,#1117,#48,.T.);
#1422=EDGE_CURVE('',#1116,#1070,#521,.T.);
#1423=EDGE_CURVE('',#1069,#1143,#49,.T.);
#1424=EDGE_CURVE('',#1142,#1143,#522,.T.);
#1425=EDGE_CURVE('',#1071,#1115,#523,.T.);
#1426=EDGE_CURVE('',#1114,#1072,#524,.T.);
#1427=EDGE_CURVE('',#1096,#1144,#525,.T.);
#1428=EDGE_CURVE('',#1127,#1144,#526,.T.);
#1429=EDGE_CURVE('',#1145,#1146,#527,.T.);
#1430=EDGE_CURVE('',#1147,#1145,#528,.T.);
#1431=EDGE_CURVE('',#1148,#1147,#529,.T.);
#1432=EDGE_CURVE('',#1148,#1146,#530,.T.);
#1433=EDGE_CURVE('',#1149,#1145,#531,.T.);
#1434=EDGE_CURVE('',#1150,#1149,#532,.T.);
#1435=EDGE_CURVE('',#1147,#1150,#533,.T.);
#1436=EDGE_CURVE('',#1146,#1151,#534,.T.);
#1437=EDGE_CURVE('',#1152,#1148,#535,.T.);
#1438=EDGE_CURVE('',#1152,#1151,#536,.T.);
#1439=EDGE_CURVE('',#1151,#1149,#537,.T.);
#1440=EDGE_CURVE('',#1150,#1152,#538,.T.);
#1441=EDGE_CURVE('',#1153,#1154,#539,.T.);
#1442=EDGE_CURVE('',#1155,#1153,#540,.T.);
#1443=EDGE_CURVE('',#1156,#1155,#541,.T.);
#1444=EDGE_CURVE('',#1156,#1154,#542,.T.);
#1445=EDGE_CURVE('',#1157,#1153,#543,.T.);
#1446=EDGE_CURVE('',#1158,#1157,#544,.T.);
#1447=EDGE_CURVE('',#1155,#1158,#545,.T.);
#1448=EDGE_CURVE('',#1154,#1159,#546,.T.);
#1449=EDGE_CURVE('',#1160,#1156,#547,.T.);
#1450=EDGE_CURVE('',#1160,#1159,#548,.T.);
#1451=EDGE_CURVE('',#1159,#1157,#549,.T.);
#1452=EDGE_CURVE('',#1158,#1160,#550,.T.);
#1453=EDGE_CURVE('',#1161,#1162,#551,.T.);
#1454=EDGE_CURVE('',#1163,#1161,#552,.T.);
#1455=EDGE_CURVE('',#1164,#1163,#553,.T.);
#1456=EDGE_CURVE('',#1164,#1162,#554,.T.);
#1457=EDGE_CURVE('',#1165,#1161,#555,.T.);
#1458=EDGE_CURVE('',#1166,#1165,#556,.T.);
#1459=EDGE_CURVE('',#1163,#1166,#557,.T.);
#1460=EDGE_CURVE('',#1162,#1167,#558,.T.);
#1461=EDGE_CURVE('',#1168,#1164,#559,.T.);
#1462=EDGE_CURVE('',#1168,#1167,#560,.T.);
#1463=EDGE_CURVE('',#1167,#1165,#561,.T.);
#1464=EDGE_CURVE('',#1166,#1168,#562,.T.);
#1465=EDGE_CURVE('',#1169,#1170,#563,.T.);
#1466=EDGE_CURVE('',#1171,#1169,#564,.T.);
#1467=EDGE_CURVE('',#1172,#1171,#565,.T.);
#1468=EDGE_CURVE('',#1172,#1170,#566,.T.);
#1469=EDGE_CURVE('',#1173,#1169,#567,.T.);
#1470=EDGE_CURVE('',#1174,#1173,#568,.T.);
#1471=EDGE_CURVE('',#1171,#1174,#569,.T.);
#1472=EDGE_CURVE('',#1170,#1175,#570,.T.);
#1473=EDGE_CURVE('',#1176,#1172,#571,.T.);
#1474=EDGE_CURVE('',#1176,#1175,#572,.T.);
#1475=EDGE_CURVE('',#1175,#1173,#573,.T.);
#1476=EDGE_CURVE('',#1174,#1176,#574,.T.);
#1477=EDGE_CURVE('',#1177,#1178,#575,.T.);
#1478=EDGE_CURVE('',#1179,#1177,#576,.T.);
#1479=EDGE_CURVE('',#1180,#1179,#577,.T.);
#1480=EDGE_CURVE('',#1180,#1178,#578,.T.);
#1481=EDGE_CURVE('',#1181,#1177,#579,.T.);
#1482=EDGE_CURVE('',#1182,#1181,#580,.T.);
#1483=EDGE_CURVE('',#1179,#1182,#581,.T.);
#1484=EDGE_CURVE('',#1178,#1183,#582,.T.);
#1485=EDGE_CURVE('',#1184,#1180,#583,.T.);
#1486=EDGE_CURVE('',#1184,#1183,#584,.T.);
#1487=EDGE_CURVE('',#1183,#1181,#585,.T.);
#1488=EDGE_CURVE('',#1182,#1184,#586,.T.);
#1489=EDGE_CURVE('',#1185,#1186,#587,.T.);
#1490=EDGE_CURVE('',#1187,#1185,#588,.T.);
#1491=EDGE_CURVE('',#1188,#1187,#589,.T.);
#1492=EDGE_CURVE('',#1188,#1186,#590,.T.);
#1493=EDGE_CURVE('',#1186,#1189,#591,.T.);
#1494=EDGE_CURVE('',#1190,#1188,#592,.T.);
#1495=EDGE_CURVE('',#1190,#1189,#593,.T.);
#1496=EDGE_CURVE('',#1189,#1185,#594,.T.);
#1497=EDGE_CURVE('',#1187,#1190,#595,.T.);
#1498=EDGE_CURVE('',#1144,#1191,#596,.T.);
#1499=EDGE_CURVE('',#1191,#1192,#597,.T.);
#1500=EDGE_CURVE('',#1192,#1193,#598,.T.);
#1501=EDGE_CURVE('',#1193,#1044,#599,.T.);
#1502=EDGE_CURVE('',#1112,#1193,#600,.T.);
#1503=EDGE_CURVE('',#1113,#1192,#601,.T.);
#1504=EDGE_CURVE('',#1139,#1191,#602,.T.);
#1505=EDGE_CURVE('',#1194,#1195,#603,.T.);
#1506=EDGE_CURVE('',#1194,#1196,#604,.T.);
#1507=EDGE_CURVE('',#1197,#1196,#605,.T.);
#1508=EDGE_CURVE('',#1195,#1197,#606,.T.);
#1509=EDGE_CURVE('',#1195,#1198,#607,.T.);
#1510=EDGE_CURVE('',#1199,#1197,#608,.T.);
#1511=EDGE_CURVE('',#1198,#1199,#609,.T.);
#1512=EDGE_CURVE('',#1198,#1200,#610,.T.);
#1513=EDGE_CURVE('',#1201,#1199,#611,.T.);
#1514=EDGE_CURVE('',#1200,#1201,#612,.T.);
#1515=EDGE_CURVE('',#1194,#1200,#613,.T.);
#1516=EDGE_CURVE('',#1196,#1201,#614,.T.);
#1517=EDGE_CURVE('',#1202,#1203,#615,.T.);
#1518=EDGE_CURVE('',#1204,#1202,#616,.T.);
#1519=EDGE_CURVE('',#1205,#1204,#617,.T.);
#1520=EDGE_CURVE('',#1203,#1205,#618,.T.);
#1521=EDGE_CURVE('',#1206,#1205,#619,.T.);
#1522=EDGE_CURVE('',#1207,#1206,#620,.T.);
#1523=EDGE_CURVE('',#1207,#1203,#621,.T.);
#1524=EDGE_CURVE('',#1204,#1208,#622,.T.);
#1525=EDGE_CURVE('',#1208,#1206,#623,.T.);
#1526=EDGE_CURVE('',#1209,#1207,#624,.T.);
#1527=EDGE_CURVE('',#1209,#1208,#625,.T.);
#1528=EDGE_CURVE('',#1202,#1209,#626,.T.);
#1529=EDGE_CURVE('',#1210,#1211,#627,.T.);
#1530=EDGE_CURVE('',#1212,#1210,#628,.T.);
#1531=EDGE_CURVE('',#1213,#1212,#629,.T.);
#1532=EDGE_CURVE('',#1211,#1213,#630,.T.);
#1533=EDGE_CURVE('',#1212,#1214,#631,.T.);
#1534=EDGE_CURVE('',#1214,#1215,#632,.T.);
#1535=EDGE_CURVE('',#1215,#1213,#633,.T.);
#1536=EDGE_CURVE('',#1216,#1210,#634,.T.);
#1537=EDGE_CURVE('',#1216,#1214,#635,.T.);
#1538=EDGE_CURVE('',#1217,#1215,#636,.T.);
#1539=EDGE_CURVE('',#1217,#1211,#637,.T.);
#1540=EDGE_CURVE('',#1217,#1216,#638,.T.);
#1541=EDGE_CURVE('',#1218,#1219,#639,.T.);
#1542=EDGE_CURVE('',#1220,#1218,#640,.T.);
#1543=EDGE_CURVE('',#1221,#1220,#641,.T.);
#1544=EDGE_CURVE('',#1219,#1221,#642,.T.);
#1545=EDGE_CURVE('',#1218,#1222,#643,.T.);
#1546=EDGE_CURVE('',#1223,#1222,#644,.T.);
#1547=EDGE_CURVE('',#1220,#1223,#645,.T.);
#1548=EDGE_CURVE('',#1224,#1219,#646,.T.);
#1549=EDGE_CURVE('',#1222,#1224,#647,.T.);
#1550=EDGE_CURVE('',#1225,#1223,#648,.T.);
#1551=EDGE_CURVE('',#1221,#1225,#649,.T.);
#1552=EDGE_CURVE('',#1224,#1225,#650,.T.);
#1553=EDGE_CURVE('',#1226,#1227,#651,.T.);
#1554=EDGE_CURVE('',#1226,#1228,#652,.T.);
#1555=EDGE_CURVE('',#1229,#1228,#653,.T.);
#1556=EDGE_CURVE('',#1227,#1229,#654,.T.);
#1557=EDGE_CURVE('',#1230,#1227,#655,.T.);
#1558=EDGE_CURVE('',#1231,#1229,#656,.T.);
#1559=EDGE_CURVE('',#1230,#1231,#657,.T.);
#1560=EDGE_CURVE('',#1232,#1230,#658,.T.);
#1561=EDGE_CURVE('',#1233,#1231,#659,.T.);
#1562=EDGE_CURVE('',#1232,#1233,#660,.T.);
#1563=EDGE_CURVE('',#1226,#1232,#661,.T.);
#1564=EDGE_CURVE('',#1228,#1233,#662,.T.);
#1565=EDGE_CURVE('',#1234,#1235,#50,.T.);
#1566=EDGE_CURVE('',#1235,#1236,#663,.T.);
#1567=EDGE_CURVE('',#1237,#1236,#51,.T.);
#1568=EDGE_CURVE('',#1234,#1237,#664,.T.);
#1569=EDGE_CURVE('',#1238,#1234,#52,.T.);
#1570=EDGE_CURVE('',#1239,#1237,#53,.T.);
#1571=EDGE_CURVE('',#1238,#1239,#665,.T.);
#1572=EDGE_CURVE('',#1240,#1238,#54,.T.);
#1573=EDGE_CURVE('',#1241,#1239,#55,.T.);
#1574=EDGE_CURVE('',#1240,#1241,#666,.T.);
#1575=EDGE_CURVE('',#1240,#1235,#667,.T.);
#1576=EDGE_CURVE('',#1236,#1241,#668,.T.);
#1577=EDGE_CURVE('',#1242,#1243,#669,.T.);
#1578=EDGE_CURVE('',#1242,#1244,#670,.T.);
#1579=EDGE_CURVE('',#1245,#1244,#671,.T.);
#1580=EDGE_CURVE('',#1243,#1245,#672,.T.);
#1581=EDGE_CURVE('',#1243,#1246,#673,.T.);
#1582=EDGE_CURVE('',#1247,#1245,#674,.T.);
#1583=EDGE_CURVE('',#1246,#1247,#675,.T.);
#1584=EDGE_CURVE('',#1246,#1248,#676,.T.);
#1585=EDGE_CURVE('',#1249,#1247,#677,.T.);
#1586=EDGE_CURVE('',#1248,#1249,#678,.T.);
#1587=EDGE_CURVE('',#1248,#1242,#679,.T.);
#1588=EDGE_CURVE('',#1244,#1249,#680,.T.);
#1589=EDGE_CURVE('',#1250,#1251,#681,.T.);
#1590=EDGE_CURVE('',#1250,#1252,#682,.T.);
#1591=EDGE_CURVE('',#1253,#1252,#683,.T.);
#1592=EDGE_CURVE('',#1251,#1253,#684,.T.);
#1593=EDGE_CURVE('',#1251,#1254,#685,.T.);
#1594=EDGE_CURVE('',#1255,#1253,#686,.T.);
#1595=EDGE_CURVE('',#1254,#1255,#687,.T.);
#1596=EDGE_CURVE('',#1256,#1254,#688,.T.);
#1597=EDGE_CURVE('',#1257,#1255,#689,.T.);
#1598=EDGE_CURVE('',#1256,#1257,#690,.T.);
#1599=EDGE_CURVE('',#1250,#1256,#691,.T.);
#1600=EDGE_CURVE('',#1252,#1257,#692,.T.);
#1601=EDGE_CURVE('',#1258,#1259,#693,.T.);
#1602=EDGE_CURVE('',#1258,#1260,#694,.T.);
#1603=EDGE_CURVE('',#1261,#1260,#695,.T.);
#1604=EDGE_CURVE('',#1259,#1261,#696,.T.);
#1605=EDGE_CURVE('',#1262,#1259,#697,.T.);
#1606=EDGE_CURVE('',#1263,#1261,#698,.T.);
#1607=EDGE_CURVE('',#1262,#1263,#699,.T.);
#1608=EDGE_CURVE('',#1264,#1262,#700,.T.);
#1609=EDGE_CURVE('',#1265,#1263,#701,.T.);
#1610=EDGE_CURVE('',#1264,#1265,#702,.T.);
#1611=EDGE_CURVE('',#1258,#1264,#703,.T.);
#1612=EDGE_CURVE('',#1260,#1265,#704,.T.);
#1613=EDGE_CURVE('',#1266,#1267,#705,.T.);
#1614=EDGE_CURVE('',#1266,#1268,#706,.T.);
#1615=EDGE_CURVE('',#1269,#1268,#707,.T.);
#1616=EDGE_CURVE('',#1267,#1269,#708,.T.);
#1617=EDGE_CURVE('',#1267,#1270,#709,.T.);
#1618=EDGE_CURVE('',#1271,#1269,#710,.T.);
#1619=EDGE_CURVE('',#1270,#1271,#711,.T.);
#1620=EDGE_CURVE('',#1272,#1270,#712,.T.);
#1621=EDGE_CURVE('',#1273,#1271,#713,.T.);
#1622=EDGE_CURVE('',#1272,#1273,#714,.T.);
#1623=EDGE_CURVE('',#1272,#1266,#715,.T.);
#1624=EDGE_CURVE('',#1268,#1273,#716,.T.);
#1625=ORIENTED_EDGE('',*,*,#1274,.F.);
#1626=ORIENTED_EDGE('',*,*,#1275,.T.);
#1627=ORIENTED_EDGE('',*,*,#1276,.F.);
#1628=ORIENTED_EDGE('',*,*,#1277,.F.);
#1629=ORIENTED_EDGE('',*,*,#1274,.T.);
#1630=ORIENTED_EDGE('',*,*,#1278,.T.);
#1631=ORIENTED_EDGE('',*,*,#1279,.T.);
#1632=ORIENTED_EDGE('',*,*,#1280,.T.);
#1633=ORIENTED_EDGE('',*,*,#1281,.T.);
#1634=ORIENTED_EDGE('',*,*,#1282,.T.);
#1635=ORIENTED_EDGE('',*,*,#1283,.T.);
#1636=ORIENTED_EDGE('',*,*,#1284,.T.);
#1637=ORIENTED_EDGE('',*,*,#1285,.T.);
#1638=ORIENTED_EDGE('',*,*,#1286,.T.);
#1639=ORIENTED_EDGE('',*,*,#1287,.T.);
#1640=ORIENTED_EDGE('',*,*,#1288,.T.);
#1641=ORIENTED_EDGE('',*,*,#1289,.T.);
#1642=ORIENTED_EDGE('',*,*,#1290,.T.);
#1643=ORIENTED_EDGE('',*,*,#1291,.T.);
#1644=ORIENTED_EDGE('',*,*,#1292,.T.);
#1645=ORIENTED_EDGE('',*,*,#1293,.T.);
#1646=ORIENTED_EDGE('',*,*,#1294,.T.);
#1647=ORIENTED_EDGE('',*,*,#1295,.T.);
#1648=ORIENTED_EDGE('',*,*,#1296,.T.);
#1649=ORIENTED_EDGE('',*,*,#1297,.T.);
#1650=ORIENTED_EDGE('',*,*,#1294,.F.);
#1651=ORIENTED_EDGE('',*,*,#1298,.F.);
#1652=ORIENTED_EDGE('',*,*,#1299,.T.);
#1653=ORIENTED_EDGE('',*,*,#1300,.T.);
#1654=ORIENTED_EDGE('',*,*,#1290,.F.);
#1655=ORIENTED_EDGE('',*,*,#1301,.F.);
#1656=ORIENTED_EDGE('',*,*,#1302,.T.);
#1657=ORIENTED_EDGE('',*,*,#1303,.T.);
#1658=ORIENTED_EDGE('',*,*,#1304,.T.);
#1659=ORIENTED_EDGE('',*,*,#1305,.T.);
#1660=ORIENTED_EDGE('',*,*,#1306,.F.);
#1661=ORIENTED_EDGE('',*,*,#1307,.F.);
#1662=ORIENTED_EDGE('',*,*,#1308,.F.);
#1663=ORIENTED_EDGE('',*,*,#1309,.T.);
#1664=ORIENTED_EDGE('',*,*,#1310,.T.);
#1665=ORIENTED_EDGE('',*,*,#1311,.F.);
#1666=ORIENTED_EDGE('',*,*,#1312,.T.);
#1667=ORIENTED_EDGE('',*,*,#1313,.F.);
#1668=ORIENTED_EDGE('',*,*,#1314,.T.);
#1669=ORIENTED_EDGE('',*,*,#1315,.F.);
#1670=ORIENTED_EDGE('',*,*,#1314,.F.);
#1671=ORIENTED_EDGE('',*,*,#1316,.F.);
#1672=ORIENTED_EDGE('',*,*,#1317,.T.);
#1673=ORIENTED_EDGE('',*,*,#1318,.F.);
#1674=ORIENTED_EDGE('',*,*,#1317,.F.);
#1675=ORIENTED_EDGE('',*,*,#1319,.F.);
#1676=ORIENTED_EDGE('',*,*,#1320,.T.);
#1677=ORIENTED_EDGE('',*,*,#1321,.F.);
#1678=ORIENTED_EDGE('',*,*,#1320,.F.);
#1679=ORIENTED_EDGE('',*,*,#1322,.F.);
#1680=ORIENTED_EDGE('',*,*,#1312,.F.);
#1681=ORIENTED_EDGE('',*,*,#1323,.F.);
#1682=ORIENTED_EDGE('',*,*,#1324,.T.);
#1683=ORIENTED_EDGE('',*,*,#1325,.F.);
#1684=ORIENTED_EDGE('',*,*,#1326,.T.);
#1685=ORIENTED_EDGE('',*,*,#1327,.F.);
#1686=ORIENTED_EDGE('',*,*,#1326,.F.);
#1687=ORIENTED_EDGE('',*,*,#1328,.F.);
#1688=ORIENTED_EDGE('',*,*,#1329,.T.);
#1689=ORIENTED_EDGE('',*,*,#1330,.F.);
#1690=ORIENTED_EDGE('',*,*,#1329,.F.);
#1691=ORIENTED_EDGE('',*,*,#1331,.F.);
#1692=ORIENTED_EDGE('',*,*,#1332,.T.);
#1693=ORIENTED_EDGE('',*,*,#1333,.F.);
#1694=ORIENTED_EDGE('',*,*,#1332,.F.);
#1695=ORIENTED_EDGE('',*,*,#1334,.F.);
#1696=ORIENTED_EDGE('',*,*,#1324,.F.);
#1697=ORIENTED_EDGE('',*,*,#1335,.F.);
#1698=ORIENTED_EDGE('',*,*,#1336,.T.);
#1699=ORIENTED_EDGE('',*,*,#1337,.F.);
#1700=ORIENTED_EDGE('',*,*,#1338,.F.);
#1701=ORIENTED_EDGE('',*,*,#1339,.T.);
#1702=ORIENTED_EDGE('',*,*,#1340,.T.);
#1703=ORIENTED_EDGE('',*,*,#1341,.T.);
#1704=ORIENTED_EDGE('',*,*,#1342,.T.);
#1705=ORIENTED_EDGE('',*,*,#1343,.T.);
#1706=ORIENTED_EDGE('',*,*,#1344,.T.);
#1707=ORIENTED_EDGE('',*,*,#1318,.T.);
#1708=ORIENTED_EDGE('',*,*,#1321,.T.);
#1709=ORIENTED_EDGE('',*,*,#1311,.T.);
#1710=ORIENTED_EDGE('',*,*,#1315,.T.);
#1711=ORIENTED_EDGE('',*,*,#1330,.T.);
#1712=ORIENTED_EDGE('',*,*,#1333,.T.);
#1713=ORIENTED_EDGE('',*,*,#1323,.T.);
#1714=ORIENTED_EDGE('',*,*,#1327,.T.);
#1715=ORIENTED_EDGE('',*,*,#1345,.T.);
#1716=ORIENTED_EDGE('',*,*,#1346,.F.);
#1717=ORIENTED_EDGE('',*,*,#1347,.T.);
#1718=ORIENTED_EDGE('',*,*,#1348,.T.);
#1719=ORIENTED_EDGE('',*,*,#1349,.T.);
#1720=ORIENTED_EDGE('',*,*,#1337,.T.);
#1721=ORIENTED_EDGE('',*,*,#1350,.T.);
#1722=ORIENTED_EDGE('',*,*,#1351,.T.);
#1723=ORIENTED_EDGE('',*,*,#1350,.F.);
#1724=ORIENTED_EDGE('',*,*,#1336,.F.);
#1725=ORIENTED_EDGE('',*,*,#1352,.F.);
#1726=ORIENTED_EDGE('',*,*,#1353,.T.);
#1727=ORIENTED_EDGE('',*,*,#1351,.F.);
#1728=ORIENTED_EDGE('',*,*,#1353,.F.);
#1729=ORIENTED_EDGE('',*,*,#1354,.F.);
#1730=ORIENTED_EDGE('',*,*,#1355,.T.);
#1731=ORIENTED_EDGE('',*,*,#1349,.F.);
#1732=ORIENTED_EDGE('',*,*,#1355,.F.);
#1733=ORIENTED_EDGE('',*,*,#1356,.F.);
#1734=ORIENTED_EDGE('',*,*,#1338,.T.);
#1735=ORIENTED_EDGE('',*,*,#1345,.F.);
#1736=ORIENTED_EDGE('',*,*,#1357,.T.);
#1737=ORIENTED_EDGE('',*,*,#1358,.F.);
#1738=ORIENTED_EDGE('',*,*,#1359,.T.);
#1739=ORIENTED_EDGE('',*,*,#1348,.F.);
#1740=ORIENTED_EDGE('',*,*,#1360,.T.);
#1741=ORIENTED_EDGE('',*,*,#1361,.F.);
#1742=ORIENTED_EDGE('',*,*,#1357,.F.);
#1743=ORIENTED_EDGE('',*,*,#1346,.T.);
#1744=ORIENTED_EDGE('',*,*,#1359,.F.);
#1745=ORIENTED_EDGE('',*,*,#1362,.F.);
#1746=ORIENTED_EDGE('',*,*,#1363,.F.);
#1747=ORIENTED_EDGE('',*,*,#1362,.T.);
#1748=ORIENTED_EDGE('',*,*,#1358,.T.);
#1749=ORIENTED_EDGE('',*,*,#1361,.T.);
#1750=ORIENTED_EDGE('',*,*,#1364,.T.);
#1751=ORIENTED_EDGE('',*,*,#1347,.F.);
#1752=ORIENTED_EDGE('',*,*,#1363,.T.);
#1753=ORIENTED_EDGE('',*,*,#1364,.F.);
#1754=ORIENTED_EDGE('',*,*,#1360,.F.);
#1755=ORIENTED_EDGE('',*,*,#1365,.F.);
#1756=ORIENTED_EDGE('',*,*,#1366,.T.);
#1757=ORIENTED_EDGE('',*,*,#1367,.F.);
#1758=ORIENTED_EDGE('',*,*,#1368,.T.);
#1759=ORIENTED_EDGE('',*,*,#1369,.T.);
#1760=ORIENTED_EDGE('',*,*,#1370,.F.);
#1761=ORIENTED_EDGE('',*,*,#1371,.T.);
#1762=ORIENTED_EDGE('',*,*,#1372,.F.);
#1763=ORIENTED_EDGE('',*,*,#1373,.F.);
#1764=ORIENTED_EDGE('',*,*,#1374,.F.);
#1765=ORIENTED_EDGE('',*,*,#1375,.T.);
#1766=ORIENTED_EDGE('',*,*,#1286,.F.);
#1767=ORIENTED_EDGE('',*,*,#1376,.F.);
#1768=ORIENTED_EDGE('',*,*,#1377,.F.);
#1769=ORIENTED_EDGE('',*,*,#1378,.T.);
#1770=ORIENTED_EDGE('',*,*,#1280,.F.);
#1771=ORIENTED_EDGE('',*,*,#1319,.T.);
#1772=ORIENTED_EDGE('',*,*,#1316,.T.);
#1773=ORIENTED_EDGE('',*,*,#1313,.T.);
#1774=ORIENTED_EDGE('',*,*,#1322,.T.);
#1775=ORIENTED_EDGE('',*,*,#1331,.T.);
#1776=ORIENTED_EDGE('',*,*,#1328,.T.);
#1777=ORIENTED_EDGE('',*,*,#1325,.T.);
#1778=ORIENTED_EDGE('',*,*,#1334,.T.);
#1779=ORIENTED_EDGE('',*,*,#1356,.T.);
#1780=ORIENTED_EDGE('',*,*,#1354,.T.);
#1781=ORIENTED_EDGE('',*,*,#1352,.T.);
#1782=ORIENTED_EDGE('',*,*,#1335,.T.);
#1783=ORIENTED_EDGE('',*,*,#1276,.T.);
#1784=ORIENTED_EDGE('',*,*,#1379,.T.);
#1785=ORIENTED_EDGE('',*,*,#1380,.T.);
#1786=ORIENTED_EDGE('',*,*,#1310,.F.);
#1787=ORIENTED_EDGE('',*,*,#1381,.F.);
#1788=ORIENTED_EDGE('',*,*,#1382,.T.);
#1789=ORIENTED_EDGE('',*,*,#1383,.T.);
#1790=ORIENTED_EDGE('',*,*,#1342,.F.);
#1791=ORIENTED_EDGE('',*,*,#1384,.T.);
#1792=ORIENTED_EDGE('',*,*,#1385,.F.);
#1793=ORIENTED_EDGE('',*,*,#1386,.T.);
#1794=ORIENTED_EDGE('',*,*,#1303,.F.);
#1795=ORIENTED_EDGE('',*,*,#1387,.F.);
#1796=ORIENTED_EDGE('',*,*,#1388,.T.);
#1797=ORIENTED_EDGE('',*,*,#1389,.F.);
#1798=ORIENTED_EDGE('',*,*,#1298,.T.);
#1799=ORIENTED_EDGE('',*,*,#1293,.F.);
#1800=ORIENTED_EDGE('',*,*,#1390,.F.);
#1801=ORIENTED_EDGE('',*,*,#1391,.F.);
#1802=ORIENTED_EDGE('',*,*,#1390,.T.);
#1803=ORIENTED_EDGE('',*,*,#1292,.F.);
#1804=ORIENTED_EDGE('',*,*,#1392,.F.);
#1805=ORIENTED_EDGE('',*,*,#1393,.F.);
#1806=ORIENTED_EDGE('',*,*,#1392,.T.);
#1807=ORIENTED_EDGE('',*,*,#1291,.F.);
#1808=ORIENTED_EDGE('',*,*,#1300,.F.);
#1809=ORIENTED_EDGE('',*,*,#1394,.F.);
#1810=ORIENTED_EDGE('',*,*,#1301,.T.);
#1811=ORIENTED_EDGE('',*,*,#1289,.F.);
#1812=ORIENTED_EDGE('',*,*,#1395,.F.);
#1813=ORIENTED_EDGE('',*,*,#1396,.F.);
#1814=ORIENTED_EDGE('',*,*,#1395,.T.);
#1815=ORIENTED_EDGE('',*,*,#1288,.F.);
#1816=ORIENTED_EDGE('',*,*,#1397,.F.);
#1817=ORIENTED_EDGE('',*,*,#1398,.F.);
#1818=ORIENTED_EDGE('',*,*,#1397,.T.);
#1819=ORIENTED_EDGE('',*,*,#1287,.F.);
#1820=ORIENTED_EDGE('',*,*,#1375,.F.);
#1821=ORIENTED_EDGE('',*,*,#1399,.F.);
#1822=ORIENTED_EDGE('',*,*,#1376,.T.);
#1823=ORIENTED_EDGE('',*,*,#1285,.F.);
#1824=ORIENTED_EDGE('',*,*,#1400,.F.);
#1825=ORIENTED_EDGE('',*,*,#1401,.F.);
#1826=ORIENTED_EDGE('',*,*,#1400,.T.);
#1827=ORIENTED_EDGE('',*,*,#1284,.F.);
#1828=ORIENTED_EDGE('',*,*,#1402,.F.);
#1829=ORIENTED_EDGE('',*,*,#1403,.F.);
#1830=ORIENTED_EDGE('',*,*,#1402,.T.);
#1831=ORIENTED_EDGE('',*,*,#1283,.F.);
#1832=ORIENTED_EDGE('',*,*,#1404,.F.);
#1833=ORIENTED_EDGE('',*,*,#1405,.F.);
#1834=ORIENTED_EDGE('',*,*,#1404,.T.);
#1835=ORIENTED_EDGE('',*,*,#1282,.F.);
#1836=ORIENTED_EDGE('',*,*,#1406,.F.);
#1837=ORIENTED_EDGE('',*,*,#1407,.F.);
#1838=ORIENTED_EDGE('',*,*,#1406,.T.);
#1839=ORIENTED_EDGE('',*,*,#1281,.F.);
#1840=ORIENTED_EDGE('',*,*,#1378,.F.);
#1841=ORIENTED_EDGE('',*,*,#1393,.T.);
#1842=ORIENTED_EDGE('',*,*,#1299,.F.);
#1843=ORIENTED_EDGE('',*,*,#1389,.T.);
#1844=ORIENTED_EDGE('',*,*,#1391,.T.);
#1845=ORIENTED_EDGE('',*,*,#1398,.T.);
#1846=ORIENTED_EDGE('',*,*,#1374,.T.);
#1847=ORIENTED_EDGE('',*,*,#1408,.T.);
#1848=ORIENTED_EDGE('',*,*,#1387,.T.);
#1849=ORIENTED_EDGE('',*,*,#1302,.F.);
#1850=ORIENTED_EDGE('',*,*,#1394,.T.);
#1851=ORIENTED_EDGE('',*,*,#1396,.T.);
#1852=ORIENTED_EDGE('',*,*,#1399,.T.);
#1853=ORIENTED_EDGE('',*,*,#1401,.T.);
#1854=ORIENTED_EDGE('',*,*,#1403,.T.);
#1855=ORIENTED_EDGE('',*,*,#1405,.T.);
#1856=ORIENTED_EDGE('',*,*,#1407,.T.);
#1857=ORIENTED_EDGE('',*,*,#1377,.T.);
#1858=ORIENTED_EDGE('',*,*,#1379,.F.);
#1859=ORIENTED_EDGE('',*,*,#1275,.F.);
#1860=ORIENTED_EDGE('',*,*,#1296,.F.);
#1861=ORIENTED_EDGE('',*,*,#1409,.T.);
#1862=ORIENTED_EDGE('',*,*,#1380,.F.);
#1863=ORIENTED_EDGE('',*,*,#1409,.F.);
#1864=ORIENTED_EDGE('',*,*,#1295,.F.);
#1865=ORIENTED_EDGE('',*,*,#1297,.F.);
#1866=ORIENTED_EDGE('',*,*,#1410,.T.);
#1867=ORIENTED_EDGE('',*,*,#1382,.F.);
#1868=ORIENTED_EDGE('',*,*,#1411,.T.);
#1869=ORIENTED_EDGE('',*,*,#1412,.F.);
#1870=ORIENTED_EDGE('',*,*,#1413,.T.);
#1871=ORIENTED_EDGE('',*,*,#1414,.T.);
#1872=ORIENTED_EDGE('',*,*,#1339,.F.);
#1873=ORIENTED_EDGE('',*,*,#1415,.T.);
#1874=ORIENTED_EDGE('',*,*,#1413,.F.);
#1875=ORIENTED_EDGE('',*,*,#1416,.F.);
#1876=ORIENTED_EDGE('',*,*,#1344,.F.);
#1877=ORIENTED_EDGE('',*,*,#1417,.T.);
#1878=ORIENTED_EDGE('',*,*,#1414,.F.);
#1879=ORIENTED_EDGE('',*,*,#1415,.F.);
#1880=ORIENTED_EDGE('',*,*,#1343,.F.);
#1881=ORIENTED_EDGE('',*,*,#1383,.F.);
#1882=ORIENTED_EDGE('',*,*,#1410,.F.);
#1883=ORIENTED_EDGE('',*,*,#1417,.F.);
#1884=ORIENTED_EDGE('',*,*,#1418,.F.);
#1885=ORIENTED_EDGE('',*,*,#1419,.F.);
#1886=ORIENTED_EDGE('',*,*,#1304,.F.);
#1887=ORIENTED_EDGE('',*,*,#1386,.F.);
#1888=ORIENTED_EDGE('',*,*,#1420,.T.);
#1889=ORIENTED_EDGE('',*,*,#1372,.T.);
#1890=ORIENTED_EDGE('',*,*,#1421,.T.);
#1891=ORIENTED_EDGE('',*,*,#1370,.T.);
#1892=ORIENTED_EDGE('',*,*,#1422,.T.);
#1893=ORIENTED_EDGE('',*,*,#1306,.T.);
#1894=ORIENTED_EDGE('',*,*,#1423,.T.);
#1895=ORIENTED_EDGE('',*,*,#1419,.T.);
#1896=ORIENTED_EDGE('',*,*,#1424,.T.);
#1897=ORIENTED_EDGE('',*,*,#1423,.F.);
#1898=ORIENTED_EDGE('',*,*,#1305,.F.);
#1899=ORIENTED_EDGE('',*,*,#1425,.F.);
#1900=ORIENTED_EDGE('',*,*,#1307,.T.);
#1901=ORIENTED_EDGE('',*,*,#1422,.F.);
#1902=ORIENTED_EDGE('',*,*,#1369,.F.);
#1903=ORIENTED_EDGE('',*,*,#1418,.T.);
#1904=ORIENTED_EDGE('',*,*,#1388,.F.);
#1905=ORIENTED_EDGE('',*,*,#1408,.F.);
#1906=ORIENTED_EDGE('',*,*,#1373,.T.);
#1907=ORIENTED_EDGE('',*,*,#1420,.F.);
#1908=ORIENTED_EDGE('',*,*,#1371,.F.);
#1909=ORIENTED_EDGE('',*,*,#1421,.F.);
#1910=ORIENTED_EDGE('',*,*,#1424,.F.);
#1911=ORIENTED_EDGE('',*,*,#1426,.T.);
#1912=ORIENTED_EDGE('',*,*,#1308,.T.);
#1913=ORIENTED_EDGE('',*,*,#1425,.T.);
#1914=ORIENTED_EDGE('',*,*,#1368,.F.);
#1915=ORIENTED_EDGE('',*,*,#1341,.F.);
#1916=ORIENTED_EDGE('',*,*,#1427,.T.);
#1917=ORIENTED_EDGE('',*,*,#1428,.F.);
#1918=ORIENTED_EDGE('',*,*,#1384,.F.);
#1919=ORIENTED_EDGE('',*,*,#1429,.F.);
#1920=ORIENTED_EDGE('',*,*,#1430,.F.);
#1921=ORIENTED_EDGE('',*,*,#1431,.F.);
#1922=ORIENTED_EDGE('',*,*,#1432,.T.);
#1923=ORIENTED_EDGE('',*,*,#1433,.F.);
#1924=ORIENTED_EDGE('',*,*,#1434,.F.);
#1925=ORIENTED_EDGE('',*,*,#1435,.F.);
#1926=ORIENTED_EDGE('',*,*,#1430,.T.);
#1927=ORIENTED_EDGE('',*,*,#1436,.F.);
#1928=ORIENTED_EDGE('',*,*,#1432,.F.);
#1929=ORIENTED_EDGE('',*,*,#1437,.F.);
#1930=ORIENTED_EDGE('',*,*,#1438,.T.);
#1931=ORIENTED_EDGE('',*,*,#1439,.F.);
#1932=ORIENTED_EDGE('',*,*,#1438,.F.);
#1933=ORIENTED_EDGE('',*,*,#1440,.F.);
#1934=ORIENTED_EDGE('',*,*,#1434,.T.);
#1935=ORIENTED_EDGE('',*,*,#1441,.F.);
#1936=ORIENTED_EDGE('',*,*,#1442,.F.);
#1937=ORIENTED_EDGE('',*,*,#1443,.F.);
#1938=ORIENTED_EDGE('',*,*,#1444,.T.);
#1939=ORIENTED_EDGE('',*,*,#1445,.F.);
#1940=ORIENTED_EDGE('',*,*,#1446,.F.);
#1941=ORIENTED_EDGE('',*,*,#1447,.F.);
#1942=ORIENTED_EDGE('',*,*,#1442,.T.);
#1943=ORIENTED_EDGE('',*,*,#1448,.F.);
#1944=ORIENTED_EDGE('',*,*,#1444,.F.);
#1945=ORIENTED_EDGE('',*,*,#1449,.F.);
#1946=ORIENTED_EDGE('',*,*,#1450,.T.);
#1947=ORIENTED_EDGE('',*,*,#1451,.F.);
#1948=ORIENTED_EDGE('',*,*,#1450,.F.);
#1949=ORIENTED_EDGE('',*,*,#1452,.F.);
#1950=ORIENTED_EDGE('',*,*,#1446,.T.);
#1951=ORIENTED_EDGE('',*,*,#1453,.F.);
#1952=ORIENTED_EDGE('',*,*,#1454,.F.);
#1953=ORIENTED_EDGE('',*,*,#1455,.F.);
#1954=ORIENTED_EDGE('',*,*,#1456,.T.);
#1955=ORIENTED_EDGE('',*,*,#1457,.F.);
#1956=ORIENTED_EDGE('',*,*,#1458,.F.);
#1957=ORIENTED_EDGE('',*,*,#1459,.F.);
#1958=ORIENTED_EDGE('',*,*,#1454,.T.);
#1959=ORIENTED_EDGE('',*,*,#1460,.F.);
#1960=ORIENTED_EDGE('',*,*,#1456,.F.);
#1961=ORIENTED_EDGE('',*,*,#1461,.F.);
#1962=ORIENTED_EDGE('',*,*,#1462,.T.);
#1963=ORIENTED_EDGE('',*,*,#1463,.F.);
#1964=ORIENTED_EDGE('',*,*,#1462,.F.);
#1965=ORIENTED_EDGE('',*,*,#1464,.F.);
#1966=ORIENTED_EDGE('',*,*,#1458,.T.);
#1967=ORIENTED_EDGE('',*,*,#1465,.F.);
#1968=ORIENTED_EDGE('',*,*,#1466,.F.);
#1969=ORIENTED_EDGE('',*,*,#1467,.F.);
#1970=ORIENTED_EDGE('',*,*,#1468,.T.);
#1971=ORIENTED_EDGE('',*,*,#1469,.F.);
#1972=ORIENTED_EDGE('',*,*,#1470,.F.);
#1973=ORIENTED_EDGE('',*,*,#1471,.F.);
#1974=ORIENTED_EDGE('',*,*,#1466,.T.);
#1975=ORIENTED_EDGE('',*,*,#1472,.F.);
#1976=ORIENTED_EDGE('',*,*,#1468,.F.);
#1977=ORIENTED_EDGE('',*,*,#1473,.F.);
#1978=ORIENTED_EDGE('',*,*,#1474,.T.);
#1979=ORIENTED_EDGE('',*,*,#1475,.F.);
#1980=ORIENTED_EDGE('',*,*,#1474,.F.);
#1981=ORIENTED_EDGE('',*,*,#1476,.F.);
#1982=ORIENTED_EDGE('',*,*,#1470,.T.);
#1983=ORIENTED_EDGE('',*,*,#1477,.F.);
#1984=ORIENTED_EDGE('',*,*,#1478,.F.);
#1985=ORIENTED_EDGE('',*,*,#1479,.F.);
#1986=ORIENTED_EDGE('',*,*,#1480,.T.);
#1987=ORIENTED_EDGE('',*,*,#1481,.F.);
#1988=ORIENTED_EDGE('',*,*,#1482,.F.);
#1989=ORIENTED_EDGE('',*,*,#1483,.F.);
#1990=ORIENTED_EDGE('',*,*,#1478,.T.);
#1991=ORIENTED_EDGE('',*,*,#1484,.F.);
#1992=ORIENTED_EDGE('',*,*,#1480,.F.);
#1993=ORIENTED_EDGE('',*,*,#1485,.F.);
#1994=ORIENTED_EDGE('',*,*,#1486,.T.);
#1995=ORIENTED_EDGE('',*,*,#1487,.F.);
#1996=ORIENTED_EDGE('',*,*,#1486,.F.);
#1997=ORIENTED_EDGE('',*,*,#1488,.F.);
#1998=ORIENTED_EDGE('',*,*,#1482,.T.);
#1999=ORIENTED_EDGE('',*,*,#1489,.F.);
#2000=ORIENTED_EDGE('',*,*,#1490,.F.);
#2001=ORIENTED_EDGE('',*,*,#1491,.F.);
#2002=ORIENTED_EDGE('',*,*,#1492,.T.);
#2003=ORIENTED_EDGE('',*,*,#1493,.F.);
#2004=ORIENTED_EDGE('',*,*,#1492,.F.);
#2005=ORIENTED_EDGE('',*,*,#1494,.F.);
#2006=ORIENTED_EDGE('',*,*,#1495,.T.);
#2007=ORIENTED_EDGE('',*,*,#1496,.F.);
#2008=ORIENTED_EDGE('',*,*,#1495,.F.);
#2009=ORIENTED_EDGE('',*,*,#1497,.F.);
#2010=ORIENTED_EDGE('',*,*,#1490,.T.);
#2011=ORIENTED_EDGE('',*,*,#1277,.T.);
#2012=ORIENTED_EDGE('',*,*,#1385,.T.);
#2013=ORIENTED_EDGE('',*,*,#1428,.T.);
#2014=ORIENTED_EDGE('',*,*,#1498,.T.);
#2015=ORIENTED_EDGE('',*,*,#1499,.T.);
#2016=ORIENTED_EDGE('',*,*,#1500,.T.);
#2017=ORIENTED_EDGE('',*,*,#1501,.T.);
#2018=ORIENTED_EDGE('',*,*,#1278,.F.);
#2019=ORIENTED_EDGE('',*,*,#1365,.T.);
#2020=ORIENTED_EDGE('',*,*,#1279,.F.);
#2021=ORIENTED_EDGE('',*,*,#1501,.F.);
#2022=ORIENTED_EDGE('',*,*,#1502,.F.);
#2023=ORIENTED_EDGE('',*,*,#1366,.F.);
#2024=ORIENTED_EDGE('',*,*,#1502,.T.);
#2025=ORIENTED_EDGE('',*,*,#1500,.F.);
#2026=ORIENTED_EDGE('',*,*,#1503,.F.);
#2027=ORIENTED_EDGE('',*,*,#1436,.T.);
#2028=ORIENTED_EDGE('',*,*,#1439,.T.);
#2029=ORIENTED_EDGE('',*,*,#1433,.T.);
#2030=ORIENTED_EDGE('',*,*,#1429,.T.);
#2031=ORIENTED_EDGE('',*,*,#1448,.T.);
#2032=ORIENTED_EDGE('',*,*,#1451,.T.);
#2033=ORIENTED_EDGE('',*,*,#1445,.T.);
#2034=ORIENTED_EDGE('',*,*,#1441,.T.);
#2035=ORIENTED_EDGE('',*,*,#1460,.T.);
#2036=ORIENTED_EDGE('',*,*,#1463,.T.);
#2037=ORIENTED_EDGE('',*,*,#1457,.T.);
#2038=ORIENTED_EDGE('',*,*,#1453,.T.);
#2039=ORIENTED_EDGE('',*,*,#1472,.T.);
#2040=ORIENTED_EDGE('',*,*,#1475,.T.);
#2041=ORIENTED_EDGE('',*,*,#1469,.T.);
#2042=ORIENTED_EDGE('',*,*,#1465,.T.);
#2043=ORIENTED_EDGE('',*,*,#1484,.T.);
#2044=ORIENTED_EDGE('',*,*,#1487,.T.);
#2045=ORIENTED_EDGE('',*,*,#1481,.T.);
#2046=ORIENTED_EDGE('',*,*,#1477,.T.);
#2047=ORIENTED_EDGE('',*,*,#1493,.T.);
#2048=ORIENTED_EDGE('',*,*,#1496,.T.);
#2049=ORIENTED_EDGE('',*,*,#1489,.T.);
#2050=ORIENTED_EDGE('',*,*,#1367,.T.);
#2051=ORIENTED_EDGE('',*,*,#1503,.T.);
#2052=ORIENTED_EDGE('',*,*,#1499,.F.);
#2053=ORIENTED_EDGE('',*,*,#1504,.F.);
#2054=ORIENTED_EDGE('',*,*,#1411,.F.);
#2055=ORIENTED_EDGE('',*,*,#1381,.T.);
#2056=ORIENTED_EDGE('',*,*,#1309,.F.);
#2057=ORIENTED_EDGE('',*,*,#1426,.F.);
#2058=ORIENTED_EDGE('',*,*,#1412,.T.);
#2059=ORIENTED_EDGE('',*,*,#1504,.T.);
#2060=ORIENTED_EDGE('',*,*,#1498,.F.);
#2061=ORIENTED_EDGE('',*,*,#1427,.F.);
#2062=ORIENTED_EDGE('',*,*,#1340,.F.);
#2063=ORIENTED_EDGE('',*,*,#1416,.T.);
#2064=ORIENTED_EDGE('',*,*,#1437,.T.);
#2065=ORIENTED_EDGE('',*,*,#1431,.T.);
#2066=ORIENTED_EDGE('',*,*,#1435,.T.);
#2067=ORIENTED_EDGE('',*,*,#1440,.T.);
#2068=ORIENTED_EDGE('',*,*,#1449,.T.);
#2069=ORIENTED_EDGE('',*,*,#1443,.T.);
#2070=ORIENTED_EDGE('',*,*,#1447,.T.);
#2071=ORIENTED_EDGE('',*,*,#1452,.T.);
#2072=ORIENTED_EDGE('',*,*,#1461,.T.);
#2073=ORIENTED_EDGE('',*,*,#1455,.T.);
#2074=ORIENTED_EDGE('',*,*,#1459,.T.);
#2075=ORIENTED_EDGE('',*,*,#1464,.T.);
#2076=ORIENTED_EDGE('',*,*,#1473,.T.);
#2077=ORIENTED_EDGE('',*,*,#1467,.T.);
#2078=ORIENTED_EDGE('',*,*,#1471,.T.);
#2079=ORIENTED_EDGE('',*,*,#1476,.T.);
#2080=ORIENTED_EDGE('',*,*,#1485,.T.);
#2081=ORIENTED_EDGE('',*,*,#1479,.T.);
#2082=ORIENTED_EDGE('',*,*,#1483,.T.);
#2083=ORIENTED_EDGE('',*,*,#1488,.T.);
#2084=ORIENTED_EDGE('',*,*,#1494,.T.);
#2085=ORIENTED_EDGE('',*,*,#1491,.T.);
#2086=ORIENTED_EDGE('',*,*,#1497,.T.);
#2087=ORIENTED_EDGE('',*,*,#1505,.F.);
#2088=ORIENTED_EDGE('',*,*,#1506,.T.);
#2089=ORIENTED_EDGE('',*,*,#1507,.F.);
#2090=ORIENTED_EDGE('',*,*,#1508,.F.);
#2091=ORIENTED_EDGE('',*,*,#1509,.F.);
#2092=ORIENTED_EDGE('',*,*,#1508,.T.);
#2093=ORIENTED_EDGE('',*,*,#1510,.F.);
#2094=ORIENTED_EDGE('',*,*,#1511,.F.);
#2095=ORIENTED_EDGE('',*,*,#1512,.F.);
#2096=ORIENTED_EDGE('',*,*,#1511,.T.);
#2097=ORIENTED_EDGE('',*,*,#1513,.F.);
#2098=ORIENTED_EDGE('',*,*,#1514,.F.);
#2099=ORIENTED_EDGE('',*,*,#1515,.T.);
#2100=ORIENTED_EDGE('',*,*,#1514,.T.);
#2101=ORIENTED_EDGE('',*,*,#1516,.F.);
#2102=ORIENTED_EDGE('',*,*,#1506,.F.);
#2103=ORIENTED_EDGE('',*,*,#1516,.T.);
#2104=ORIENTED_EDGE('',*,*,#1513,.T.);
#2105=ORIENTED_EDGE('',*,*,#1510,.T.);
#2106=ORIENTED_EDGE('',*,*,#1507,.T.);
#2107=ORIENTED_EDGE('',*,*,#1515,.F.);
#2108=ORIENTED_EDGE('',*,*,#1505,.T.);
#2109=ORIENTED_EDGE('',*,*,#1509,.T.);
#2110=ORIENTED_EDGE('',*,*,#1512,.T.);
#2111=ORIENTED_EDGE('',*,*,#1517,.F.);
#2112=ORIENTED_EDGE('',*,*,#1518,.F.);
#2113=ORIENTED_EDGE('',*,*,#1519,.F.);
#2114=ORIENTED_EDGE('',*,*,#1520,.F.);
#2115=ORIENTED_EDGE('',*,*,#1520,.T.);
#2116=ORIENTED_EDGE('',*,*,#1521,.F.);
#2117=ORIENTED_EDGE('',*,*,#1522,.F.);
#2118=ORIENTED_EDGE('',*,*,#1523,.T.);
#2119=ORIENTED_EDGE('',*,*,#1519,.T.);
#2120=ORIENTED_EDGE('',*,*,#1524,.T.);
#2121=ORIENTED_EDGE('',*,*,#1525,.T.);
#2122=ORIENTED_EDGE('',*,*,#1521,.T.);
#2123=ORIENTED_EDGE('',*,*,#1526,.T.);
#2124=ORIENTED_EDGE('',*,*,#1522,.T.);
#2125=ORIENTED_EDGE('',*,*,#1525,.F.);
#2126=ORIENTED_EDGE('',*,*,#1527,.F.);
#2127=ORIENTED_EDGE('',*,*,#1518,.T.);
#2128=ORIENTED_EDGE('',*,*,#1528,.T.);
#2129=ORIENTED_EDGE('',*,*,#1527,.T.);
#2130=ORIENTED_EDGE('',*,*,#1524,.F.);
#2131=ORIENTED_EDGE('',*,*,#1517,.T.);
#2132=ORIENTED_EDGE('',*,*,#1523,.F.);
#2133=ORIENTED_EDGE('',*,*,#1526,.F.);
#2134=ORIENTED_EDGE('',*,*,#1528,.F.);
#2135=ORIENTED_EDGE('',*,*,#1529,.F.);
#2136=ORIENTED_EDGE('',*,*,#1530,.F.);
#2137=ORIENTED_EDGE('',*,*,#1531,.F.);
#2138=ORIENTED_EDGE('',*,*,#1532,.F.);
#2139=ORIENTED_EDGE('',*,*,#1531,.T.);
#2140=ORIENTED_EDGE('',*,*,#1533,.T.);
#2141=ORIENTED_EDGE('',*,*,#1534,.T.);
#2142=ORIENTED_EDGE('',*,*,#1535,.T.);
#2143=ORIENTED_EDGE('',*,*,#1530,.T.);
#2144=ORIENTED_EDGE('',*,*,#1536,.F.);
#2145=ORIENTED_EDGE('',*,*,#1537,.T.);
#2146=ORIENTED_EDGE('',*,*,#1533,.F.);
#2147=ORIENTED_EDGE('',*,*,#1532,.T.);
#2148=ORIENTED_EDGE('',*,*,#1535,.F.);
#2149=ORIENTED_EDGE('',*,*,#1538,.F.);
#2150=ORIENTED_EDGE('',*,*,#1539,.T.);
#2151=ORIENTED_EDGE('',*,*,#1540,.F.);
#2152=ORIENTED_EDGE('',*,*,#1538,.T.);
#2153=ORIENTED_EDGE('',*,*,#1534,.F.);
#2154=ORIENTED_EDGE('',*,*,#1537,.F.);
#2155=ORIENTED_EDGE('',*,*,#1529,.T.);
#2156=ORIENTED_EDGE('',*,*,#1539,.F.);
#2157=ORIENTED_EDGE('',*,*,#1540,.T.);
#2158=ORIENTED_EDGE('',*,*,#1536,.T.);
#2159=ORIENTED_EDGE('',*,*,#1541,.F.);
#2160=ORIENTED_EDGE('',*,*,#1542,.F.);
#2161=ORIENTED_EDGE('',*,*,#1543,.F.);
#2162=ORIENTED_EDGE('',*,*,#1544,.F.);
#2163=ORIENTED_EDGE('',*,*,#1542,.T.);
#2164=ORIENTED_EDGE('',*,*,#1545,.T.);
#2165=ORIENTED_EDGE('',*,*,#1546,.F.);
#2166=ORIENTED_EDGE('',*,*,#1547,.F.);
#2167=ORIENTED_EDGE('',*,*,#1541,.T.);
#2168=ORIENTED_EDGE('',*,*,#1548,.F.);
#2169=ORIENTED_EDGE('',*,*,#1549,.F.);
#2170=ORIENTED_EDGE('',*,*,#1545,.F.);
#2171=ORIENTED_EDGE('',*,*,#1543,.T.);
#2172=ORIENTED_EDGE('',*,*,#1547,.T.);
#2173=ORIENTED_EDGE('',*,*,#1550,.F.);
#2174=ORIENTED_EDGE('',*,*,#1551,.F.);
#2175=ORIENTED_EDGE('',*,*,#1544,.T.);
#2176=ORIENTED_EDGE('',*,*,#1551,.T.);
#2177=ORIENTED_EDGE('',*,*,#1552,.F.);
#2178=ORIENTED_EDGE('',*,*,#1548,.T.);
#2179=ORIENTED_EDGE('',*,*,#1549,.T.);
#2180=ORIENTED_EDGE('',*,*,#1552,.T.);
#2181=ORIENTED_EDGE('',*,*,#1550,.T.);
#2182=ORIENTED_EDGE('',*,*,#1546,.T.);
#2183=ORIENTED_EDGE('',*,*,#1553,.F.);
#2184=ORIENTED_EDGE('',*,*,#1554,.T.);
#2185=ORIENTED_EDGE('',*,*,#1555,.F.);
#2186=ORIENTED_EDGE('',*,*,#1556,.F.);
#2187=ORIENTED_EDGE('',*,*,#1557,.T.);
#2188=ORIENTED_EDGE('',*,*,#1556,.T.);
#2189=ORIENTED_EDGE('',*,*,#1558,.F.);
#2190=ORIENTED_EDGE('',*,*,#1559,.F.);
#2191=ORIENTED_EDGE('',*,*,#1560,.T.);
#2192=ORIENTED_EDGE('',*,*,#1559,.T.);
#2193=ORIENTED_EDGE('',*,*,#1561,.F.);
#2194=ORIENTED_EDGE('',*,*,#1562,.F.);
#2195=ORIENTED_EDGE('',*,*,#1563,.T.);
#2196=ORIENTED_EDGE('',*,*,#1562,.T.);
#2197=ORIENTED_EDGE('',*,*,#1564,.F.);
#2198=ORIENTED_EDGE('',*,*,#1554,.F.);
#2199=ORIENTED_EDGE('',*,*,#1564,.T.);
#2200=ORIENTED_EDGE('',*,*,#1561,.T.);
#2201=ORIENTED_EDGE('',*,*,#1558,.T.);
#2202=ORIENTED_EDGE('',*,*,#1555,.T.);
#2203=ORIENTED_EDGE('',*,*,#1563,.F.);
#2204=ORIENTED_EDGE('',*,*,#1553,.T.);
#2205=ORIENTED_EDGE('',*,*,#1557,.F.);
#2206=ORIENTED_EDGE('',*,*,#1560,.F.);
#2207=ORIENTED_EDGE('',*,*,#1565,.T.);
#2208=ORIENTED_EDGE('',*,*,#1566,.T.);
#2209=ORIENTED_EDGE('',*,*,#1567,.F.);
#2210=ORIENTED_EDGE('',*,*,#1568,.F.);
#2211=ORIENTED_EDGE('',*,*,#1569,.T.);
#2212=ORIENTED_EDGE('',*,*,#1568,.T.);
#2213=ORIENTED_EDGE('',*,*,#1570,.F.);
#2214=ORIENTED_EDGE('',*,*,#1571,.F.);
#2215=ORIENTED_EDGE('',*,*,#1572,.T.);
#2216=ORIENTED_EDGE('',*,*,#1571,.T.);
#2217=ORIENTED_EDGE('',*,*,#1573,.F.);
#2218=ORIENTED_EDGE('',*,*,#1574,.F.);
#2219=ORIENTED_EDGE('',*,*,#1575,.F.);
#2220=ORIENTED_EDGE('',*,*,#1574,.T.);
#2221=ORIENTED_EDGE('',*,*,#1576,.F.);
#2222=ORIENTED_EDGE('',*,*,#1566,.F.);
#2223=ORIENTED_EDGE('',*,*,#1575,.T.);
#2224=ORIENTED_EDGE('',*,*,#1565,.F.);
#2225=ORIENTED_EDGE('',*,*,#1569,.F.);
#2226=ORIENTED_EDGE('',*,*,#1572,.F.);
#2227=ORIENTED_EDGE('',*,*,#1576,.T.);
#2228=ORIENTED_EDGE('',*,*,#1573,.T.);
#2229=ORIENTED_EDGE('',*,*,#1570,.T.);
#2230=ORIENTED_EDGE('',*,*,#1567,.T.);
#2231=ORIENTED_EDGE('',*,*,#1577,.F.);
#2232=ORIENTED_EDGE('',*,*,#1578,.T.);
#2233=ORIENTED_EDGE('',*,*,#1579,.F.);
#2234=ORIENTED_EDGE('',*,*,#1580,.F.);
#2235=ORIENTED_EDGE('',*,*,#1581,.F.);
#2236=ORIENTED_EDGE('',*,*,#1580,.T.);
#2237=ORIENTED_EDGE('',*,*,#1582,.F.);
#2238=ORIENTED_EDGE('',*,*,#1583,.F.);
#2239=ORIENTED_EDGE('',*,*,#1584,.F.);
#2240=ORIENTED_EDGE('',*,*,#1583,.T.);
#2241=ORIENTED_EDGE('',*,*,#1585,.F.);
#2242=ORIENTED_EDGE('',*,*,#1586,.F.);
#2243=ORIENTED_EDGE('',*,*,#1587,.F.);
#2244=ORIENTED_EDGE('',*,*,#1586,.T.);
#2245=ORIENTED_EDGE('',*,*,#1588,.F.);
#2246=ORIENTED_EDGE('',*,*,#1578,.F.);
#2247=ORIENTED_EDGE('',*,*,#1588,.T.);
#2248=ORIENTED_EDGE('',*,*,#1585,.T.);
#2249=ORIENTED_EDGE('',*,*,#1582,.T.);
#2250=ORIENTED_EDGE('',*,*,#1579,.T.);
#2251=ORIENTED_EDGE('',*,*,#1587,.T.);
#2252=ORIENTED_EDGE('',*,*,#1577,.T.);
#2253=ORIENTED_EDGE('',*,*,#1581,.T.);
#2254=ORIENTED_EDGE('',*,*,#1584,.T.);
#2255=ORIENTED_EDGE('',*,*,#1589,.F.);
#2256=ORIENTED_EDGE('',*,*,#1590,.T.);
#2257=ORIENTED_EDGE('',*,*,#1591,.F.);
#2258=ORIENTED_EDGE('',*,*,#1592,.F.);
#2259=ORIENTED_EDGE('',*,*,#1593,.F.);
#2260=ORIENTED_EDGE('',*,*,#1592,.T.);
#2261=ORIENTED_EDGE('',*,*,#1594,.F.);
#2262=ORIENTED_EDGE('',*,*,#1595,.F.);
#2263=ORIENTED_EDGE('',*,*,#1596,.T.);
#2264=ORIENTED_EDGE('',*,*,#1595,.T.);
#2265=ORIENTED_EDGE('',*,*,#1597,.F.);
#2266=ORIENTED_EDGE('',*,*,#1598,.F.);
#2267=ORIENTED_EDGE('',*,*,#1599,.T.);
#2268=ORIENTED_EDGE('',*,*,#1598,.T.);
#2269=ORIENTED_EDGE('',*,*,#1600,.F.);
#2270=ORIENTED_EDGE('',*,*,#1590,.F.);
#2271=ORIENTED_EDGE('',*,*,#1600,.T.);
#2272=ORIENTED_EDGE('',*,*,#1597,.T.);
#2273=ORIENTED_EDGE('',*,*,#1594,.T.);
#2274=ORIENTED_EDGE('',*,*,#1591,.T.);
#2275=ORIENTED_EDGE('',*,*,#1599,.F.);
#2276=ORIENTED_EDGE('',*,*,#1589,.T.);
#2277=ORIENTED_EDGE('',*,*,#1593,.T.);
#2278=ORIENTED_EDGE('',*,*,#1596,.F.);
#2279=ORIENTED_EDGE('',*,*,#1601,.F.);
#2280=ORIENTED_EDGE('',*,*,#1602,.T.);
#2281=ORIENTED_EDGE('',*,*,#1603,.F.);
#2282=ORIENTED_EDGE('',*,*,#1604,.F.);
#2283=ORIENTED_EDGE('',*,*,#1605,.T.);
#2284=ORIENTED_EDGE('',*,*,#1604,.T.);
#2285=ORIENTED_EDGE('',*,*,#1606,.F.);
#2286=ORIENTED_EDGE('',*,*,#1607,.F.);
#2287=ORIENTED_EDGE('',*,*,#1608,.T.);
#2288=ORIENTED_EDGE('',*,*,#1607,.T.);
#2289=ORIENTED_EDGE('',*,*,#1609,.F.);
#2290=ORIENTED_EDGE('',*,*,#1610,.F.);
#2291=ORIENTED_EDGE('',*,*,#1611,.T.);
#2292=ORIENTED_EDGE('',*,*,#1610,.T.);
#2293=ORIENTED_EDGE('',*,*,#1612,.F.);
#2294=ORIENTED_EDGE('',*,*,#1602,.F.);
#2295=ORIENTED_EDGE('',*,*,#1612,.T.);
#2296=ORIENTED_EDGE('',*,*,#1609,.T.);
#2297=ORIENTED_EDGE('',*,*,#1606,.T.);
#2298=ORIENTED_EDGE('',*,*,#1603,.T.);
#2299=ORIENTED_EDGE('',*,*,#1611,.F.);
#2300=ORIENTED_EDGE('',*,*,#1601,.T.);
#2301=ORIENTED_EDGE('',*,*,#1605,.F.);
#2302=ORIENTED_EDGE('',*,*,#1608,.F.);
#2303=ORIENTED_EDGE('',*,*,#1613,.F.);
#2304=ORIENTED_EDGE('',*,*,#1614,.T.);
#2305=ORIENTED_EDGE('',*,*,#1615,.F.);
#2306=ORIENTED_EDGE('',*,*,#1616,.F.);
#2307=ORIENTED_EDGE('',*,*,#1617,.F.);
#2308=ORIENTED_EDGE('',*,*,#1616,.T.);
#2309=ORIENTED_EDGE('',*,*,#1618,.F.);
#2310=ORIENTED_EDGE('',*,*,#1619,.F.);
#2311=ORIENTED_EDGE('',*,*,#1620,.T.);
#2312=ORIENTED_EDGE('',*,*,#1619,.T.);
#2313=ORIENTED_EDGE('',*,*,#1621,.F.);
#2314=ORIENTED_EDGE('',*,*,#1622,.F.);
#2315=ORIENTED_EDGE('',*,*,#1623,.F.);
#2316=ORIENTED_EDGE('',*,*,#1622,.T.);
#2317=ORIENTED_EDGE('',*,*,#1624,.F.);
#2318=ORIENTED_EDGE('',*,*,#1614,.F.);
#2319=ORIENTED_EDGE('',*,*,#1624,.T.);
#2320=ORIENTED_EDGE('',*,*,#1621,.T.);
#2321=ORIENTED_EDGE('',*,*,#1618,.T.);
#2322=ORIENTED_EDGE('',*,*,#1615,.T.);
#2323=ORIENTED_EDGE('',*,*,#1623,.T.);
#2324=ORIENTED_EDGE('',*,*,#1613,.T.);
#2325=ORIENTED_EDGE('',*,*,#1617,.T.);
#2326=ORIENTED_EDGE('',*,*,#1620,.F.);
#2327=PLANE('',#2618);
#2328=PLANE('',#2619);
#2329=PLANE('',#2620);
#2330=PLANE('',#2621);
#2331=PLANE('',#2622);
#2332=PLANE('',#2623);
#2333=PLANE('',#2624);
#2334=PLANE('',#2625);
#2335=PLANE('',#2626);
#2336=PLANE('',#2627);
#2337=PLANE('',#2628);
#2338=PLANE('',#2629);
#2339=PLANE('',#2630);
#2340=PLANE('',#2631);
#2341=PLANE('',#2632);
#2342=PLANE('',#2633);
#2343=PLANE('',#2634);
#2344=PLANE('',#2635);
#2345=PLANE('',#2636);
#2346=PLANE('',#2637);
#2347=PLANE('',#2638);
#2348=PLANE('',#2639);
#2349=PLANE('',#2640);
#2350=PLANE('',#2644);
#2351=PLANE('',#2645);
#2352=PLANE('',#2646);
#2353=PLANE('',#2647);
#2354=PLANE('',#2648);
#2355=PLANE('',#2649);
#2356=PLANE('',#2651);
#2357=PLANE('',#2652);
#2358=PLANE('',#2653);
#2359=PLANE('',#2654);
#2360=PLANE('',#2655);
#2361=PLANE('',#2656);
#2362=PLANE('',#2657);
#2363=PLANE('',#2658);
#2364=PLANE('',#2661);
#2365=PLANE('',#2663);
#2366=PLANE('',#2667);
#2367=PLANE('',#2669);
#2368=PLANE('',#2670);
#2369=PLANE('',#2671);
#2370=PLANE('',#2672);
#2371=PLANE('',#2673);
#2372=PLANE('',#2674);
#2373=PLANE('',#2675);
#2374=PLANE('',#2676);
#2375=PLANE('',#2677);
#2376=PLANE('',#2678);
#2377=PLANE('',#2679);
#2378=PLANE('',#2680);
#2379=PLANE('',#2681);
#2380=PLANE('',#2682);
#2381=PLANE('',#2683);
#2382=PLANE('',#2684);
#2383=PLANE('',#2685);
#2384=PLANE('',#2686);
#2385=PLANE('',#2687);
#2386=PLANE('',#2688);
#2387=PLANE('',#2689);
#2388=PLANE('',#2690);
#2389=PLANE('',#2691);
#2390=PLANE('',#2692);
#2391=PLANE('',#2693);
#2392=PLANE('',#2694);
#2393=PLANE('',#2695);
#2394=PLANE('',#2696);
#2395=PLANE('',#2697);
#2396=PLANE('',#2698);
#2397=PLANE('',#2699);
#2398=PLANE('',#2700);
#2399=PLANE('',#2701);
#2400=PLANE('',#2702);
#2401=PLANE('',#2703);
#2402=PLANE('',#2704);
#2403=PLANE('',#2705);
#2404=PLANE('',#2706);
#2405=PLANE('',#2707);
#2406=PLANE('',#2708);
#2407=PLANE('',#2709);
#2408=PLANE('',#2710);
#2409=PLANE('',#2711);
#2410=PLANE('',#2712);
#2411=PLANE('',#2713);
#2412=PLANE('',#2714);
#2413=PLANE('',#2715);
#2414=PLANE('',#2716);
#2415=PLANE('',#2717);
#2416=PLANE('',#2718);
#2417=PLANE('',#2719);
#2418=PLANE('',#2720);
#2419=PLANE('',#2721);
#2420=PLANE('',#2722);
#2421=PLANE('',#2723);
#2422=PLANE('',#2724);
#2423=PLANE('',#2725);
#2424=PLANE('',#2726);
#2425=PLANE('',#2727);
#2426=PLANE('',#2728);
#2427=PLANE('',#2738);
#2428=PLANE('',#2739);
#2429=PLANE('',#2740);
#2430=PLANE('',#2741);
#2431=PLANE('',#2742);
#2432=PLANE('',#2743);
#2433=PLANE('',#2744);
#2434=PLANE('',#2745);
#2435=PLANE('',#2746);
#2436=PLANE('',#2747);
#2437=PLANE('',#2748);
#2438=PLANE('',#2749);
#2439=PLANE('',#2750);
#2440=PLANE('',#2751);
#2441=PLANE('',#2752);
#2442=PLANE('',#2753);
#2443=PLANE('',#2754);
#2444=PLANE('',#2755);
#2445=PLANE('',#2756);
#2446=PLANE('',#2757);
#2447=PLANE('',#2758);
#2448=PLANE('',#2759);
#2449=PLANE('',#2760);
#2450=PLANE('',#2761);
#2451=PLANE('',#2762);
#2452=PLANE('',#2763);
#2453=PLANE('',#2764);
#2454=ADVANCED_FACE('',(#95),#2327,.F.);
#2455=ADVANCED_FACE('',(#96),#2328,.F.);
#2456=ADVANCED_FACE('',(#97),#2329,.T.);
#2457=ADVANCED_FACE('',(#98),#2330,.F.);
#2458=ADVANCED_FACE('',(#99),#2331,.F.);
#2459=ADVANCED_FACE('',(#100),#2332,.F.);
#2460=ADVANCED_FACE('',(#101),#2333,.F.);
#2461=ADVANCED_FACE('',(#102),#2334,.F.);
#2462=ADVANCED_FACE('',(#103),#2335,.F.);
#2463=ADVANCED_FACE('',(#104),#2336,.F.);
#2464=ADVANCED_FACE('',(#105),#2337,.F.);
#2465=ADVANCED_FACE('',(#106),#2338,.F.);
#2466=ADVANCED_FACE('',(#107,#62,#63,#64,#65),#2339,.T.);
#2467=ADVANCED_FACE('',(#108),#2340,.F.);
#2468=ADVANCED_FACE('',(#109),#2341,.F.);
#2469=ADVANCED_FACE('',(#110),#2342,.F.);
#2470=ADVANCED_FACE('',(#111),#2343,.T.);
#2471=ADVANCED_FACE('',(#112),#2344,.T.);
#2472=ADVANCED_FACE('',(#113),#2345,.F.);
#2473=ADVANCED_FACE('',(#114),#2346,.T.);
#2474=ADVANCED_FACE('',(#115),#2347,.T.);
#2475=ADVANCED_FACE('',(#116,#66,#67,#68),#2348,.F.);
#2476=ADVANCED_FACE('',(#117),#2349,.T.);
#2477=ADVANCED_FACE('',(#118),#56,.T.);
#2478=ADVANCED_FACE('',(#119),#35,.T.);
#2479=ADVANCED_FACE('',(#120),#2350,.T.);
#2480=ADVANCED_FACE('',(#121),#36,.T.);
#2481=ADVANCED_FACE('',(#122),#37,.T.);
#2482=ADVANCED_FACE('',(#123),#38,.T.);
#2483=ADVANCED_FACE('',(#124),#39,.T.);
#2484=ADVANCED_FACE('',(#125),#40,.T.);
#2485=ADVANCED_FACE('',(#126),#2351,.T.);
#2486=ADVANCED_FACE('',(#127),#2352,.T.);
#2487=ADVANCED_FACE('',(#128),#2353,.T.);
#2488=ADVANCED_FACE('',(#129),#41,.T.);
#2489=ADVANCED_FACE('',(#130),#2354,.T.);
#2490=ADVANCED_FACE('',(#131),#2355,.T.);
#2491=ADVANCED_FACE('',(#132),#2356,.T.);
#2492=ADVANCED_FACE('',(#133),#2357,.F.);
#2493=ADVANCED_FACE('',(#134),#2358,.F.);
#2494=ADVANCED_FACE('',(#135),#2359,.T.);
#2495=ADVANCED_FACE('',(#136),#2360,.T.);
#2496=ADVANCED_FACE('',(#137),#2361,.T.);
#2497=ADVANCED_FACE('',(#138),#2362,.T.);
#2498=ADVANCED_FACE('',(#139),#2363,.F.);
#2499=ADVANCED_FACE('',(#140),#2364,.F.);
#2500=ADVANCED_FACE('',(#141),#2365,.F.);
#2501=ADVANCED_FACE('',(#142),#57,.F.);
#2502=ADVANCED_FACE('',(#143),#2366,.T.);
#2503=ADVANCED_FACE('',(#144),#58,.T.);
#2504=ADVANCED_FACE('',(#145),#2367,.T.);
#2505=ADVANCED_FACE('',(#146),#2368,.T.);
#2506=ADVANCED_FACE('',(#147),#2369,.F.);
#2507=ADVANCED_FACE('',(#148),#2370,.F.);
#2508=ADVANCED_FACE('',(#149),#2371,.F.);
#2509=ADVANCED_FACE('',(#150),#2372,.F.);
#2510=ADVANCED_FACE('',(#151),#2373,.F.);
#2511=ADVANCED_FACE('',(#152),#2374,.F.);
#2512=ADVANCED_FACE('',(#153),#2375,.F.);
#2513=ADVANCED_FACE('',(#154),#2376,.F.);
#2514=ADVANCED_FACE('',(#155),#2377,.F.);
#2515=ADVANCED_FACE('',(#156),#2378,.F.);
#2516=ADVANCED_FACE('',(#157),#2379,.F.);
#2517=ADVANCED_FACE('',(#158),#2380,.F.);
#2518=ADVANCED_FACE('',(#159),#2381,.F.);
#2519=ADVANCED_FACE('',(#160),#2382,.F.);
#2520=ADVANCED_FACE('',(#161),#2383,.F.);
#2521=ADVANCED_FACE('',(#162),#2384,.F.);
#2522=ADVANCED_FACE('',(#163),#2385,.F.);
#2523=ADVANCED_FACE('',(#164),#2386,.F.);
#2524=ADVANCED_FACE('',(#165),#2387,.F.);
#2525=ADVANCED_FACE('',(#166),#2388,.F.);
#2526=ADVANCED_FACE('',(#167),#2389,.F.);
#2527=ADVANCED_FACE('',(#168),#2390,.F.);
#2528=ADVANCED_FACE('',(#169),#2391,.F.);
#2529=ADVANCED_FACE('',(#170),#2392,.T.);
#2530=ADVANCED_FACE('',(#171),#2393,.T.);
#2531=ADVANCED_FACE('',(#172,#69,#70,#71,#72,#73,#74),#2394,.T.);
#2532=ADVANCED_FACE('',(#173),#2395,.T.);
#2533=ADVANCED_FACE('',(#174,#75,#76,#77,#78,#79,#80),#2396,.T.);
#2534=ADVANCED_FACE('',(#175),#2397,.T.);
#2535=ADVANCED_FACE('',(#176),#2398,.T.);
#2536=ADVANCED_FACE('',(#177),#2399,.T.);
#2537=ADVANCED_FACE('',(#178),#2400,.T.);
#2538=ADVANCED_FACE('',(#179),#2401,.T.);
#2539=ADVANCED_FACE('',(#180),#2402,.F.);
#2540=ADVANCED_FACE('',(#181),#2403,.F.);
#2541=ADVANCED_FACE('',(#182),#2404,.T.);
#2542=ADVANCED_FACE('',(#183),#2405,.T.);
#2543=ADVANCED_FACE('',(#184),#2406,.T.);
#2544=ADVANCED_FACE('',(#185),#2407,.T.);
#2545=ADVANCED_FACE('',(#186),#2408,.F.);
#2546=ADVANCED_FACE('',(#187),#2409,.F.);
#2547=ADVANCED_FACE('',(#188),#2410,.T.);
#2548=ADVANCED_FACE('',(#189),#2411,.T.);
#2549=ADVANCED_FACE('',(#190),#2412,.T.);
#2550=ADVANCED_FACE('',(#191),#2413,.T.);
#2551=ADVANCED_FACE('',(#192),#2414,.F.);
#2552=ADVANCED_FACE('',(#193),#2415,.F.);
#2553=ADVANCED_FACE('',(#194),#2416,.T.);
#2554=ADVANCED_FACE('',(#195),#2417,.F.);
#2555=ADVANCED_FACE('',(#196),#2418,.T.);
#2556=ADVANCED_FACE('',(#197),#2419,.T.);
#2557=ADVANCED_FACE('',(#198),#2420,.T.);
#2558=ADVANCED_FACE('',(#199),#2421,.T.);
#2559=ADVANCED_FACE('',(#200),#2422,.T.);
#2560=ADVANCED_FACE('',(#201),#2423,.T.);
#2561=ADVANCED_FACE('',(#202),#2424,.T.);
#2562=ADVANCED_FACE('',(#203),#2425,.T.);
#2563=ADVANCED_FACE('',(#204),#2426,.F.);
#2564=ADVANCED_FACE('',(#205),#59,.F.);
#2565=ADVANCED_FACE('',(#206),#60,.F.);
#2566=ADVANCED_FACE('',(#207),#61,.F.);
#2567=ADVANCED_FACE('',(#208),#2427,.T.);
#2568=ADVANCED_FACE('',(#209),#2428,.T.);
#2569=ADVANCED_FACE('',(#210),#2429,.F.);
#2570=ADVANCED_FACE('',(#211),#2430,.T.);
#2571=ADVANCED_FACE('',(#212),#2431,.T.);
#2572=ADVANCED_FACE('',(#213),#2432,.T.);
#2573=ADVANCED_FACE('',(#214),#2433,.T.);
#2574=ADVANCED_FACE('',(#215),#2434,.T.);
#2575=ADVANCED_FACE('',(#216),#2435,.F.);
#2576=ADVANCED_FACE('',(#217),#2436,.T.);
#2577=ADVANCED_FACE('',(#218),#2437,.T.);
#2578=ADVANCED_FACE('',(#219),#2438,.T.);
#2579=ADVANCED_FACE('',(#220),#2439,.T.);
#2580=ADVANCED_FACE('',(#221),#2440,.T.);
#2581=ADVANCED_FACE('',(#222),#2441,.F.);
#2582=ADVANCED_FACE('',(#223),#2442,.T.);
#2583=ADVANCED_FACE('',(#224),#2443,.T.);
#2584=ADVANCED_FACE('',(#225),#2444,.T.);
#2585=ADVANCED_FACE('',(#226),#2445,.T.);
#2586=ADVANCED_FACE('',(#227),#2446,.T.);
#2587=ADVANCED_FACE('',(#228),#2447,.F.);
#2588=ADVANCED_FACE('',(#229),#2448,.T.);
#2589=ADVANCED_FACE('',(#230),#2449,.T.);
#2590=ADVANCED_FACE('',(#231),#2450,.T.);
#2591=ADVANCED_FACE('',(#232),#2451,.T.);
#2592=ADVANCED_FACE('',(#233),#2452,.T.);
#2593=ADVANCED_FACE('',(#234),#2453,.F.);
#2594=CLOSED_SHELL('',(#2454,#2455,#2456,#2457,#2458,#2459,#2460,#2461,
#2462,#2463,#2464,#2465,#2466,#2467,#2468,#2469,#2470,#2471,#2472,#2473,
#2474,#2475,#2476,#2477,#2478,#2479,#2480,#2481,#2482,#2483,#2484,#2485,
#2486,#2487,#2488,#2489,#2490,#2491,#2492,#2493,#2494,#2495,#2496,#2497,
#2498,#2499,#2500,#2501,#2502,#2503,#2504,#2505,#2506,#2507,#2508,#2509,
#2510,#2511,#2512,#2513,#2514,#2515,#2516,#2517,#2518,#2519,#2520,#2521,
#2522,#2523,#2524,#2525,#2526,#2527,#2528,#2529,#2530,#2531,#2532,#2533));
#2595=CLOSED_SHELL('',(#2534,#2535,#2536,#2537,#2538,#2539));
#2596=CLOSED_SHELL('',(#2540,#2541,#2542,#2543,#2544,#2545));
#2597=CLOSED_SHELL('',(#2546,#2547,#2548,#2549,#2550,#2551));
#2598=CLOSED_SHELL('',(#2552,#2553,#2554,#2555,#2556,#2557));
#2599=CLOSED_SHELL('',(#2558,#2559,#2560,#2561,#2562,#2563));
#2600=CLOSED_SHELL('',(#2564,#2565,#2566,#2567,#2568,#2569));
#2601=CLOSED_SHELL('',(#2570,#2571,#2572,#2573,#2574,#2575));
#2602=CLOSED_SHELL('',(#2576,#2577,#2578,#2579,#2580,#2581));
#2603=CLOSED_SHELL('',(#2582,#2583,#2584,#2585,#2586,#2587));
#2604=CLOSED_SHELL('',(#2588,#2589,#2590,#2591,#2592,#2593));
#2605=DERIVED_UNIT_ELEMENT(#2607,1.);
#2606=DERIVED_UNIT_ELEMENT(#4478,-3.);
#2607=(
MASS_UNIT()
NAMED_UNIT(*)
SI_UNIT(.KILO.,.GRAM.)
);
#2608=DERIVED_UNIT((#2605,#2606));
#2609=MEASURE_REPRESENTATION_ITEM('density measure',
POSITIVE_RATIO_MEASURE(7850.),#2608);
#2610=PROPERTY_DEFINITION_REPRESENTATION(#2615,#2612);
#2611=PROPERTY_DEFINITION_REPRESENTATION(#2616,#2613);
#2612=REPRESENTATION('material name',(#2614),#4475);
#2613=REPRESENTATION('density',(#2609),#4475);
#2614=DESCRIPTIVE_REPRESENTATION_ITEM('Steel','Steel');
#2615=PROPERTY_DEFINITION('material property','material name',#4485);
#2616=PROPERTY_DEFINITION('material property','density of part',#4485);
#2617=AXIS2_PLACEMENT_3D('',#3384,#2765,#2766);
#2618=AXIS2_PLACEMENT_3D('',#3385,#2767,#2768);
#2619=AXIS2_PLACEMENT_3D('',#3394,#2773,#2774);
#2620=AXIS2_PLACEMENT_3D('',#3521,#2787,#2788);
#2621=AXIS2_PLACEMENT_3D('',#3548,#2803,#2804);
#2622=AXIS2_PLACEMENT_3D('',#3557,#2809,#2810);
#2623=AXIS2_PLACEMENT_3D('',#3563,#2814,#2815);
#2624=AXIS2_PLACEMENT_3D('',#3569,#2819,#2820);
#2625=AXIS2_PLACEMENT_3D('',#3572,#2823,#2824);
#2626=AXIS2_PLACEMENT_3D('',#3581,#2829,#2830);
#2627=AXIS2_PLACEMENT_3D('',#3587,#2834,#2835);
#2628=AXIS2_PLACEMENT_3D('',#3593,#2839,#2840);
#2629=AXIS2_PLACEMENT_3D('',#3596,#2843,#2844);
#2630=AXIS2_PLACEMENT_3D('',#3605,#2849,#2850);
#2631=AXIS2_PLACEMENT_3D('',#3631,#2864,#2865);
#2632=AXIS2_PLACEMENT_3D('',#3635,#2868,#2869);
#2633=AXIS2_PLACEMENT_3D('',#3639,#2872,#2873);
#2634=AXIS2_PLACEMENT_3D('',#3641,#2875,#2876);
#2635=AXIS2_PLACEMENT_3D('',#3647,#2880,#2881);
#2636=AXIS2_PLACEMENT_3D('',#3651,#2884,#2885);
#2637=AXIS2_PLACEMENT_3D('',#3655,#2888,#2889);
#2638=AXIS2_PLACEMENT_3D('',#3657,#2891,#2892);
#2639=AXIS2_PLACEMENT_3D('',#3658,#2893,#2894);
#2640=AXIS2_PLACEMENT_3D('',#3685,#2909,#2910);
#2641=AXIS2_PLACEMENT_3D('',#3697,#2918,#2919);
#2642=AXIS2_PLACEMENT_3D('',#3699,#2920,#2921);
#2643=AXIS2_PLACEMENT_3D('',#3701,#2922,#2923);
#2644=AXIS2_PLACEMENT_3D('',#3750,#2926,#2927);
#2645=AXIS2_PLACEMENT_3D('',#3958,#2933,#2934);
#2646=AXIS2_PLACEMENT_3D('',#3962,#2937,#2938);
#2647=AXIS2_PLACEMENT_3D('',#3966,#2941,#2942);
#2648=AXIS2_PLACEMENT_3D('',#4015,#2945,#2946);
#2649=AXIS2_PLACEMENT_3D('',#4016,#2947,#2948);
#2650=AXIS2_PLACEMENT_3D('',#4017,#2949,#2950);
#2651=AXIS2_PLACEMENT_3D('',#4018,#2951,#2952);
#2652=AXIS2_PLACEMENT_3D('',#4019,#2953,#2954);
#2653=AXIS2_PLACEMENT_3D('',#4021,#2956,#2957);
#2654=AXIS2_PLACEMENT_3D('',#4022,#2958,#2959);
#2655=AXIS2_PLACEMENT_3D('',#4032,#2965,#2966);
#2656=AXIS2_PLACEMENT_3D('',#4035,#2969,#2970);
#2657=AXIS2_PLACEMENT_3D('',#4037,#2972,#2973);
#2658=AXIS2_PLACEMENT_3D('',#4038,#2974,#2975);
#2659=AXIS2_PLACEMENT_3D('',#4040,#2976,#2977);
#2660=AXIS2_PLACEMENT_3D('',#4041,#2978,#2979);
#2661=AXIS2_PLACEMENT_3D('',#4042,#2980,#2981);
#2662=AXIS2_PLACEMENT_3D('',#4043,#2982,#2983);
#2663=AXIS2_PLACEMENT_3D('',#4044,#2984,#2985);
#2664=AXIS2_PLACEMENT_3D('',#4046,#2986,#2987);
#2665=AXIS2_PLACEMENT_3D('',#4048,#2989,#2990);
#2666=AXIS2_PLACEMENT_3D('',#4049,#2991,#2992);
#2667=AXIS2_PLACEMENT_3D('',#4051,#2994,#2995);
#2668=AXIS2_PLACEMENT_3D('',#4053,#2997,#2998);
#2669=AXIS2_PLACEMENT_3D('',#4054,#2999,#3000);
#2670=AXIS2_PLACEMENT_3D('',#4056,#3002,#3003);
#2671=AXIS2_PLACEMENT_3D('',#4060,#3006,#3007);
#2672=AXIS2_PLACEMENT_3D('',#4069,#3012,#3013);
#2673=AXIS2_PLACEMENT_3D('',#4075,#3017,#3018);
#2674=AXIS2_PLACEMENT_3D('',#4081,#3022,#3023);
#2675=AXIS2_PLACEMENT_3D('',#4084,#3026,#3027);
#2676=AXIS2_PLACEMENT_3D('',#4093,#3032,#3033);
#2677=AXIS2_PLACEMENT_3D('',#4099,#3037,#3038);
#2678=AXIS2_PLACEMENT_3D('',#4105,#3042,#3043);
#2679=AXIS2_PLACEMENT_3D('',#4108,#3046,#3047);
#2680=AXIS2_PLACEMENT_3D('',#4117,#3052,#3053);
#2681=AXIS2_PLACEMENT_3D('',#4123,#3057,#3058);
#2682=AXIS2_PLACEMENT_3D('',#4129,#3062,#3063);
#2683=AXIS2_PLACEMENT_3D('',#4132,#3066,#3067);
#2684=AXIS2_PLACEMENT_3D('',#4141,#3072,#3073);
#2685=AXIS2_PLACEMENT_3D('',#4147,#3077,#3078);
#2686=AXIS2_PLACEMENT_3D('',#4153,#3082,#3083);
#2687=AXIS2_PLACEMENT_3D('',#4156,#3086,#3087);
#2688=AXIS2_PLACEMENT_3D('',#4165,#3092,#3093);
#2689=AXIS2_PLACEMENT_3D('',#4171,#3097,#3098);
#2690=AXIS2_PLACEMENT_3D('',#4177,#3102,#3103);
#2691=AXIS2_PLACEMENT_3D('',#4180,#3106,#3107);
#2692=AXIS2_PLACEMENT_3D('',#4189,#3112,#3113);
#2693=AXIS2_PLACEMENT_3D('',#4195,#3117,#3118);
#2694=AXIS2_PLACEMENT_3D('',#4198,#3121,#3122);
#2695=AXIS2_PLACEMENT_3D('',#4206,#3127,#3128);
#2696=AXIS2_PLACEMENT_3D('',#4208,#3130,#3131);
#2697=AXIS2_PLACEMENT_3D('',#4210,#3133,#3134);
#2698=AXIS2_PLACEMENT_3D('',#4212,#3136,#3137);
#2699=AXIS2_PLACEMENT_3D('',#4213,#3138,#3139);
#2700=AXIS2_PLACEMENT_3D('',#4222,#3144,#3145);
#2701=AXIS2_PLACEMENT_3D('',#4228,#3149,#3150);
#2702=AXIS2_PLACEMENT_3D('',#4234,#3154,#3155);
#2703=AXIS2_PLACEMENT_3D('',#4237,#3158,#3159);
#2704=AXIS2_PLACEMENT_3D('',#4238,#3160,#3161);
#2705=AXIS2_PLACEMENT_3D('',#4239,#3162,#3163);
#2706=AXIS2_PLACEMENT_3D('',#4248,#3168,#3169);
#2707=AXIS2_PLACEMENT_3D('',#4254,#3173,#3174);
#2708=AXIS2_PLACEMENT_3D('',#4258,#3177,#3178);
#2709=AXIS2_PLACEMENT_3D('',#4262,#3181,#3182);
#2710=AXIS2_PLACEMENT_3D('',#4264,#3184,#3185);
#2711=AXIS2_PLACEMENT_3D('',#4265,#3186,#3187);
#2712=AXIS2_PLACEMENT_3D('',#4274,#3192,#3193);
#2713=AXIS2_PLACEMENT_3D('',#4280,#3197,#3198);
#2714=AXIS2_PLACEMENT_3D('',#4284,#3201,#3202);
#2715=AXIS2_PLACEMENT_3D('',#4288,#3205,#3206);
#2716=AXIS2_PLACEMENT_3D('',#4290,#3208,#3209);
#2717=AXIS2_PLACEMENT_3D('',#4291,#3210,#3211);
#2718=AXIS2_PLACEMENT_3D('',#4300,#3216,#3217);
#2719=AXIS2_PLACEMENT_3D('',#4306,#3221,#3222);
#2720=AXIS2_PLACEMENT_3D('',#4310,#3225,#3226);
#2721=AXIS2_PLACEMENT_3D('',#4314,#3229,#3230);
#2722=AXIS2_PLACEMENT_3D('',#4316,#3232,#3233);
#2723=AXIS2_PLACEMENT_3D('',#4317,#3234,#3235);
#2724=AXIS2_PLACEMENT_3D('',#4326,#3240,#3241);
#2725=AXIS2_PLACEMENT_3D('',#4332,#3245,#3246);
#2726=AXIS2_PLACEMENT_3D('',#4338,#3250,#3251);
#2727=AXIS2_PLACEMENT_3D('',#4341,#3254,#3255);
#2728=AXIS2_PLACEMENT_3D('',#4342,#3256,#3257);
#2729=AXIS2_PLACEMENT_3D('',#4343,#3258,#3259);
#2730=AXIS2_PLACEMENT_3D('',#4346,#3260,#3261);
#2731=AXIS2_PLACEMENT_3D('',#4350,#3263,#3264);
#2732=AXIS2_PLACEMENT_3D('',#4352,#3266,#3267);
#2733=AXIS2_PLACEMENT_3D('',#4354,#3268,#3269);
#2734=AXIS2_PLACEMENT_3D('',#4356,#3270,#3271);
#2735=AXIS2_PLACEMENT_3D('',#4358,#3273,#3274);
#2736=AXIS2_PLACEMENT_3D('',#4360,#3275,#3276);
#2737=AXIS2_PLACEMENT_3D('',#4362,#3277,#3278);
#2738=AXIS2_PLACEMENT_3D('',#4364,#3280,#3281);
#2739=AXIS2_PLACEMENT_3D('',#4367,#3284,#3285);
#2740=AXIS2_PLACEMENT_3D('',#4368,#3286,#3287);
#2741=AXIS2_PLACEMENT_3D('',#4369,#3288,#3289);
#2742=AXIS2_PLACEMENT_3D('',#4378,#3294,#3295);
#2743=AXIS2_PLACEMENT_3D('',#4384,#3299,#3300);
#2744=AXIS2_PLACEMENT_3D('',#4390,#3304,#3305);
#2745=AXIS2_PLACEMENT_3D('',#4393,#3308,#3309);
#2746=AXIS2_PLACEMENT_3D('',#4394,#3310,#3311);
#2747=AXIS2_PLACEMENT_3D('',#4395,#3312,#3313);
#2748=AXIS2_PLACEMENT_3D('',#4404,#3318,#3319);
#2749=AXIS2_PLACEMENT_3D('',#4410,#3323,#3324);
#2750=AXIS2_PLACEMENT_3D('',#4416,#3328,#3329);
#2751=AXIS2_PLACEMENT_3D('',#4419,#3332,#3333);
#2752=AXIS2_PLACEMENT_3D('',#4420,#3334,#3335);
#2753=AXIS2_PLACEMENT_3D('',#4421,#3336,#3337);
#2754=AXIS2_PLACEMENT_3D('',#4430,#3342,#3343);
#2755=AXIS2_PLACEMENT_3D('',#4436,#3347,#3348);
#2756=AXIS2_PLACEMENT_3D('',#4442,#3352,#3353);
#2757=AXIS2_PLACEMENT_3D('',#4445,#3356,#3357);
#2758=AXIS2_PLACEMENT_3D('',#4446,#3358,#3359);
#2759=AXIS2_PLACEMENT_3D('',#4447,#3360,#3361);
#2760=AXIS2_PLACEMENT_3D('',#4456,#3366,#3367);
#2761=AXIS2_PLACEMENT_3D('',#4462,#3371,#3372);
#2762=AXIS2_PLACEMENT_3D('',#4468,#3376,#3377);
#2763=AXIS2_PLACEMENT_3D('',#4471,#3380,#3381);
#2764=AXIS2_PLACEMENT_3D('',#4472,#3382,#3383);
#2765=DIRECTION('axis',(0.,0.,1.));
#2766=DIRECTION('refdir',(1.,0.,0.));
#2767=DIRECTION('center_axis',(-1.,0.,0.));
#2768=DIRECTION('ref_axis',(0.,0.,1.));
#2769=DIRECTION('',(0.,0.,1.));
#2770=DIRECTION('',(0.,1.,0.));
#2771=DIRECTION('',(0.,0.,-1.));
#2772=DIRECTION('',(0.,1.,0.));
#2773=DIRECTION('center_axis',(0.,1.,0.));
#2774=DIRECTION('ref_axis',(1.,0.,0.));
#2775=DIRECTION('',(-1.,0.,0.));
#2776=DIRECTION('',(0.,0.,-1.));
#2777=DIRECTION('',(1.,0.,0.));
#2778=DIRECTION('',(0.996968896267524,-6.52406362582335E-17,0.0778011560011521));
#2779=DIRECTION('',(1.,0.,0.));
#2780=DIRECTION('',(0.,3.03030913049781E-16,-1.));
#2781=DIRECTION('',(1.,0.,0.));
#2782=DIRECTION('',(-1.,0.,0.));
#2783=DIRECTION('',(-1.,0.,0.));
#2784=DIRECTION('',(-1.,0.,0.));
#2785=DIRECTION('',(0.,0.,-1.));
#2786=DIRECTION('',(-1.,0.,0.));
#2787=DIRECTION('center_axis',(0.,0.,1.));
#2788=DIRECTION('ref_axis',(1.,0.,0.));
#2789=DIRECTION('',(0.,-1.,0.));
#2790=DIRECTION('',(0.,-1.,0.));
#2791=DIRECTION('',(1.,0.,0.));
#2792=DIRECTION('',(0.,-1.,0.));
#2793=DIRECTION('',(0.,-1.,0.));
#2794=DIRECTION('',(1.,0.,0.));
#2795=DIRECTION('',(0.,-1.,0.));
#2796=DIRECTION('',(1.,0.,0.));
#2797=DIRECTION('',(0.,-1.,0.));
#2798=DIRECTION('',(-1.,0.,0.));
#2799=DIRECTION('',(0.,-1.,0.));
#2800=DIRECTION('',(1.,0.,0.));
#2801=DIRECTION('',(0.,1.,0.));
#2802=DIRECTION('',(-1.,0.,0.));
#2803=DIRECTION('center_axis',(0.,-1.,0.));
#2804=DIRECTION('ref_axis',(0.,0.,-1.));
#2805=DIRECTION('',(-1.,0.,0.));
#2806=DIRECTION('',(0.,0.,-1.));
#2807=DIRECTION('',(1.,0.,0.));
#2808=DIRECTION('',(0.,0.,1.));
#2809=DIRECTION('center_axis',(-1.,0.,0.));
#2810=DIRECTION('ref_axis',(0.,-1.,0.));
#2811=DIRECTION('',(0.,1.,0.));
#2812=DIRECTION('',(0.,-1.,0.));
#2813=DIRECTION('',(0.,0.,1.));
#2814=DIRECTION('center_axis',(0.,1.,0.));
#2815=DIRECTION('ref_axis',(0.,0.,1.));
#2816=DIRECTION('',(1.,0.,0.));
#2817=DIRECTION('',(-1.,0.,0.));
#2818=DIRECTION('',(0.,0.,1.));
#2819=DIRECTION('center_axis',(1.,0.,0.));
#2820=DIRECTION('ref_axis',(0.,0.,-1.));
#2821=DIRECTION('',(0.,-1.,0.));
#2822=DIRECTION('',(0.,1.,0.));
#2823=DIRECTION('center_axis',(0.,-1.,0.));
#2824=DIRECTION('ref_axis',(0.,0.,-1.));
#2825=DIRECTION('',(-1.,0.,0.));
#2826=DIRECTION('',(0.,0.,-1.));
#2827=DIRECTION('',(1.,0.,0.));
#2828=DIRECTION('',(0.,0.,1.));
#2829=DIRECTION('center_axis',(-1.,0.,0.));
#2830=DIRECTION('ref_axis',(0.,-1.,0.));
#2831=DIRECTION('',(0.,1.,0.));
#2832=DIRECTION('',(0.,-1.,0.));
#2833=DIRECTION('',(0.,0.,1.));
#2834=DIRECTION('center_axis',(0.,1.,0.));
#2835=DIRECTION('ref_axis',(0.,0.,1.));
#2836=DIRECTION('',(1.,0.,0.));
#2837=DIRECTION('',(-1.,0.,0.));
#2838=DIRECTION('',(0.,0.,1.));
#2839=DIRECTION('center_axis',(1.,0.,0.));
#2840=DIRECTION('ref_axis',(0.,0.,-1.));
#2841=DIRECTION('',(0.,-1.,0.));
#2842=DIRECTION('',(0.,1.,0.));
#2843=DIRECTION('center_axis',(0.,-1.,0.));
#2844=DIRECTION('ref_axis',(1.,0.,0.));
#2845=DIRECTION('',(1.,0.,0.));
#2846=DIRECTION('',(0.,0.,1.));
#2847=DIRECTION('',(-1.,0.,0.));
#2848=DIRECTION('',(0.,0.,1.));
#2849=DIRECTION('center_axis',(0.,0.,1.));
#2850=DIRECTION('ref_axis',(1.,0.,0.));
#2851=DIRECTION('',(0.,1.,0.));
#2852=DIRECTION('',(-1.,0.,0.));
#2853=DIRECTION('',(0.,-1.,0.));
#2854=DIRECTION('',(1.,0.,0.));
#2855=DIRECTION('',(0.,1.,0.));
#2856=DIRECTION('',(-1.,0.,0.));
#2857=DIRECTION('',(0.,-1.,0.));
#2858=DIRECTION('',(1.,0.,0.));
#2859=DIRECTION('',(0.,1.,0.));
#2860=DIRECTION('',(1.,0.,0.));
#2861=DIRECTION('',(0.,-1.,0.));
#2862=DIRECTION('',(0.,1.,0.));
#2863=DIRECTION('',(1.,0.,0.));
#2864=DIRECTION('center_axis',(-1.,0.,0.));
#2865=DIRECTION('ref_axis',(0.,0.,-1.));
#2866=DIRECTION('',(0.,-1.,0.));
#2867=DIRECTION('',(0.,0.,1.));
#2868=DIRECTION('center_axis',(0.,1.,0.));
#2869=DIRECTION('ref_axis',(-1.,0.,0.));
#2870=DIRECTION('',(-1.,0.,0.));
#2871=DIRECTION('',(0.,0.,1.));
#2872=DIRECTION('center_axis',(1.,0.,0.));
#2873=DIRECTION('ref_axis',(0.,0.,1.));
#2874=DIRECTION('',(0.,1.,0.));
#2875=DIRECTION('center_axis',(1.,0.,0.));
#2876=DIRECTION('ref_axis',(0.,1.,0.));
#2877=DIRECTION('',(0.,0.,1.));
#2878=DIRECTION('',(0.,1.,0.));
#2879=DIRECTION('',(0.,0.,-1.));
#2880=DIRECTION('center_axis',(0.,1.,0.));
#2881=DIRECTION('ref_axis',(-1.,0.,0.));
#2882=DIRECTION('',(0.,0.,1.));
#2883=DIRECTION('',(-1.,0.,0.));
#2884=DIRECTION('center_axis',(0.,1.,0.));
#2885=DIRECTION('ref_axis',(0.,0.,1.));
#2886=DIRECTION('',(1.,0.,0.));
#2887=DIRECTION('',(0.,0.,1.));
#2888=DIRECTION('center_axis',(0.,0.,1.));
#2889=DIRECTION('ref_axis',(1.,0.,0.));
#2890=DIRECTION('',(0.,-1.,0.));
#2891=DIRECTION('center_axis',(-1.,0.,0.));
#2892=DIRECTION('ref_axis',(0.,-1.,0.));
#2893=DIRECTION('center_axis',(0.,0.,1.));
#2894=DIRECTION('ref_axis',(1.,0.,0.));
#2895=DIRECTION('',(0.,-1.,0.));
#2896=DIRECTION('',(1.,0.,0.));
#2897=DIRECTION('',(0.,1.,0.));
#2898=DIRECTION('',(1.,0.,0.));
#2899=DIRECTION('',(0.,-1.,0.));
#2900=DIRECTION('',(1.,0.,0.));
#2901=DIRECTION('',(0.,-1.,0.));
#2902=DIRECTION('',(1.,0.,0.));
#2903=DIRECTION('',(0.,-1.,0.));
#2904=DIRECTION('',(1.,0.,0.));
#2905=DIRECTION('',(0.,-1.,0.));
#2906=DIRECTION('',(0.,-1.,0.));
#2907=DIRECTION('',(1.,0.,0.));
#2908=DIRECTION('',(0.,-1.,0.));
#2909=DIRECTION('center_axis',(0.,1.,0.));
#2910=DIRECTION('ref_axis',(-1.,0.,0.));
#2911=DIRECTION('',(1.,0.,0.));
#2912=DIRECTION('',(0.,0.,1.));
#2913=DIRECTION('',(0.,0.,1.));
#2914=DIRECTION('',(-1.,0.,0.));
#2915=DIRECTION('',(0.,0.,-1.));
#2916=DIRECTION('',(0.,0.,1.));
#2917=DIRECTION('',(-1.,0.,0.));
#2918=DIRECTION('center_axis',(0.,-1.,0.));
#2919=DIRECTION('ref_axis',(-0.900514532127158,0.,-0.434825916232928));
#2920=DIRECTION('center_axis',(0.,1.,0.));
#2921=DIRECTION('ref_axis',(1.,0.,0.));
#2922=DIRECTION('center_axis',(0.,1.,0.));
#2923=DIRECTION('ref_axis',(1.,0.,0.));
#2924=DIRECTION('',(0.,-1.,0.));
#2925=DIRECTION('',(0.,-1.,0.));
#2926=DIRECTION('center_axis',(0.,0.,1.));
#2927=DIRECTION('ref_axis',(-1.,0.,0.));
#2928=DIRECTION('',(1.,0.,0.));
#2929=DIRECTION('',(0.,-1.,0.));
#2930=DIRECTION('',(0.,-1.,0.));
#2931=DIRECTION('',(0.,-1.,0.));
#2932=DIRECTION('',(0.,-1.,0.));
#2933=DIRECTION('center_axis',(-1.,0.,0.));
#2934=DIRECTION('ref_axis',(0.,3.03030913049781E-16,-1.));
#2935=DIRECTION('',(0.,0.,1.));
#2936=DIRECTION('',(0.,-1.,0.));
#2937=DIRECTION('center_axis',(0.,0.,-1.));
#2938=DIRECTION('ref_axis',(1.,0.,0.));
#2939=DIRECTION('',(-1.,0.,0.));
#2940=DIRECTION('',(0.,-1.,0.));
#2941=DIRECTION('center_axis',(0.0778011560011521,0.,-0.996968896267524));
#2942=DIRECTION('ref_axis',(0.996968896267524,-6.52406362582335E-17,0.0778011560011521));
#2943=DIRECTION('',(-0.996968896267524,0.,-0.0778011560011521));
#2944=DIRECTION('',(0.,-1.,0.));
#2945=DIRECTION('center_axis',(0.,-1.,0.));
#2946=DIRECTION('ref_axis',(1.,0.,0.));
#2947=DIRECTION('center_axis',(0.,-1.,0.));
#2948=DIRECTION('ref_axis',(1.,0.,0.));
#2949=DIRECTION('center_axis',(0.,1.,0.));
#2950=DIRECTION('ref_axis',(1.,0.,0.));
#2951=DIRECTION('center_axis',(0.,-1.,0.));
#2952=DIRECTION('ref_axis',(1.,0.,0.));
#2953=DIRECTION('center_axis',(0.,0.,-1.));
#2954=DIRECTION('ref_axis',(-1.,0.,0.));
#2955=DIRECTION('',(0.,1.,0.));
#2956=DIRECTION('center_axis',(1.,0.,0.));
#2957=DIRECTION('ref_axis',(0.,0.,-1.));
#2958=DIRECTION('center_axis',(0.,0.,1.));
#2959=DIRECTION('ref_axis',(1.,0.,0.));
#2960=DIRECTION('',(0.,-1.,0.));
#2961=DIRECTION('',(0.,1.,0.));
#2962=DIRECTION('',(1.,0.,0.));
#2963=DIRECTION('',(0.,-1.,0.));
#2964=DIRECTION('',(1.,0.,0.));
#2965=DIRECTION('center_axis',(-1.,0.,0.));
#2966=DIRECTION('ref_axis',(0.,-1.,0.));
#2967=DIRECTION('',(0.,0.,1.));
#2968=DIRECTION('',(0.,0.,1.));
#2969=DIRECTION('center_axis',(0.,-1.,0.));
#2970=DIRECTION('ref_axis',(1.,0.,0.));
#2971=DIRECTION('',(0.,0.,1.));
#2972=DIRECTION('center_axis',(-1.,0.,0.));
#2973=DIRECTION('ref_axis',(0.,-1.,0.));
#2974=DIRECTION('center_axis',(0.,1.,0.));
#2975=DIRECTION('ref_axis',(1.,0.,0.));
#2976=DIRECTION('center_axis',(0.,-1.,0.));
#2977=DIRECTION('ref_axis',(1.,0.,0.));
#2978=DIRECTION('center_axis',(0.,1.,0.));
#2979=DIRECTION('ref_axis',(1.,0.,0.));
#2980=DIRECTION('center_axis',(0.,1.,0.));
#2981=DIRECTION('ref_axis',(1.,0.,0.));
#2982=DIRECTION('center_axis',(0.,-1.,0.));
#2983=DIRECTION('ref_axis',(1.,0.,0.));
#2984=DIRECTION('center_axis',(0.,1.,0.));
#2985=DIRECTION('ref_axis',(1.,0.,0.));
#2986=DIRECTION('center_axis',(0.,1.,0.));
#2987=DIRECTION('ref_axis',(1.,0.,0.));
#2988=DIRECTION('',(0.,0.,1.));
#2989=DIRECTION('center_axis',(0.,1.,0.));
#2990=DIRECTION('ref_axis',(1.,0.,0.));
#2991=DIRECTION('center_axis',(0.,-1.,0.));
#2992=DIRECTION('ref_axis',(1.,0.,0.));
#2993=DIRECTION('',(0.,-1.,0.));
#2994=DIRECTION('center_axis',(1.,0.,0.));
#2995=DIRECTION('ref_axis',(0.,0.,1.));
#2996=DIRECTION('',(0.,0.,-1.));
#2997=DIRECTION('center_axis',(0.,-1.,0.));
#2998=DIRECTION('ref_axis',(6.12323399573677E-17,0.,1.));
#2999=DIRECTION('center_axis',(0.,1.,0.));
#3000=DIRECTION('ref_axis',(1.,0.,0.));
#3001=DIRECTION('',(0.,0.,1.));
#3002=DIRECTION('center_axis',(1.,0.,0.));
#3003=DIRECTION('ref_axis',(0.,1.,0.));
#3004=DIRECTION('',(0.,0.,1.));
#3005=DIRECTION('',(0.,1.,0.));
#3006=DIRECTION('center_axis',(0.707106780396294,0.,-0.707106781976801));
#3007=DIRECTION('ref_axis',(-0.707106781976801,0.,-0.707106780396294));
#3008=DIRECTION('',(0.707106781976801,0.,0.707106780396294));
#3009=DIRECTION('',(0.,1.,0.));
#3010=DIRECTION('',(-0.707106781976801,0.,-0.707106780396294));
#3011=DIRECTION('',(0.,1.,0.));
#3012=DIRECTION('center_axis',(-3.55848618896523E-9,0.,-1.));
#3013=DIRECTION('ref_axis',(-1.,0.,3.55848618896523E-9));
#3014=DIRECTION('',(1.,0.,-3.55848618896523E-9));
#3015=DIRECTION('',(0.,1.,0.));
#3016=DIRECTION('',(-1.,0.,3.55848618896523E-9));
#3017=DIRECTION('center_axis',(0.,0.,1.));
#3018=DIRECTION('ref_axis',(1.,0.,0.));
#3019=DIRECTION('',(-1.,0.,0.));
#3020=DIRECTION('',(1.,0.,0.));
#3021=DIRECTION('',(0.,1.,0.));
#3022=DIRECTION('center_axis',(-0.707106781186547,0.,0.707106781186548));
#3023=DIRECTION('ref_axis',(0.707106781186548,0.,0.707106781186547));
#3024=DIRECTION('',(-0.707106781186548,0.,-0.707106781186547));
#3025=DIRECTION('',(0.707106781186548,0.,0.707106781186547));
#3026=DIRECTION('center_axis',(0.707106779606041,0.,-0.707106782767054));
#3027=DIRECTION('ref_axis',(-0.707106782767054,0.,-0.707106779606041));
#3028=DIRECTION('',(0.707106782767054,0.,0.707106779606041));
#3029=DIRECTION('',(0.,1.,0.));
#3030=DIRECTION('',(-0.707106782767054,0.,-0.707106779606041));
#3031=DIRECTION('',(0.,1.,0.));
#3032=DIRECTION('center_axis',(-3.55848618896523E-9,0.,-1.));
#3033=DIRECTION('ref_axis',(-1.,0.,3.55848618896523E-9));
#3034=DIRECTION('',(1.,0.,-3.55848618896523E-9));
#3035=DIRECTION('',(0.,1.,0.));
#3036=DIRECTION('',(-1.,0.,3.55848618896523E-9));
#3037=DIRECTION('center_axis',(0.,0.,1.));
#3038=DIRECTION('ref_axis',(1.,0.,0.));
#3039=DIRECTION('',(-1.,0.,0.));
#3040=DIRECTION('',(1.,0.,0.));
#3041=DIRECTION('',(0.,1.,0.));
#3042=DIRECTION('center_axis',(-0.707106779606041,0.,0.707106782767054));
#3043=DIRECTION('ref_axis',(0.707106782767054,0.,0.707106779606041));
#3044=DIRECTION('',(-0.707106782767054,0.,-0.707106779606041));
#3045=DIRECTION('',(0.707106782767054,0.,0.707106779606041));
#3046=DIRECTION('center_axis',(-0.70710677892868,0.,0.707106783444415));
#3047=DIRECTION('ref_axis',(0.707106783444415,0.,0.70710677892868));
#3048=DIRECTION('',(-0.707106783444415,0.,-0.70710677892868));
#3049=DIRECTION('',(0.,1.,0.));
#3050=DIRECTION('',(0.707106783444415,0.,0.70710677892868));
#3051=DIRECTION('',(0.,1.,0.));
#3052=DIRECTION('center_axis',(0.,0.,1.));
#3053=DIRECTION('ref_axis',(1.,0.,0.));
#3054=DIRECTION('',(-1.,0.,0.));
#3055=DIRECTION('',(0.,1.,0.));
#3056=DIRECTION('',(1.,0.,0.));
#3057=DIRECTION('center_axis',(-1.,0.,0.));
#3058=DIRECTION('ref_axis',(0.,0.,1.));
#3059=DIRECTION('',(0.,0.,-1.));
#3060=DIRECTION('',(0.,0.,1.));
#3061=DIRECTION('',(0.,1.,0.));
#3062=DIRECTION('center_axis',(0.707106780256837,0.,-0.707106782116258));
#3063=DIRECTION('ref_axis',(-0.707106782116258,0.,-0.707106780256837));
#3064=DIRECTION('',(0.707106782116258,0.,0.707106780256837));
#3065=DIRECTION('',(-0.707106782116258,0.,-0.707106780256837));
#3066=DIRECTION('center_axis',(0.707106779606041,0.,-0.707106782767054));
#3067=DIRECTION('ref_axis',(-0.707106782767054,0.,-0.707106779606041));
#3068=DIRECTION('',(0.707106782767054,0.,0.707106779606041));
#3069=DIRECTION('',(0.,1.,0.));
#3070=DIRECTION('',(-0.707106782767054,0.,-0.707106779606041));
#3071=DIRECTION('',(0.,1.,0.));
#3072=DIRECTION('center_axis',(-3.55848618896523E-9,0.,-1.));
#3073=DIRECTION('ref_axis',(-1.,0.,3.55848618896523E-9));
#3074=DIRECTION('',(1.,0.,-3.55848618896523E-9));
#3075=DIRECTION('',(0.,1.,0.));
#3076=DIRECTION('',(-1.,0.,3.55848618896523E-9));
#3077=DIRECTION('center_axis',(0.,0.,1.));
#3078=DIRECTION('ref_axis',(1.,0.,0.));
#3079=DIRECTION('',(-1.,0.,0.));
#3080=DIRECTION('',(1.,0.,0.));
#3081=DIRECTION('',(0.,1.,0.));
#3082=DIRECTION('center_axis',(-0.707106779606041,0.,0.707106782767054));
#3083=DIRECTION('ref_axis',(0.707106782767054,0.,0.707106779606041));
#3084=DIRECTION('',(-0.707106782767054,0.,-0.707106779606041));
#3085=DIRECTION('',(0.707106782767054,0.,0.707106779606041));
#3086=DIRECTION('center_axis',(0.707106779606041,0.,-0.707106782767054));
#3087=DIRECTION('ref_axis',(-0.707106782767054,0.,-0.707106779606041));
#3088=DIRECTION('',(0.707106782767054,0.,0.707106779606041));
#3089=DIRECTION('',(0.,1.,0.));
#3090=DIRECTION('',(-0.707106782767054,0.,-0.707106779606041));
#3091=DIRECTION('',(0.,1.,0.));
#3092=DIRECTION('center_axis',(-3.55848618896523E-9,0.,-1.));
#3093=DIRECTION('ref_axis',(-1.,0.,3.55848618896523E-9));
#3094=DIRECTION('',(1.,0.,-3.55848618896523E-9));
#3095=DIRECTION('',(0.,1.,0.));
#3096=DIRECTION('',(-1.,0.,3.55848618896523E-9));
#3097=DIRECTION('center_axis',(0.,0.,1.));
#3098=DIRECTION('ref_axis',(1.,0.,0.));
#3099=DIRECTION('',(-1.,0.,0.));
#3100=DIRECTION('',(1.,0.,0.));
#3101=DIRECTION('',(0.,1.,0.));
#3102=DIRECTION('center_axis',(-0.707106779606041,0.,0.707106782767054));
#3103=DIRECTION('ref_axis',(0.707106782767054,0.,0.707106779606041));
#3104=DIRECTION('',(-0.707106782767054,0.,-0.707106779606041));
#3105=DIRECTION('',(0.707106782767054,0.,0.707106779606041));
#3106=DIRECTION('center_axis',(0.,0.,1.));
#3107=DIRECTION('ref_axis',(1.,0.,0.));
#3108=DIRECTION('',(-1.,0.,0.));
#3109=DIRECTION('',(0.,1.,0.));
#3110=DIRECTION('',(1.,0.,0.));
#3111=DIRECTION('',(0.,1.,0.));
#3112=DIRECTION('center_axis',(-1.,0.,0.));
#3113=DIRECTION('ref_axis',(0.,0.,1.));
#3114=DIRECTION('',(0.,0.,-1.));
#3115=DIRECTION('',(0.,0.,1.));
#3116=DIRECTION('',(0.,1.,0.));
#3117=DIRECTION('center_axis',(0.707106781186548,0.,-0.707106781186548));
#3118=DIRECTION('ref_axis',(-0.707106781186548,0.,-0.707106781186548));
#3119=DIRECTION('',(0.707106781186548,0.,0.707106781186548));
#3120=DIRECTION('',(-0.707106781186548,0.,-0.707106781186548));
#3121=DIRECTION('center_axis',(0.,0.,1.));
#3122=DIRECTION('ref_axis',(1.,0.,0.));
#3123=DIRECTION('',(1.,0.,0.));
#3124=DIRECTION('',(0.,1.,0.));
#3125=DIRECTION('',(-1.,0.,0.));
#3126=DIRECTION('',(0.,-1.,0.));
#3127=DIRECTION('center_axis',(-1.,0.,0.));
#3128=DIRECTION('ref_axis',(0.,-1.,0.));
#3129=DIRECTION('',(0.,0.,1.));
#3130=DIRECTION('center_axis',(0.,1.,0.));
#3131=DIRECTION('ref_axis',(-1.,0.,0.));
#3132=DIRECTION('',(0.,0.,1.));
#3133=DIRECTION('center_axis',(1.,0.,0.));
#3134=DIRECTION('ref_axis',(0.,1.,0.));
#3135=DIRECTION('',(0.,0.,1.));
#3136=DIRECTION('center_axis',(0.,-1.,0.));
#3137=DIRECTION('ref_axis',(1.,0.,0.));
#3138=DIRECTION('center_axis',(-1.,0.,0.));
#3139=DIRECTION('ref_axis',(0.,-1.,0.));
#3140=DIRECTION('',(0.,1.,0.));
#3141=DIRECTION('',(0.,0.,1.));
#3142=DIRECTION('',(0.,-1.,0.));
#3143=DIRECTION('',(0.,0.,1.));
#3144=DIRECTION('center_axis',(0.,1.,0.));
#3145=DIRECTION('ref_axis',(-1.,0.,0.));
#3146=DIRECTION('',(1.,0.,0.));
#3147=DIRECTION('',(-1.,0.,0.));
#3148=DIRECTION('',(0.,0.,1.));
#3149=DIRECTION('center_axis',(1.,0.,0.));
#3150=DIRECTION('ref_axis',(0.,1.,0.));
#3151=DIRECTION('',(0.,-1.,0.));
#3152=DIRECTION('',(0.,1.,0.));
#3153=DIRECTION('',(0.,0.,1.));
#3154=DIRECTION('center_axis',(0.,-1.,0.));
#3155=DIRECTION('ref_axis',(1.,0.,0.));
#3156=DIRECTION('',(1.,0.,0.));
#3157=DIRECTION('',(1.,0.,0.));
#3158=DIRECTION('center_axis',(0.,0.,1.));
#3159=DIRECTION('ref_axis',(1.,0.,0.));
#3160=DIRECTION('center_axis',(0.,0.,1.));
#3161=DIRECTION('ref_axis',(1.,0.,0.));
#3162=DIRECTION('center_axis',(1.,0.,0.));
#3163=DIRECTION('ref_axis',(0.,0.,-1.));
#3164=DIRECTION('',(0.,1.,0.));
#3165=DIRECTION('',(0.,0.,-1.));
#3166=DIRECTION('',(0.,-1.,0.));
#3167=DIRECTION('',(0.,0.,1.));
#3168=DIRECTION('center_axis',(0.,1.,0.));
#3169=DIRECTION('ref_axis',(-1.,0.,0.));
#3170=DIRECTION('',(-1.,0.,0.));
#3171=DIRECTION('',(0.,0.,1.));
#3172=DIRECTION('',(-1.,0.,0.));
#3173=DIRECTION('center_axis',(0.,0.,1.));
#3174=DIRECTION('ref_axis',(1.,0.,0.));
#3175=DIRECTION('',(1.,0.,0.));
#3176=DIRECTION('',(0.,1.,0.));
#3177=DIRECTION('center_axis',(1.,0.,0.));
#3178=DIRECTION('ref_axis',(0.,1.,0.));
#3179=DIRECTION('',(0.,1.,0.));
#3180=DIRECTION('',(0.,0.,1.));
#3181=DIRECTION('center_axis',(0.,-1.,0.));
#3182=DIRECTION('ref_axis',(1.,0.,0.));
#3183=DIRECTION('',(1.,0.,0.));
#3184=DIRECTION('center_axis',(0.,0.,1.));
#3185=DIRECTION('ref_axis',(1.,0.,0.));
#3186=DIRECTION('center_axis',(1.,0.,0.));
#3187=DIRECTION('ref_axis',(0.,0.,-1.));
#3188=DIRECTION('',(0.,1.,0.));
#3189=DIRECTION('',(0.,0.,-1.));
#3190=DIRECTION('',(0.,-1.,0.));
#3191=DIRECTION('',(0.,0.,1.));
#3192=DIRECTION('center_axis',(0.,0.,1.));
#3193=DIRECTION('ref_axis',(1.,0.,0.));
#3194=DIRECTION('',(1.,0.,0.));
#3195=DIRECTION('',(0.,1.,0.));
#3196=DIRECTION('',(-1.,0.,0.));
#3197=DIRECTION('center_axis',(0.,-1.,0.));
#3198=DIRECTION('ref_axis',(1.,0.,0.));
#3199=DIRECTION('',(-1.,0.,0.));
#3200=DIRECTION('',(0.,0.,1.));
#3201=DIRECTION('center_axis',(0.,1.,0.));
#3202=DIRECTION('ref_axis',(-1.,0.,0.));
#3203=DIRECTION('',(0.,0.,1.));
#3204=DIRECTION('',(-1.,0.,0.));
#3205=DIRECTION('center_axis',(1.,0.,0.));
#3206=DIRECTION('ref_axis',(0.,1.,0.));
#3207=DIRECTION('',(0.,-1.,0.));
#3208=DIRECTION('center_axis',(0.,0.,1.));
#3209=DIRECTION('ref_axis',(1.,0.,0.));
#3210=DIRECTION('center_axis',(0.,0.,1.));
#3211=DIRECTION('ref_axis',(1.,0.,0.));
#3212=DIRECTION('',(-1.,0.,0.));
#3213=DIRECTION('',(0.,1.,0.));
#3214=DIRECTION('',(1.,0.,0.));
#3215=DIRECTION('',(0.,-1.,0.));
#3216=DIRECTION('center_axis',(1.,0.,0.));
#3217=DIRECTION('ref_axis',(0.,1.,0.));
#3218=DIRECTION('',(0.,0.,1.));
#3219=DIRECTION('',(0.,1.,0.));
#3220=DIRECTION('',(0.,0.,1.));
#3221=DIRECTION('center_axis',(0.,-1.,0.));
#3222=DIRECTION('ref_axis',(0.,0.,-1.));
#3223=DIRECTION('',(0.,0.,-1.));
#3224=DIRECTION('',(-1.,0.,0.));
#3225=DIRECTION('center_axis',(0.,-1.,0.));
#3226=DIRECTION('ref_axis',(1.,0.,0.));
#3227=DIRECTION('',(1.,0.,0.));
#3228=DIRECTION('',(0.,0.,1.));
#3229=DIRECTION('center_axis',(-1.,0.,0.));
#3230=DIRECTION('ref_axis',(0.,-1.,0.));
#3231=DIRECTION('',(0.,-1.,0.));
#3232=DIRECTION('center_axis',(0.,0.,1.));
#3233=DIRECTION('ref_axis',(1.,0.,0.));
#3234=DIRECTION('center_axis',(-1.,0.,0.));
#3235=DIRECTION('ref_axis',(0.,0.,1.));
#3236=DIRECTION('',(0.,0.,-1.));
#3237=DIRECTION('',(0.,1.,0.));
#3238=DIRECTION('',(0.,0.,1.));
#3239=DIRECTION('',(0.,1.,0.));
#3240=DIRECTION('center_axis',(0.,0.,-1.));
#3241=DIRECTION('ref_axis',(-1.,0.,0.));
#3242=DIRECTION('',(-1.,0.,0.));
#3243=DIRECTION('',(-1.,0.,0.));
#3244=DIRECTION('',(0.,1.,0.));
#3245=DIRECTION('center_axis',(1.,0.,0.));
#3246=DIRECTION('ref_axis',(0.,0.,-1.));
#3247=DIRECTION('',(0.,0.,-1.));
#3248=DIRECTION('',(0.,0.,-1.));
#3249=DIRECTION('',(0.,1.,0.));
#3250=DIRECTION('center_axis',(0.,0.,1.));
#3251=DIRECTION('ref_axis',(1.,0.,0.));
#3252=DIRECTION('',(1.,0.,0.));
#3253=DIRECTION('',(1.,0.,0.));
#3254=DIRECTION('center_axis',(0.,1.,0.));
#3255=DIRECTION('ref_axis',(0.,0.,1.));
#3256=DIRECTION('center_axis',(0.,1.,0.));
#3257=DIRECTION('ref_axis',(1.,0.,0.));
#3258=DIRECTION('center_axis',(0.,-1.,0.));
#3259=DIRECTION('ref_axis',(-0.999858793666721,0.,-0.0168045448414778));
#3260=DIRECTION('center_axis',(0.,1.,0.));
#3261=DIRECTION('ref_axis',(1.,0.,0.));
#3262=DIRECTION('',(0.,-1.,0.));
#3263=DIRECTION('center_axis',(0.,1.,0.));
#3264=DIRECTION('ref_axis',(1.,0.,0.));
#3265=DIRECTION('',(0.,-1.,0.));
#3266=DIRECTION('center_axis',(0.,-1.,0.));
#3267=DIRECTION('ref_axis',(1.,0.,0.));
#3268=DIRECTION('center_axis',(0.,1.,0.));
#3269=DIRECTION('ref_axis',(1.,0.,0.));
#3270=DIRECTION('center_axis',(0.,1.,0.));
#3271=DIRECTION('ref_axis',(1.,0.,0.));
#3272=DIRECTION('',(0.,-1.,0.));
#3273=DIRECTION('center_axis',(0.,-1.,0.));
#3274=DIRECTION('ref_axis',(1.,0.,0.));
#3275=DIRECTION('center_axis',(0.,1.,0.));
#3276=DIRECTION('ref_axis',(1.,0.,0.));
#3277=DIRECTION('center_axis',(0.,1.,0.));
#3278=DIRECTION('ref_axis',(1.,0.,0.));
#3279=DIRECTION('',(0.,-1.,0.));
#3280=DIRECTION('center_axis',(0.,0.,1.));
#3281=DIRECTION('ref_axis',(-1.,0.,0.));
#3282=DIRECTION('',(1.,0.,0.));
#3283=DIRECTION('',(-1.,0.,0.));
#3284=DIRECTION('center_axis',(0.,1.,0.));
#3285=DIRECTION('ref_axis',(1.,0.,0.));
#3286=DIRECTION('center_axis',(0.,1.,0.));
#3287=DIRECTION('ref_axis',(1.,0.,0.));
#3288=DIRECTION('center_axis',(0.,1.,0.));
#3289=DIRECTION('ref_axis',(-1.,0.,0.));
#3290=DIRECTION('',(1.,0.,0.));
#3291=DIRECTION('',(0.,0.,1.));
#3292=DIRECTION('',(-1.,0.,0.));
#3293=DIRECTION('',(0.,0.,1.));
#3294=DIRECTION('center_axis',(1.,0.,0.));
#3295=DIRECTION('ref_axis',(0.,1.,0.));
#3296=DIRECTION('',(0.,-1.,0.));
#3297=DIRECTION('',(0.,1.,0.));
#3298=DIRECTION('',(0.,0.,1.));
#3299=DIRECTION('center_axis',(0.,-1.,0.));
#3300=DIRECTION('ref_axis',(1.,0.,0.));
#3301=DIRECTION('',(-1.,0.,0.));
#3302=DIRECTION('',(1.,0.,0.));
#3303=DIRECTION('',(0.,0.,1.));
#3304=DIRECTION('center_axis',(-1.,0.,0.));
#3305=DIRECTION('ref_axis',(0.,-1.,0.));
#3306=DIRECTION('',(0.,1.,0.));
#3307=DIRECTION('',(0.,-1.,0.));
#3308=DIRECTION('center_axis',(0.,0.,1.));
#3309=DIRECTION('ref_axis',(1.,0.,0.));
#3310=DIRECTION('center_axis',(0.,0.,1.));
#3311=DIRECTION('ref_axis',(1.,0.,0.));
#3312=DIRECTION('center_axis',(1.,0.,0.));
#3313=DIRECTION('ref_axis',(0.,1.,0.));
#3314=DIRECTION('',(0.,-1.,0.));
#3315=DIRECTION('',(0.,0.,1.));
#3316=DIRECTION('',(0.,1.,0.));
#3317=DIRECTION('',(0.,0.,1.));
#3318=DIRECTION('center_axis',(0.,-1.,0.));
#3319=DIRECTION('ref_axis',(1.,0.,0.));
#3320=DIRECTION('',(-1.,0.,0.));
#3321=DIRECTION('',(1.,0.,0.));
#3322=DIRECTION('',(0.,0.,1.));
#3323=DIRECTION('center_axis',(-1.,0.,0.));
#3324=DIRECTION('ref_axis',(0.,-1.,0.));
#3325=DIRECTION('',(0.,-1.,0.));
#3326=DIRECTION('',(0.,-1.,0.));
#3327=DIRECTION('',(0.,0.,1.));
#3328=DIRECTION('center_axis',(0.,1.,0.));
#3329=DIRECTION('ref_axis',(-1.,0.,0.));
#3330=DIRECTION('',(-1.,0.,0.));
#3331=DIRECTION('',(-1.,0.,0.));
#3332=DIRECTION('center_axis',(0.,0.,1.));
#3333=DIRECTION('ref_axis',(1.,0.,0.));
#3334=DIRECTION('center_axis',(0.,0.,1.));
#3335=DIRECTION('ref_axis',(1.,0.,0.));
#3336=DIRECTION('center_axis',(-1.,0.,0.));
#3337=DIRECTION('ref_axis',(0.,-1.,0.));
#3338=DIRECTION('',(0.,1.,0.));
#3339=DIRECTION('',(0.,0.,1.));
#3340=DIRECTION('',(0.,-1.,0.));
#3341=DIRECTION('',(0.,0.,1.));
#3342=DIRECTION('center_axis',(0.,1.,0.));
#3343=DIRECTION('ref_axis',(-1.,0.,0.));
#3344=DIRECTION('',(-1.,0.,0.));
#3345=DIRECTION('',(-1.,0.,0.));
#3346=DIRECTION('',(0.,0.,1.));
#3347=DIRECTION('center_axis',(1.,0.,0.));
#3348=DIRECTION('ref_axis',(0.,1.,0.));
#3349=DIRECTION('',(0.,1.,0.));
#3350=DIRECTION('',(0.,1.,0.));
#3351=DIRECTION('',(0.,0.,1.));
#3352=DIRECTION('center_axis',(0.,-1.,0.));
#3353=DIRECTION('ref_axis',(1.,0.,0.));
#3354=DIRECTION('',(1.,0.,0.));
#3355=DIRECTION('',(1.,0.,0.));
#3356=DIRECTION('center_axis',(0.,0.,1.));
#3357=DIRECTION('ref_axis',(1.,0.,0.));
#3358=DIRECTION('center_axis',(0.,0.,1.));
#3359=DIRECTION('ref_axis',(1.,0.,0.));
#3360=DIRECTION('center_axis',(0.,-1.,0.));
#3361=DIRECTION('ref_axis',(1.,0.,0.));
#3362=DIRECTION('',(-1.,0.,0.));
#3363=DIRECTION('',(0.,0.,1.));
#3364=DIRECTION('',(1.,0.,0.));
#3365=DIRECTION('',(0.,0.,1.));
#3366=DIRECTION('center_axis',(-1.,0.,0.));
#3367=DIRECTION('ref_axis',(0.,-1.,0.));
#3368=DIRECTION('',(0.,1.,0.));
#3369=DIRECTION('',(0.,-1.,0.));
#3370=DIRECTION('',(0.,0.,1.));
#3371=DIRECTION('center_axis',(0.,1.,0.));
#3372=DIRECTION('ref_axis',(-1.,0.,0.));
#3373=DIRECTION('',(-1.,0.,0.));
#3374=DIRECTION('',(-1.,0.,0.));
#3375=DIRECTION('',(0.,0.,1.));
#3376=DIRECTION('center_axis',(1.,0.,0.));
#3377=DIRECTION('ref_axis',(0.,1.,0.));
#3378=DIRECTION('',(0.,-1.,0.));
#3379=DIRECTION('',(0.,1.,0.));
#3380=DIRECTION('center_axis',(0.,0.,1.));
#3381=DIRECTION('ref_axis',(1.,0.,0.));
#3382=DIRECTION('center_axis',(0.,0.,1.));
#3383=DIRECTION('ref_axis',(1.,0.,0.));
#3384=CARTESIAN_POINT('',(0.,0.,0.));
#3385=CARTESIAN_POINT('Origin',(4.00000005960464,0.,7.00000009378966));
#3386=CARTESIAN_POINT('',(4.00000005960464,-2.,10.));
#3387=CARTESIAN_POINT('',(4.00000005960464,-2.,23.0000003427267));
#3388=CARTESIAN_POINT('',(4.00000005960464,-2.,3.50000004689483));
#3389=CARTESIAN_POINT('',(4.00000005960464,2.,10.));
#3390=CARTESIAN_POINT('',(4.00000005960464,0.,10.));
#3391=CARTESIAN_POINT('',(4.00000005960464,2.,23.0000003427267));
#3392=CARTESIAN_POINT('',(4.00000005960464,1.99999999999999,3.50000004689483));
#3393=CARTESIAN_POINT('',(4.00000005960464,49.,23.));
#3394=CARTESIAN_POINT('Origin',(198.50000295788,-2.,11.5000001713634));
#3395=CARTESIAN_POINT('',(0.,-2.,23.));
#3396=CARTESIAN_POINT('',(67.0000009983778,-2.,23.0000003427267));
#3397=CARTESIAN_POINT('',(0.,-2.,0.));
#3398=CARTESIAN_POINT('',(0.,-2.,0.));
#3399=CARTESIAN_POINT('',(73.162752060595,-2.,-8.67361737988404E-18));
#3400=CARTESIAN_POINT('',(0.,-2.,0.));
#3401=CARTESIAN_POINT('',(92.960387542698,-2.,7.68475795608248));
#3402=CARTESIAN_POINT('Ctrl Pts',(73.1627520605951,-2.,2.42167397246362E-15));
#3403=CARTESIAN_POINT('Ctrl Pts',(73.1794970561026,-2.,0.243860229547481));
#3404=CARTESIAN_POINT('Ctrl Pts',(73.2447343669358,-2.,0.783300421903503));
#3405=CARTESIAN_POINT('Ctrl Pts',(73.4429809671533,-2.,1.58536736196474));
#3406=CARTESIAN_POINT('Ctrl Pts',(73.919929294404,-2.,2.5932554874166));
#3407=CARTESIAN_POINT('Ctrl Pts',(74.8965811533466,-2.,3.72079607195465));
#3408=CARTESIAN_POINT('Ctrl Pts',(76.3469671224568,-2.,4.72772549487592));
#3409=CARTESIAN_POINT('Ctrl Pts',(78.2314809645187,-2.,5.5653882191874));
#3410=CARTESIAN_POINT('Ctrl Pts',(80.5184735157862,-2.,6.24612427140638));
#3411=CARTESIAN_POINT('Ctrl Pts',(83.1657859107862,-2.,6.78637141658293));
#3412=CARTESIAN_POINT('Ctrl Pts',(86.1312697718345,-2.,7.20256333057009));
#3413=CARTESIAN_POINT('Ctrl Pts',(88.73147145757,-2.,7.44669182399915));
#3414=CARTESIAN_POINT('Ctrl Pts',(90.8004642331493,-2.,7.5834518228701));
#3415=CARTESIAN_POINT('Ctrl Pts',(92.2317529369046,-2.,7.65436584981901));
#3416=CARTESIAN_POINT('Ctrl Pts',(92.960387542698,-2.,7.68475795608248));
#3417=CARTESIAN_POINT('',(97.0000014454126,-2.,8.00000011920929));
#3418=CARTESIAN_POINT('',(92.960387542698,-2.,7.68475795608248));
#3419=CARTESIAN_POINT('',(298.000004440546,-2.,8.));
#3420=CARTESIAN_POINT('',(67.0000009983778,-2.,8.));
#3421=CARTESIAN_POINT('',(298.000004440546,-2.,7.93983629817365));
#3422=CARTESIAN_POINT('',(298.000004440546,-2.,15.0000002235174));
#3423=CARTESIAN_POINT('',(313.418516948529,-2.,2.38524477946811E-17));
#3424=CARTESIAN_POINT('Ctrl Pts',(298.000004440546,-2.,7.93983629817365));
#3425=CARTESIAN_POINT('Ctrl Pts',(298.626216220913,-2.,7.8878072199796));
#3426=CARTESIAN_POINT('Ctrl Pts',(299.853676403414,-2.,7.77527596766269));
#3427=CARTESIAN_POINT('Ctrl Pts',(301.619977907761,-2.,7.58106026481094));
#3428=CARTESIAN_POINT('Ctrl Pts',(303.822793564323,-2.,7.27042811656558));
#3429=CARTESIAN_POINT('Ctrl Pts',(306.302786260252,-2.,6.78929715355241));
#3430=CARTESIAN_POINT('Ctrl Pts',(308.477417408796,-2.,6.20452005497264));
#3431=CARTESIAN_POINT('Ctrl Pts',(310.306770144821,-2.,5.5025481967318));
#3432=CARTESIAN_POINT('Ctrl Pts',(311.75122628376,-2.,4.66993433320758));
#3433=CARTESIAN_POINT('Ctrl Pts',(312.781973841788,-2.,3.69689907072985));
#3434=CARTESIAN_POINT('Ctrl Pts',(313.397338472043,-2.,2.5940186668612));
#3435=CARTESIAN_POINT('Ctrl Pts',(313.583623257005,-2.,1.61007806861225));
#3436=CARTESIAN_POINT('Ctrl Pts',(313.561126192734,-2.,0.819851052071463));
#3437=CARTESIAN_POINT('Ctrl Pts',(313.476558714429,-2.,0.273134565921125));
#3438=CARTESIAN_POINT('Ctrl Pts',(313.418516948529,-2.,1.92068583260152E-14));
#3439=CARTESIAN_POINT('',(330.000004917383,-2.,0.));
#3440=CARTESIAN_POINT('',(0.,-2.,0.));
#3441=CARTESIAN_POINT('',(330.000004917383,-2.,10.0000001490116));
#3442=CARTESIAN_POINT('Ctrl Pts',(330.000004917383,-2.,0.));
#3443=CARTESIAN_POINT('Ctrl Pts',(329.924157307111,-2.,0.200000002980219));
#3444=CARTESIAN_POINT('Ctrl Pts',(329.779085822221,-2.,0.600000008940661));
#3445=CARTESIAN_POINT('Ctrl Pts',(329.581349192867,-2.,1.20000001788134));
#3446=CARTESIAN_POINT('Ctrl Pts',(329.358100631898,-2.,2.00000002980226));
#3447=CARTESIAN_POINT('Ctrl Pts',(329.150943515547,-2.,3.00000004470343));
#3448=CARTESIAN_POINT('Ctrl Pts',(329.022115939024,-2.,4.00000005960461));
#3449=CARTESIAN_POINT('Ctrl Pts',(328.978010188575,-2.,5.00000007450581));
#3450=CARTESIAN_POINT('Ctrl Pts',(329.022115938718,-2.,6.00000008940699));
#3451=CARTESIAN_POINT('Ctrl Pts',(329.150943515013,-2.,7.00000010430816));
#3452=CARTESIAN_POINT('Ctrl Pts',(329.358100631288,-2.,8.00000011920927));
#3453=CARTESIAN_POINT('Ctrl Pts',(329.581349192369,-2.,8.80000013113019));
#3454=CARTESIAN_POINT('Ctrl Pts',(329.779085821924,-2.,9.4000001400709));
#3455=CARTESIAN_POINT('Ctrl Pts',(329.924157307003,-2.,9.80000014603137));
#3456=CARTESIAN_POINT('Ctrl Pts',(330.000004917383,-2.,10.0000001490116));
#3457=CARTESIAN_POINT('',(324.840254456733,-2.,15.0000003427267));
#3458=CARTESIAN_POINT('Ctrl Pts',(330.000004917383,-2.,10.0000001490116));
#3459=CARTESIAN_POINT('Ctrl Pts',(329.709108524074,-2.,10.157503042744));
#3460=CARTESIAN_POINT('Ctrl Pts',(329.142412951625,-2.,10.4815635610347));
#3461=CARTESIAN_POINT('Ctrl Pts',(328.337660765949,-2.,10.9948182493548));
#3462=CARTESIAN_POINT('Ctrl Pts',(327.356734492642,-2.,11.7343818764133));
#3463=CARTESIAN_POINT('Ctrl Pts',(326.320501147179,-2.,12.7318129838838));
#3464=CARTESIAN_POINT('Ctrl Pts',(325.630328196018,-2.,13.6048264525703));
#3465=CARTESIAN_POINT('Ctrl Pts',(325.197124315334,-2.,14.2999887187107));
#3466=CARTESIAN_POINT('Ctrl Pts',(324.948786989316,-2.,14.7740554549204));
#3467=CARTESIAN_POINT('Ctrl Pts',(324.840254456733,-2.,15.0000003427267));
#3468=CARTESIAN_POINT('',(324.000004827976,-2.,23.0000003427267));
#3469=CARTESIAN_POINT('Ctrl Pts',(324.840254456733,-2.,15.0000003427267));
#3470=CARTESIAN_POINT('Ctrl Pts',(324.824989992334,-2.,15.0317781665193));
#3471=CARTESIAN_POINT('Ctrl Pts',(324.687276114072,-2.,15.3220869306525));
#3472=CARTESIAN_POINT('Ctrl Pts',(324.450169824216,-2.,15.8847553419779));
#3473=CARTESIAN_POINT('Ctrl Pts',(324.165783166283,-2.,16.7510382082456));
#3474=CARTESIAN_POINT('Ctrl Pts',(323.91095343264,-2.,17.9670195944535));
#3475=CARTESIAN_POINT('Ctrl Pts',(323.774298736426,-2.,19.5449163857767));
#3476=CARTESIAN_POINT('Ctrl Pts',(323.791143736083,-2.,20.882905006625));
#3477=CARTESIAN_POINT('Ctrl Pts',(323.870175679551,-2.,21.9262195657126));
#3478=CARTESIAN_POINT('Ctrl Pts',(323.951890418356,-2.,22.6391717538769));
#3479=CARTESIAN_POINT('Ctrl Pts',(324.000004827976,-2.,23.0000003427267));
#3480=CARTESIAN_POINT('',(313.405432932492,-2.,23.0000003427267));
#3481=CARTESIAN_POINT('',(67.0000009983778,-2.,23.0000003427267));
#3482=CARTESIAN_POINT('',(298.000004440546,-2.,15.0000002235174));
#3483=CARTESIAN_POINT('Ctrl Pts',(313.405432932492,-2.,23.0000003427267));
#3484=CARTESIAN_POINT('Ctrl Pts',(313.469087692336,-2.,22.7138160424088));
#3485=CARTESIAN_POINT('Ctrl Pts',(313.560066717664,-2.,22.1537787761408));
#3486=CARTESIAN_POINT('Ctrl Pts',(313.587553810229,-2.,21.350713472855));
#3487=CARTESIAN_POINT('Ctrl Pts',(313.40256658845,-2.,20.3551878882267));
#3488=CARTESIAN_POINT('Ctrl Pts',(312.781973841788,-2.,19.2429374509633));
#3489=CARTESIAN_POINT('Ctrl Pts',(311.75122628376,-2.,18.2699021884828));
#3490=CARTESIAN_POINT('Ctrl Pts',(310.306770144821,-2.,17.4372883249572));
#3491=CARTESIAN_POINT('Ctrl Pts',(308.477417408796,-2.,16.7353164667167));
#3492=CARTESIAN_POINT('Ctrl Pts',(306.302786260252,-2.,16.1505393681384));
#3493=CARTESIAN_POINT('Ctrl Pts',(303.822793564323,-2.,15.6694084051268));
#3494=CARTESIAN_POINT('Ctrl Pts',(301.619977907761,-2.,15.358776256882));
#3495=CARTESIAN_POINT('Ctrl Pts',(299.853676403414,-2.,15.1645605540297));
#3496=CARTESIAN_POINT('Ctrl Pts',(298.626216220913,-2.,15.052029301712));
#3497=CARTESIAN_POINT('Ctrl Pts',(298.000004440546,-2.,15.0000002235174));
#3498=CARTESIAN_POINT('',(92.9603875427114,-2.,15.0000003427267));
#3499=CARTESIAN_POINT('',(324.840254456733,-2.,15.0000003427267));
#3500=CARTESIAN_POINT('',(73.1492919348819,-2.,23.0000003427267));
#3501=CARTESIAN_POINT('Ctrl Pts',(92.9603875427114,-2.,15.0000003427267));
#3502=CARTESIAN_POINT('Ctrl Pts',(92.2317529369153,-2.,15.0303924489859));
#3503=CARTESIAN_POINT('Ctrl Pts',(90.800464233155,-2.,15.1013064759269));
#3504=CARTESIAN_POINT('Ctrl Pts',(88.7314714575696,-2.,15.238066474788));
#3505=CARTESIAN_POINT('Ctrl Pts',(86.1312697718287,-2.,15.4821949682082));
#3506=CARTESIAN_POINT('Ctrl Pts',(83.1657859107779,-2.,15.8983868821918));
#3507=CARTESIAN_POINT('Ctrl Pts',(80.5184735157798,-2.,16.4386340273721));
#3508=CARTESIAN_POINT('Ctrl Pts',(78.2314809645189,-2.,17.1193700796019));
#3509=CARTESIAN_POINT('Ctrl Pts',(76.3469671224673,-2.,17.9570328039292));
#3510=CARTESIAN_POINT('Ctrl Pts',(74.8965811533692,-2.,18.963962226868));
#3511=CARTESIAN_POINT('Ctrl Pts',(73.8784256831582,-2.,20.1394185612246));
#3512=CARTESIAN_POINT('Ctrl Pts',(73.3926195681914,-2.,21.2079510612098));
#3513=CARTESIAN_POINT('Ctrl Pts',(73.2038197569627,-2.,22.0777993404172));
#3514=CARTESIAN_POINT('Ctrl Pts',(73.1546788784654,-2.,22.6876135715513));
#3515=CARTESIAN_POINT('Ctrl Pts',(73.1492919348819,-2.,23.0000003427267));
#3516=CARTESIAN_POINT('',(40.0000005960464,-2.,23.0000003427267));
#3517=CARTESIAN_POINT('',(67.0000009983778,-2.,23.0000003427267));
#3518=CARTESIAN_POINT('',(40.0000005960464,-2.,10.));
#3519=CARTESIAN_POINT('',(40.0000005960464,-2.,17.250000257045));
#3520=CARTESIAN_POINT('',(20.0000002980232,-2.,10.));
#3521=CARTESIAN_POINT('Origin',(188.890041850355,100.,23.));
#3522=CARTESIAN_POINT('',(40.0000005960464,2.,23.0000003427267));
#3523=CARTESIAN_POINT('',(40.0000005960464,49.,23.));
#3524=CARTESIAN_POINT('',(73.1492919348819,0.,23.0000003427267));
#3525=CARTESIAN_POINT('',(73.1492919348819,0.,23.0000003427267));
#3526=CARTESIAN_POINT('',(313.405432932492,0.,23.0000003427267));
#3527=CARTESIAN_POINT('',(0.,0.,23.));
#3528=CARTESIAN_POINT('',(313.405432932492,0.,23.0000003427267));
#3529=CARTESIAN_POINT('',(324.000004827976,0.,23.0000003427267));
#3530=CARTESIAN_POINT('',(324.000004827976,0.,23.0000003427267));
#3531=CARTESIAN_POINT('',(325.973211064135,0.,23.0000003427267));
#3532=CARTESIAN_POINT('',(0.,0.,23.));
#3533=CARTESIAN_POINT('',(325.973211064135,-1.,23.0000003427267));
#3534=CARTESIAN_POINT('',(325.973211064135,0.,23.0000003427267));
#3535=CARTESIAN_POINT('',(363.132702966314,-1.,23.0000003427267));
#3536=CARTESIAN_POINT('',(266.679785055549,-0.999999999999996,23.));
#3537=CARTESIAN_POINT('',(363.132702966314,-2.,23.0000003427267));
#3538=CARTESIAN_POINT('',(363.132702966314,0.,23.0000003427267));
#3539=CARTESIAN_POINT('',(378.000005632639,-2.,23.0000003427267));
#3540=CARTESIAN_POINT('',(67.0000009983778,-2.,23.0000003427267));
#3541=CARTESIAN_POINT('',(378.000005632639,0.,23.0000003427267));
#3542=CARTESIAN_POINT('',(378.000005632639,0.,23.0000003427267));
#3543=CARTESIAN_POINT('',(375.780083700711,0.,23.));
#3544=CARTESIAN_POINT('',(67.0000009983778,0.,23.0000003427267));
#3545=CARTESIAN_POINT('',(375.780083700711,1.99999999999999,23.));
#3546=CARTESIAN_POINT('',(375.780083700711,0.,23.));
#3547=CARTESIAN_POINT('',(365.,1.99999999999999,23.));
#3548=CARTESIAN_POINT('Origin',(325.,22.,11.));
#3549=CARTESIAN_POINT('',(330.,22.,3.));
#3550=CARTESIAN_POINT('',(325.,22.,3.));
#3551=CARTESIAN_POINT('',(254.25,22.,3.));
#3552=CARTESIAN_POINT('',(330.,22.,0.));
#3553=CARTESIAN_POINT('',(330.,22.,0.));
#3554=CARTESIAN_POINT('',(325.,22.,0.));
#3555=CARTESIAN_POINT('',(254.25,22.,0.));
#3556=CARTESIAN_POINT('',(325.,22.,0.));
#3557=CARTESIAN_POINT('Origin',(325.,42.,0.));
#3558=CARTESIAN_POINT('',(325.,42.,3.));
#3559=CARTESIAN_POINT('',(325.,71.,3.));
#3560=CARTESIAN_POINT('',(325.,42.,0.));
#3561=CARTESIAN_POINT('',(325.,71.,0.));
#3562=CARTESIAN_POINT('',(325.,42.,0.));
#3563=CARTESIAN_POINT('Origin',(325.,42.,0.));
#3564=CARTESIAN_POINT('',(330.,42.,3.));
#3565=CARTESIAN_POINT('',(254.25,42.,3.));
#3566=CARTESIAN_POINT('',(330.,42.,0.));
#3567=CARTESIAN_POINT('',(254.25,42.,0.));
#3568=CARTESIAN_POINT('',(330.,42.,0.));
#3569=CARTESIAN_POINT('Origin',(330.,42.,0.));
#3570=CARTESIAN_POINT('',(330.,71.,3.));
#3571=CARTESIAN_POINT('',(330.,71.,0.));
#3572=CARTESIAN_POINT('Origin',(325.,158.,11.));
#3573=CARTESIAN_POINT('',(330.,158.,3.));
#3574=CARTESIAN_POINT('',(325.,158.,3.));
#3575=CARTESIAN_POINT('',(254.25,158.,3.));
#3576=CARTESIAN_POINT('',(330.,158.,0.));
#3577=CARTESIAN_POINT('',(330.,158.,0.));
#3578=CARTESIAN_POINT('',(325.,158.,0.));
#3579=CARTESIAN_POINT('',(254.25,158.,0.));
#3580=CARTESIAN_POINT('',(325.,158.,0.));
#3581=CARTESIAN_POINT('Origin',(325.,178.,0.));
#3582=CARTESIAN_POINT('',(325.,178.,3.));
#3583=CARTESIAN_POINT('',(325.,139.,3.));
#3584=CARTESIAN_POINT('',(325.,178.,0.));
#3585=CARTESIAN_POINT('',(325.,139.,0.));
#3586=CARTESIAN_POINT('',(325.,178.,0.));
#3587=CARTESIAN_POINT('Origin',(325.,178.,0.));
#3588=CARTESIAN_POINT('',(330.,178.,3.));
#3589=CARTESIAN_POINT('',(254.25,178.,3.));
#3590=CARTESIAN_POINT('',(330.,178.,0.));
#3591=CARTESIAN_POINT('',(254.25,178.,0.));
#3592=CARTESIAN_POINT('',(330.,178.,0.));
#3593=CARTESIAN_POINT('Origin',(330.,178.,0.));
#3594=CARTESIAN_POINT('',(330.,139.,3.));
#3595=CARTESIAN_POINT('',(330.,139.,0.));
#3596=CARTESIAN_POINT('Origin',(65.,22.,0.));
#3597=CARTESIAN_POINT('',(65.,22.,0.));
#3598=CARTESIAN_POINT('',(85.,22.,0.));
#3599=CARTESIAN_POINT('',(124.25,22.,0.));
#3600=CARTESIAN_POINT('',(65.,22.,3.));
#3601=CARTESIAN_POINT('',(65.,22.,0.));
#3602=CARTESIAN_POINT('',(85.,22.,3.));
#3603=CARTESIAN_POINT('',(124.25,22.,3.));
#3604=CARTESIAN_POINT('',(85.,22.,0.));
#3605=CARTESIAN_POINT('Origin',(183.5,100.,3.));
#3606=CARTESIAN_POINT('',(85.,191.,3.));
#3607=CARTESIAN_POINT('',(85.,198.,3.));
#3608=CARTESIAN_POINT('',(85.,149.,3.));
#3609=CARTESIAN_POINT('',(2.,198.,3.));
#3610=CARTESIAN_POINT('',(92.75,198.,3.));
#3611=CARTESIAN_POINT('',(2.,1.99999999999999,3.));
#3612=CARTESIAN_POINT('',(1.99999999999999,51.,3.));
#3613=CARTESIAN_POINT('',(365.,1.99999999999999,3.));
#3614=CARTESIAN_POINT('',(279.640041850355,1.99999999999999,3.));
#3615=CARTESIAN_POINT('',(365.,191.,3.));
#3616=CARTESIAN_POINT('',(365.,198.,3.));
#3617=CARTESIAN_POINT('',(134.25,191.,3.));
#3618=CARTESIAN_POINT('',(85.,178.,3.));
#3619=CARTESIAN_POINT('',(85.,168.,3.));
#3620=CARTESIAN_POINT('',(85.,129.,3.));
#3621=CARTESIAN_POINT('',(65.,168.,3.));
#3622=CARTESIAN_POINT('',(70.,168.,3.));
#3623=CARTESIAN_POINT('',(65.,178.,3.));
#3624=CARTESIAN_POINT('',(65.,129.,3.));
#3625=CARTESIAN_POINT('',(134.25,178.,3.));
#3626=CARTESIAN_POINT('',(85.,42.,3.));
#3627=CARTESIAN_POINT('',(85.,71.,3.));
#3628=CARTESIAN_POINT('',(65.,42.,3.));
#3629=CARTESIAN_POINT('',(65.,71.,3.));
#3630=CARTESIAN_POINT('',(134.25,42.,3.));
#3631=CARTESIAN_POINT('Origin',(65.,42.,11.));
#3632=CARTESIAN_POINT('',(65.,42.,0.));
#3633=CARTESIAN_POINT('',(65.,71.,0.));
#3634=CARTESIAN_POINT('',(65.,42.,0.));
#3635=CARTESIAN_POINT('Origin',(85.,42.,0.));
#3636=CARTESIAN_POINT('',(85.,42.,0.));
#3637=CARTESIAN_POINT('',(134.25,42.,0.));
#3638=CARTESIAN_POINT('',(85.,42.,0.));
#3639=CARTESIAN_POINT('Origin',(85.,42.,0.));
#3640=CARTESIAN_POINT('',(85.,71.,0.));
#3641=CARTESIAN_POINT('Origin',(85.,158.,0.));
#3642=CARTESIAN_POINT('',(85.,178.,11.));
#3643=CARTESIAN_POINT('',(85.,178.,0.));
#3644=CARTESIAN_POINT('',(85.,168.,11.));
#3645=CARTESIAN_POINT('',(85.,198.,11.));
#3646=CARTESIAN_POINT('',(85.,168.,0.));
#3647=CARTESIAN_POINT('Origin',(85.,178.,0.));
#3648=CARTESIAN_POINT('',(65.,178.,11.));
#3649=CARTESIAN_POINT('',(65.,178.,0.));
#3650=CARTESIAN_POINT('',(85.,178.,11.));
#3651=CARTESIAN_POINT('Origin',(65.,168.,0.));
#3652=CARTESIAN_POINT('',(65.,168.,11.));
#3653=CARTESIAN_POINT('',(70.,168.,11.));
#3654=CARTESIAN_POINT('',(65.,168.,0.));
#3655=CARTESIAN_POINT('Origin',(75.,168.,11.));
#3656=CARTESIAN_POINT('',(65.,178.,11.));
#3657=CARTESIAN_POINT('Origin',(65.,178.,0.));
#3658=CARTESIAN_POINT('Origin',(183.5,100.,0.));
#3659=CARTESIAN_POINT('',(0.,200.,0.));
#3660=CARTESIAN_POINT('',(0.,200.,0.));
#3661=CARTESIAN_POINT('',(375.780083700711,200.,0.));
#3662=CARTESIAN_POINT('',(0.,200.,0.));
#3663=CARTESIAN_POINT('',(375.780083700711,0.,0.));
#3664=CARTESIAN_POINT('',(375.780083700711,0.,0.));
#3665=CARTESIAN_POINT('',(378.000005632639,0.,0.));
#3666=CARTESIAN_POINT('',(0.,0.,0.));
#3667=CARTESIAN_POINT('',(378.000005632639,-2.,0.));
#3668=CARTESIAN_POINT('',(378.000005632639,0.,0.));
#3669=CARTESIAN_POINT('',(360.282862225719,-2.,3.33066907387547E-15));
#3670=CARTESIAN_POINT('',(0.,-2.,0.));
#3671=CARTESIAN_POINT('',(360.282862225719,-2.5,3.33066907387547E-15));
#3672=CARTESIAN_POINT('',(360.282862225719,0.,3.33066907387547E-15));
#3673=CARTESIAN_POINT('',(331.717148085885,-2.5,-1.11022302462516E-15));
#3674=CARTESIAN_POINT('',(0.,-2.5,0.));
#3675=CARTESIAN_POINT('',(331.717148085885,0.,-1.11022302462516E-15));
#3676=CARTESIAN_POINT('',(331.717148085885,0.,-1.11022302462516E-15));
#3677=CARTESIAN_POINT('',(330.000004917383,0.,0.));
#3678=CARTESIAN_POINT('',(0.,0.,0.));
#3679=CARTESIAN_POINT('',(330.000004917383,0.,0.));
#3680=CARTESIAN_POINT('',(313.418516948529,1.16709840974681E-15,2.38524477946811E-17));
#3681=CARTESIAN_POINT('',(313.418516948529,1.16709840974681E-15,2.38524477946811E-17));
#3682=CARTESIAN_POINT('',(73.162752060595,-6.76763175101536E-16,-8.67361737988404E-18));
#3683=CARTESIAN_POINT('',(0.,0.,0.));
#3684=CARTESIAN_POINT('',(73.162752060595,-6.76763175101536E-16,-8.67361737988404E-18));
#3685=CARTESIAN_POINT('Origin',(375.780083700711,1.99999999999999,0.));
#3686=CARTESIAN_POINT('',(40.0000005960464,2.,10.));
#3687=CARTESIAN_POINT('',(0.,2.,10.));
#3688=CARTESIAN_POINT('',(40.0000005960464,1.99999999999999,8.00000017136335));
#3689=CARTESIAN_POINT('',(375.780083700711,1.99999999999999,10.));
#3690=CARTESIAN_POINT('',(375.780083700711,1.99999999999999,0.));
#3691=CARTESIAN_POINT('',(365.,1.99999999999999,10.));
#3692=CARTESIAN_POINT('',(303.085062775533,1.99999999999999,10.));
#3693=CARTESIAN_POINT('',(365.,1.99999999999999,0.));
#3694=CARTESIAN_POINT('',(2.,1.99999999999999,23.));
#3695=CARTESIAN_POINT('',(2.,1.99999999999999,0.));
#3696=CARTESIAN_POINT('',(365.,1.99999999999999,23.));
#3697=CARTESIAN_POINT('Origin',(336.340254456733,0.,20.3736920988007));
#3698=CARTESIAN_POINT('',(331.950230604452,-1.,10.6217295131195));
#3699=CARTESIAN_POINT('Origin',(336.340254456733,-1.,20.3736920988007));
#3700=CARTESIAN_POINT('',(331.950230604452,0.,10.6217295131195));
#3701=CARTESIAN_POINT('Origin',(336.340254456733,0.,20.3736920988007));
#3702=CARTESIAN_POINT('',(331.950230604452,0.,10.6217295131195));
#3703=CARTESIAN_POINT('Ctrl Pts',(92.9603875427114,0.,15.0000003427267));
#3704=CARTESIAN_POINT('Ctrl Pts',(92.9603875427114,-2.,15.0000003427267));
#3705=CARTESIAN_POINT('Ctrl Pts',(92.2317529369153,0.,15.0303924489859));
#3706=CARTESIAN_POINT('Ctrl Pts',(92.2317529369153,-2.,15.0303924489859));
#3707=CARTESIAN_POINT('Ctrl Pts',(90.800464233155,0.,15.1013064759269));
#3708=CARTESIAN_POINT('Ctrl Pts',(90.800464233155,-2.,15.1013064759269));
#3709=CARTESIAN_POINT('Ctrl Pts',(88.7314714575696,0.,15.238066474788));
#3710=CARTESIAN_POINT('Ctrl Pts',(88.7314714575696,-2.,15.238066474788));
#3711=CARTESIAN_POINT('Ctrl Pts',(86.1312697718287,0.,15.4821949682082));
#3712=CARTESIAN_POINT('Ctrl Pts',(86.1312697718287,-2.,15.4821949682082));
#3713=CARTESIAN_POINT('Ctrl Pts',(83.1657859107779,0.,15.8983868821918));
#3714=CARTESIAN_POINT('Ctrl Pts',(83.1657859107779,-2.,15.8983868821918));
#3715=CARTESIAN_POINT('Ctrl Pts',(80.5184735157798,0.,16.4386340273721));
#3716=CARTESIAN_POINT('Ctrl Pts',(80.5184735157798,-2.,16.4386340273721));
#3717=CARTESIAN_POINT('Ctrl Pts',(78.2314809645189,0.,17.1193700796019));
#3718=CARTESIAN_POINT('Ctrl Pts',(78.2314809645189,-2.,17.1193700796019));
#3719=CARTESIAN_POINT('Ctrl Pts',(76.3469671224673,0.,17.9570328039292));
#3720=CARTESIAN_POINT('Ctrl Pts',(76.3469671224673,-2.,17.9570328039292));
#3721=CARTESIAN_POINT('Ctrl Pts',(74.8965811533692,0.,18.963962226868));
#3722=CARTESIAN_POINT('Ctrl Pts',(74.8965811533692,-2.,18.963962226868));
#3723=CARTESIAN_POINT('Ctrl Pts',(73.8784256831582,0.,20.1394185612246));
#3724=CARTESIAN_POINT('Ctrl Pts',(73.8784256831582,-2.,20.1394185612246));
#3725=CARTESIAN_POINT('Ctrl Pts',(73.3926195681914,0.,21.2079510612098));
#3726=CARTESIAN_POINT('Ctrl Pts',(73.3926195681914,-2.,21.2079510612098));
#3727=CARTESIAN_POINT('Ctrl Pts',(73.2038197569627,0.,22.0777993404172));
#3728=CARTESIAN_POINT('Ctrl Pts',(73.2038197569627,-2.,22.0777993404172));
#3729=CARTESIAN_POINT('Ctrl Pts',(73.1546788784654,0.,22.6876135715513));
#3730=CARTESIAN_POINT('Ctrl Pts',(73.1546788784654,-2.,22.6876135715513));
#3731=CARTESIAN_POINT('Ctrl Pts',(73.1492919348819,0.,23.0000003427267));
#3732=CARTESIAN_POINT('Ctrl Pts',(73.1492919348819,-2.,23.0000003427267));
#3733=CARTESIAN_POINT('',(92.9603875427114,0.,15.0000003427267));
#3734=CARTESIAN_POINT('Ctrl Pts',(73.1492919348819,0.,23.0000003427267));
#3735=CARTESIAN_POINT('Ctrl Pts',(73.1546788784654,0.,22.6876135715513));
#3736=CARTESIAN_POINT('Ctrl Pts',(73.2038197569627,0.,22.0777993404172));
#3737=CARTESIAN_POINT('Ctrl Pts',(73.3926195681914,0.,21.2079510612098));
#3738=CARTESIAN_POINT('Ctrl Pts',(73.8784256831582,0.,20.1394185612246));
#3739=CARTESIAN_POINT('Ctrl Pts',(74.8965811533692,0.,18.963962226868));
#3740=CARTESIAN_POINT('Ctrl Pts',(76.3469671224673,0.,17.9570328039292));
#3741=CARTESIAN_POINT('Ctrl Pts',(78.2314809645189,0.,17.1193700796019));
#3742=CARTESIAN_POINT('Ctrl Pts',(80.5184735157798,0.,16.4386340273721));
#3743=CARTESIAN_POINT('Ctrl Pts',(83.1657859107779,0.,15.8983868821918));
#3744=CARTESIAN_POINT('Ctrl Pts',(86.1312697718287,0.,15.4821949682082));
#3745=CARTESIAN_POINT('Ctrl Pts',(88.7314714575696,0.,15.238066474788));
#3746=CARTESIAN_POINT('Ctrl Pts',(90.800464233155,0.,15.1013064759269));
#3747=CARTESIAN_POINT('Ctrl Pts',(92.2317529369153,0.,15.0303924489859));
#3748=CARTESIAN_POINT('Ctrl Pts',(92.9603875427114,0.,15.0000003427267));
#3749=CARTESIAN_POINT('',(92.9603875427114,0.,15.0000003427267));
#3750=CARTESIAN_POINT('Origin',(298.000004440546,0.,15.0000003427267));
#3751=CARTESIAN_POINT('',(298.000004440546,0.,15.0000002235174));
#3752=CARTESIAN_POINT('',(149.000002220273,0.,15.0000003427267));
#3753=CARTESIAN_POINT('',(298.000004440546,0.,15.0000002235174));
#3754=CARTESIAN_POINT('Ctrl Pts',(313.405432932492,0.,23.0000003427267));
#3755=CARTESIAN_POINT('Ctrl Pts',(313.405432932492,-2.,23.0000003427267));
#3756=CARTESIAN_POINT('Ctrl Pts',(313.469087692336,0.,22.7138160424088));
#3757=CARTESIAN_POINT('Ctrl Pts',(313.469087692336,-2.,22.7138160424088));
#3758=CARTESIAN_POINT('Ctrl Pts',(313.560066717664,0.,22.1537787761408));
#3759=CARTESIAN_POINT('Ctrl Pts',(313.560066717664,-2.,22.1537787761408));
#3760=CARTESIAN_POINT('Ctrl Pts',(313.587553810229,0.,21.350713472855));
#3761=CARTESIAN_POINT('Ctrl Pts',(313.587553810229,-2.,21.350713472855));
#3762=CARTESIAN_POINT('Ctrl Pts',(313.40256658845,0.,20.3551878882267));
#3763=CARTESIAN_POINT('Ctrl Pts',(313.40256658845,-2.,20.3551878882267));
#3764=CARTESIAN_POINT('Ctrl Pts',(312.781973841788,0.,19.2429374509633));
#3765=CARTESIAN_POINT('Ctrl Pts',(312.781973841788,-2.,19.2429374509633));
#3766=CARTESIAN_POINT('Ctrl Pts',(311.75122628376,0.,18.2699021884828));
#3767=CARTESIAN_POINT('Ctrl Pts',(311.75122628376,-2.,18.2699021884828));
#3768=CARTESIAN_POINT('Ctrl Pts',(310.306770144821,0.,17.4372883249572));
#3769=CARTESIAN_POINT('Ctrl Pts',(310.306770144821,-2.,17.4372883249572));
#3770=CARTESIAN_POINT('Ctrl Pts',(308.477417408796,0.,16.7353164667167));
#3771=CARTESIAN_POINT('Ctrl Pts',(308.477417408796,-2.,16.7353164667167));
#3772=CARTESIAN_POINT('Ctrl Pts',(306.302786260252,0.,16.1505393681384));
#3773=CARTESIAN_POINT('Ctrl Pts',(306.302786260252,-2.,16.1505393681384));
#3774=CARTESIAN_POINT('Ctrl Pts',(303.822793564323,0.,15.6694084051268));
#3775=CARTESIAN_POINT('Ctrl Pts',(303.822793564323,-2.,15.6694084051268));
#3776=CARTESIAN_POINT('Ctrl Pts',(301.619977907761,0.,15.358776256882));
#3777=CARTESIAN_POINT('Ctrl Pts',(301.619977907761,-2.,15.358776256882));
#3778=CARTESIAN_POINT('Ctrl Pts',(299.853676403414,0.,15.1645605540297));
#3779=CARTESIAN_POINT('Ctrl Pts',(299.853676403414,-2.,15.1645605540297));
#3780=CARTESIAN_POINT('Ctrl Pts',(298.626216220913,0.,15.052029301712));
#3781=CARTESIAN_POINT('Ctrl Pts',(298.626216220913,-2.,15.052029301712));
#3782=CARTESIAN_POINT('Ctrl Pts',(298.000004440546,0.,15.0000002235174));
#3783=CARTESIAN_POINT('Ctrl Pts',(298.000004440546,-2.,15.0000002235174));
#3784=CARTESIAN_POINT('Ctrl Pts',(298.000004440546,0.,15.0000002235174));
#3785=CARTESIAN_POINT('Ctrl Pts',(298.626216220913,0.,15.052029301712));
#3786=CARTESIAN_POINT('Ctrl Pts',(299.853676403414,0.,15.1645605540297));
#3787=CARTESIAN_POINT('Ctrl Pts',(301.619977907761,0.,15.358776256882));
#3788=CARTESIAN_POINT('Ctrl Pts',(303.822793564323,0.,15.6694084051268));
#3789=CARTESIAN_POINT('Ctrl Pts',(306.302786260252,0.,16.1505393681384));
#3790=CARTESIAN_POINT('Ctrl Pts',(308.477417408796,0.,16.7353164667167));
#3791=CARTESIAN_POINT('Ctrl Pts',(310.306770144821,0.,17.4372883249572));
#3792=CARTESIAN_POINT('Ctrl Pts',(311.75122628376,0.,18.2699021884828));
#3793=CARTESIAN_POINT('Ctrl Pts',(312.781973841788,0.,19.2429374509633));
#3794=CARTESIAN_POINT('Ctrl Pts',(313.40256658845,0.,20.3551878882267));
#3795=CARTESIAN_POINT('Ctrl Pts',(313.587553810229,0.,21.350713472855));
#3796=CARTESIAN_POINT('Ctrl Pts',(313.560066717664,0.,22.1537787761408));
#3797=CARTESIAN_POINT('Ctrl Pts',(313.469087692336,0.,22.7138160424088));
#3798=CARTESIAN_POINT('Ctrl Pts',(313.405432932492,0.,23.0000003427267));
#3799=CARTESIAN_POINT('Ctrl Pts',(324.840254456733,0.,15.0000003427267));
#3800=CARTESIAN_POINT('Ctrl Pts',(324.840254456733,-2.,15.0000003427267));
#3801=CARTESIAN_POINT('Ctrl Pts',(324.824989992334,0.,15.0317781665193));
#3802=CARTESIAN_POINT('Ctrl Pts',(324.824989992334,-2.,15.0317781665193));
#3803=CARTESIAN_POINT('Ctrl Pts',(324.687276114072,0.,15.3220869306525));
#3804=CARTESIAN_POINT('Ctrl Pts',(324.687276114072,-2.,15.3220869306525));
#3805=CARTESIAN_POINT('Ctrl Pts',(324.450169824216,0.,15.8847553419779));
#3806=CARTESIAN_POINT('Ctrl Pts',(324.450169824216,-2.,15.8847553419779));
#3807=CARTESIAN_POINT('Ctrl Pts',(324.165783166283,0.,16.7510382082456));
#3808=CARTESIAN_POINT('Ctrl Pts',(324.165783166283,-2.,16.7510382082456));
#3809=CARTESIAN_POINT('Ctrl Pts',(323.91095343264,0.,17.9670195944535));
#3810=CARTESIAN_POINT('Ctrl Pts',(323.91095343264,-2.,17.9670195944535));
#3811=CARTESIAN_POINT('Ctrl Pts',(323.774298736426,0.,19.5449163857767));
#3812=CARTESIAN_POINT('Ctrl Pts',(323.774298736426,-2.,19.5449163857767));
#3813=CARTESIAN_POINT('Ctrl Pts',(323.791143736083,0.,20.882905006625));
#3814=CARTESIAN_POINT('Ctrl Pts',(323.791143736083,-2.,20.882905006625));
#3815=CARTESIAN_POINT('Ctrl Pts',(323.870175679551,0.,21.9262195657126));
#3816=CARTESIAN_POINT('Ctrl Pts',(323.870175679551,-2.,21.9262195657126));
#3817=CARTESIAN_POINT('Ctrl Pts',(323.951890418356,0.,22.6391717538769));
#3818=CARTESIAN_POINT('Ctrl Pts',(323.951890418356,-2.,22.6391717538769));
#3819=CARTESIAN_POINT('Ctrl Pts',(324.000004827976,0.,23.0000003427267));
#3820=CARTESIAN_POINT('Ctrl Pts',(324.000004827976,-2.,23.0000003427267));
#3821=CARTESIAN_POINT('',(324.840254456733,0.,15.0000003427267));
#3822=CARTESIAN_POINT('Ctrl Pts',(324.000004827976,0.,23.0000003427267));
#3823=CARTESIAN_POINT('Ctrl Pts',(323.951890418356,0.,22.6391717538769));
#3824=CARTESIAN_POINT('Ctrl Pts',(323.870175679551,0.,21.9262195657126));
#3825=CARTESIAN_POINT('Ctrl Pts',(323.791143736083,0.,20.882905006625));
#3826=CARTESIAN_POINT('Ctrl Pts',(323.774298736426,0.,19.5449163857767));
#3827=CARTESIAN_POINT('Ctrl Pts',(323.91095343264,0.,17.9670195944535));
#3828=CARTESIAN_POINT('Ctrl Pts',(324.165783166283,0.,16.7510382082456));
#3829=CARTESIAN_POINT('Ctrl Pts',(324.450169824216,0.,15.8847553419779));
#3830=CARTESIAN_POINT('Ctrl Pts',(324.687276114072,0.,15.3220869306525));
#3831=CARTESIAN_POINT('Ctrl Pts',(324.824989992334,0.,15.0317781665193));
#3832=CARTESIAN_POINT('Ctrl Pts',(324.840254456733,0.,15.0000003427267));
#3833=CARTESIAN_POINT('',(324.840254456733,0.,15.0000003427267));
#3834=CARTESIAN_POINT('Ctrl Pts',(330.000004917383,0.,10.0000001490116));
#3835=CARTESIAN_POINT('Ctrl Pts',(330.000004917383,-2.,10.0000001490116));
#3836=CARTESIAN_POINT('Ctrl Pts',(329.709108524074,0.,10.157503042744));
#3837=CARTESIAN_POINT('Ctrl Pts',(329.709108524074,-2.,10.157503042744));
#3838=CARTESIAN_POINT('Ctrl Pts',(329.142412951625,0.,10.4815635610347));
#3839=CARTESIAN_POINT('Ctrl Pts',(329.142412951625,-2.,10.4815635610347));
#3840=CARTESIAN_POINT('Ctrl Pts',(328.337660765949,0.,10.9948182493548));
#3841=CARTESIAN_POINT('Ctrl Pts',(328.337660765949,-2.,10.9948182493548));
#3842=CARTESIAN_POINT('Ctrl Pts',(327.356734492642,0.,11.7343818764133));
#3843=CARTESIAN_POINT('Ctrl Pts',(327.356734492642,-2.,11.7343818764133));
#3844=CARTESIAN_POINT('Ctrl Pts',(326.320501147179,0.,12.7318129838838));
#3845=CARTESIAN_POINT('Ctrl Pts',(326.320501147179,-2.,12.7318129838838));
#3846=CARTESIAN_POINT('Ctrl Pts',(325.630328196018,0.,13.6048264525703));
#3847=CARTESIAN_POINT('Ctrl Pts',(325.630328196018,-2.,13.6048264525703));
#3848=CARTESIAN_POINT('Ctrl Pts',(325.197124315334,0.,14.2999887187107));
#3849=CARTESIAN_POINT('Ctrl Pts',(325.197124315334,-2.,14.2999887187107));
#3850=CARTESIAN_POINT('Ctrl Pts',(324.948786989316,0.,14.7740554549204));
#3851=CARTESIAN_POINT('Ctrl Pts',(324.948786989316,-2.,14.7740554549204));
#3852=CARTESIAN_POINT('Ctrl Pts',(324.840254456733,0.,15.0000003427267));
#3853=CARTESIAN_POINT('Ctrl Pts',(324.840254456733,-2.,15.0000003427267));
#3854=CARTESIAN_POINT('',(330.000004917383,0.,10.0000001490116));
#3855=CARTESIAN_POINT('Ctrl Pts',(324.840254456733,0.,15.0000003427267));
#3856=CARTESIAN_POINT('Ctrl Pts',(324.948786989316,0.,14.7740554549204));
#3857=CARTESIAN_POINT('Ctrl Pts',(325.197124315334,0.,14.2999887187107));
#3858=CARTESIAN_POINT('Ctrl Pts',(325.630328196018,0.,13.6048264525703));
#3859=CARTESIAN_POINT('Ctrl Pts',(326.320501147179,0.,12.7318129838838));
#3860=CARTESIAN_POINT('Ctrl Pts',(327.356734492642,0.,11.7343818764133));
#3861=CARTESIAN_POINT('Ctrl Pts',(328.337660765949,0.,10.9948182493548));
#3862=CARTESIAN_POINT('Ctrl Pts',(329.142412951625,0.,10.4815635610347));
#3863=CARTESIAN_POINT('Ctrl Pts',(329.709108524074,0.,10.157503042744));
#3864=CARTESIAN_POINT('Ctrl Pts',(330.000004917383,0.,10.0000001490116));
#3865=CARTESIAN_POINT('',(330.000004917383,0.,10.0000001490116));
#3866=CARTESIAN_POINT('Ctrl Pts',(330.000004917383,0.,0.));
#3867=CARTESIAN_POINT('Ctrl Pts',(330.000004917383,-2.,0.));
#3868=CARTESIAN_POINT('Ctrl Pts',(329.924157307111,0.,0.200000002980219));
#3869=CARTESIAN_POINT('Ctrl Pts',(329.924157307111,-2.,0.200000002980219));
#3870=CARTESIAN_POINT('Ctrl Pts',(329.779085822221,0.,0.600000008940661));
#3871=CARTESIAN_POINT('Ctrl Pts',(329.779085822221,-2.,0.600000008940661));
#3872=CARTESIAN_POINT('Ctrl Pts',(329.581349192867,0.,1.20000001788134));
#3873=CARTESIAN_POINT('Ctrl Pts',(329.581349192867,-2.,1.20000001788134));
#3874=CARTESIAN_POINT('Ctrl Pts',(329.358100631898,0.,2.00000002980226));
#3875=CARTESIAN_POINT('Ctrl Pts',(329.358100631898,-2.,2.00000002980226));
#3876=CARTESIAN_POINT('Ctrl Pts',(329.150943515547,0.,3.00000004470343));
#3877=CARTESIAN_POINT('Ctrl Pts',(329.150943515547,-2.,3.00000004470343));
#3878=CARTESIAN_POINT('Ctrl Pts',(329.022115939024,0.,4.00000005960461));
#3879=CARTESIAN_POINT('Ctrl Pts',(329.022115939024,-2.,4.00000005960461));
#3880=CARTESIAN_POINT('Ctrl Pts',(328.978010188575,0.,5.00000007450581));
#3881=CARTESIAN_POINT('Ctrl Pts',(328.978010188575,-2.,5.00000007450581));
#3882=CARTESIAN_POINT('Ctrl Pts',(329.022115938718,0.,6.00000008940699));
#3883=CARTESIAN_POINT('Ctrl Pts',(329.022115938718,-2.,6.00000008940699));
#3884=CARTESIAN_POINT('Ctrl Pts',(329.150943515013,0.,7.00000010430816));
#3885=CARTESIAN_POINT('Ctrl Pts',(329.150943515013,-2.,7.00000010430816));
#3886=CARTESIAN_POINT('Ctrl Pts',(329.358100631288,0.,8.00000011920927));
#3887=CARTESIAN_POINT('Ctrl Pts',(329.358100631288,-2.,8.00000011920927));
#3888=CARTESIAN_POINT('Ctrl Pts',(329.581349192369,0.,8.80000013113019));
#3889=CARTESIAN_POINT('Ctrl Pts',(329.581349192369,-2.,8.80000013113019));
#3890=CARTESIAN_POINT('Ctrl Pts',(329.779085821924,0.,9.4000001400709));
#3891=CARTESIAN_POINT('Ctrl Pts',(329.779085821924,-2.,9.4000001400709));
#3892=CARTESIAN_POINT('Ctrl Pts',(329.924157307003,0.,9.80000014603137));
#3893=CARTESIAN_POINT('Ctrl Pts',(329.924157307003,-2.,9.80000014603137));
#3894=CARTESIAN_POINT('Ctrl Pts',(330.000004917383,0.,10.0000001490116));
#3895=CARTESIAN_POINT('Ctrl Pts',(330.000004917383,-2.,10.0000001490116));
#3896=CARTESIAN_POINT('Ctrl Pts',(330.000004917383,0.,10.0000001490116));
#3897=CARTESIAN_POINT('Ctrl Pts',(329.924157307003,0.,9.80000014603137));
#3898=CARTESIAN_POINT('Ctrl Pts',(329.779085821924,0.,9.4000001400709));
#3899=CARTESIAN_POINT('Ctrl Pts',(329.581349192369,0.,8.80000013113019));
#3900=CARTESIAN_POINT('Ctrl Pts',(329.358100631288,0.,8.00000011920927));
#3901=CARTESIAN_POINT('Ctrl Pts',(329.150943515013,0.,7.00000010430816));
#3902=CARTESIAN_POINT('Ctrl Pts',(329.022115938718,0.,6.00000008940699));
#3903=CARTESIAN_POINT('Ctrl Pts',(328.978010188575,0.,5.00000007450581));
#3904=CARTESIAN_POINT('Ctrl Pts',(329.022115939024,0.,4.00000005960461));
#3905=CARTESIAN_POINT('Ctrl Pts',(329.150943515547,0.,3.00000004470343));
#3906=CARTESIAN_POINT('Ctrl Pts',(329.358100631898,0.,2.00000002980226));
#3907=CARTESIAN_POINT('Ctrl Pts',(329.581349192867,0.,1.20000001788134));
#3908=CARTESIAN_POINT('Ctrl Pts',(329.779085822221,0.,0.600000008940661));
#3909=CARTESIAN_POINT('Ctrl Pts',(329.924157307111,0.,0.200000002980219));
#3910=CARTESIAN_POINT('Ctrl Pts',(330.000004917383,0.,0.));
#3911=CARTESIAN_POINT('Ctrl Pts',(298.000004440546,2.13944792057805E-15,
7.93983629817365));
#3912=CARTESIAN_POINT('Ctrl Pts',(298.000004440546,-2.,7.93983629817365));
#3913=CARTESIAN_POINT('Ctrl Pts',(298.626216220913,2.13307619617091E-15,
7.8878072199796));
#3914=CARTESIAN_POINT('Ctrl Pts',(298.626216220913,-2.,7.8878072199796));
#3915=CARTESIAN_POINT('Ctrl Pts',(299.853676403414,2.11929509237577E-15,
7.77527596766269));
#3916=CARTESIAN_POINT('Ctrl Pts',(299.853676403414,-2.,7.77527596766269));
#3917=CARTESIAN_POINT('Ctrl Pts',(301.619977907761,2.0955105284919E-15,
7.58106026481094));
#3918=CARTESIAN_POINT('Ctrl Pts',(301.619977907761,-2.,7.58106026481094));
#3919=CARTESIAN_POINT('Ctrl Pts',(303.822793564323,2.05746906188597E-15,
7.27042811656558));
#3920=CARTESIAN_POINT('Ctrl Pts',(303.822793564323,-2.,7.27042811656558));
#3921=CARTESIAN_POINT('Ctrl Pts',(306.302786260252,1.99854751250343E-15,
6.78929715355241));
#3922=CARTESIAN_POINT('Ctrl Pts',(306.302786260252,-2.,6.78929715355241));
#3923=CARTESIAN_POINT('Ctrl Pts',(308.477417408796,1.92693297230416E-15,
6.20452005497264));
#3924=CARTESIAN_POINT('Ctrl Pts',(308.477417408796,-2.,6.20452005497264));
#3925=CARTESIAN_POINT('Ctrl Pts',(310.306770144821,1.84096621337525E-15,
5.5025481967318));
#3926=CARTESIAN_POINT('Ctrl Pts',(310.306770144821,-2.,5.5025481967318));
#3927=CARTESIAN_POINT('Ctrl Pts',(311.75122628376,1.73900042308593E-15,
4.66993433320758));
#3928=CARTESIAN_POINT('Ctrl Pts',(311.75122628376,-2.,4.66993433320758));
#3929=CARTESIAN_POINT('Ctrl Pts',(312.781973841788,1.61983797112068E-15,
3.69689907072985));
#3930=CARTESIAN_POINT('Ctrl Pts',(312.781973841788,-2.,3.69689907072985));
#3931=CARTESIAN_POINT('Ctrl Pts',(313.397338472043,1.48477407547662E-15,
2.5940186668612));
#3932=CARTESIAN_POINT('Ctrl Pts',(313.397338472043,-2.,2.5940186668612));
#3933=CARTESIAN_POINT('Ctrl Pts',(313.583623257005,1.364276105057E-15,1.61007806861225));
#3934=CARTESIAN_POINT('Ctrl Pts',(313.583623257005,-2.,1.61007806861225));
#3935=CARTESIAN_POINT('Ctrl Pts',(313.561126192734,1.26750120641642E-15,
0.819851052071463));
#3936=CARTESIAN_POINT('Ctrl Pts',(313.561126192734,-2.,0.819851052071463));
#3937=CARTESIAN_POINT('Ctrl Pts',(313.47655871443,1.20054774693596E-15,
0.273134565921132));
#3938=CARTESIAN_POINT('Ctrl Pts',(313.47655871443,-2.,0.273134565921132));
#3939=CARTESIAN_POINT('Ctrl Pts',(313.418516948529,1.16709840974681E-15,
1.91968836660283E-14));
#3940=CARTESIAN_POINT('Ctrl Pts',(313.418516948529,-2.,1.91968836660283E-14));
#3941=CARTESIAN_POINT('',(298.000004440546,2.13944792057805E-15,7.93983629817365));
#3942=CARTESIAN_POINT('Ctrl Pts',(313.418516948529,1.16709840974681E-15,
1.92068583260152E-14));
#3943=CARTESIAN_POINT('Ctrl Pts',(313.476558714429,1.20054774693596E-15,
0.273134565921125));
#3944=CARTESIAN_POINT('Ctrl Pts',(313.561126192734,1.26750120641642E-15,
0.819851052071463));
#3945=CARTESIAN_POINT('Ctrl Pts',(313.583623257005,1.364276105057E-15,1.61007806861225));
#3946=CARTESIAN_POINT('Ctrl Pts',(313.397338472043,1.48477407547662E-15,
2.5940186668612));
#3947=CARTESIAN_POINT('Ctrl Pts',(312.781973841788,1.61983797112068E-15,
3.69689907072985));
#3948=CARTESIAN_POINT('Ctrl Pts',(311.75122628376,1.73900042308593E-15,
4.66993433320758));
#3949=CARTESIAN_POINT('Ctrl Pts',(310.306770144821,1.84096621337525E-15,
5.5025481967318));
#3950=CARTESIAN_POINT('Ctrl Pts',(308.477417408796,1.92693297230416E-15,
6.20452005497264));
#3951=CARTESIAN_POINT('Ctrl Pts',(306.302786260252,1.99854751250343E-15,
6.78929715355241));
#3952=CARTESIAN_POINT('Ctrl Pts',(303.822793564323,2.05746906188597E-15,
7.27042811656558));
#3953=CARTESIAN_POINT('Ctrl Pts',(301.619977907761,2.0955105284919E-15,
7.58106026481094));
#3954=CARTESIAN_POINT('Ctrl Pts',(299.853676403414,2.11929509237577E-15,
7.77527596766269));
#3955=CARTESIAN_POINT('Ctrl Pts',(298.626216220913,2.13307619617091E-15,
7.8878072199796));
#3956=CARTESIAN_POINT('Ctrl Pts',(298.000004440546,2.13944792057805E-15,
7.93983629817365));
#3957=CARTESIAN_POINT('',(298.000004440546,2.13944792057805E-15,7.93983629817365));
#3958=CARTESIAN_POINT('Origin',(298.000004440546,2.12121645908116E-15,8.));
#3959=CARTESIAN_POINT('',(298.000004440546,2.12121645908116E-15,8.));
#3960=CARTESIAN_POINT('',(298.000004440546,0.,4.));
#3961=CARTESIAN_POINT('',(298.000004440546,2.12121645908116E-15,8.));
#3962=CARTESIAN_POINT('Origin',(97.0000014454126,0.,8.));
#3963=CARTESIAN_POINT('',(97.0000014454126,0.,8.00000011920929));
#3964=CARTESIAN_POINT('',(48.5000007227063,0.,8.));
#3965=CARTESIAN_POINT('',(97.0000014454126,0.,8.00000011920929));
#3966=CARTESIAN_POINT('Origin',(92.960387542698,2.64348248212539E-16,7.68475795608248));
#3967=CARTESIAN_POINT('',(92.960387542698,2.64348248212539E-16,7.68475795608248));
#3968=CARTESIAN_POINT('',(46.4635039045362,0.,4.05624826932758));
#3969=CARTESIAN_POINT('',(92.960387542698,2.64348248212539E-16,7.68475795608248));
#3970=CARTESIAN_POINT('Ctrl Pts',(73.162752060595,-6.76763175101535E-16,
2.42861286636753E-15));
#3971=CARTESIAN_POINT('Ctrl Pts',(73.162752060595,-2.,2.42861286636753E-15));
#3972=CARTESIAN_POINT('Ctrl Pts',(73.1794970561026,-6.46898910146227E-16,
0.243860229547481));
#3973=CARTESIAN_POINT('Ctrl Pts',(73.1794970561026,-2.,0.243860229547481));
#3974=CARTESIAN_POINT('Ctrl Pts',(73.2447343669358,-5.80836539656501E-16,
0.783300421903503));
#3975=CARTESIAN_POINT('Ctrl Pts',(73.2447343669358,-2.,0.783300421903503));
#3976=CARTESIAN_POINT('Ctrl Pts',(73.4429809671533,-4.82611668571974E-16,
1.58536736196474));
#3977=CARTESIAN_POINT('Ctrl Pts',(73.4429809671533,-2.,1.58536736196474));
#3978=CARTESIAN_POINT('Ctrl Pts',(73.919929294404,-3.59180971898636E-16,
2.5932554874166));
#3979=CARTESIAN_POINT('Ctrl Pts',(73.919929294404,-2.,2.5932554874166));
#3980=CARTESIAN_POINT('Ctrl Pts',(74.8965811533466,-2.21097075121874E-16,
3.72079607195465));
#3981=CARTESIAN_POINT('Ctrl Pts',(74.8965811533466,-2.,3.72079607195465));
#3982=CARTESIAN_POINT('Ctrl Pts',(76.3469671224568,-9.77837856464575E-17,
4.72772549487592));
#3983=CARTESIAN_POINT('Ctrl Pts',(76.3469671224568,-2.,4.72772549487592));
#3984=CARTESIAN_POINT('Ctrl Pts',(78.2314809645187,4.80031176342994E-18,
5.5653882191874));
#3985=CARTESIAN_POINT('Ctrl Pts',(78.2314809645187,-2.,5.5653882191874));
#3986=CARTESIAN_POINT('Ctrl Pts',(80.5184735157862,8.81664345052404E-17,
6.24612427140638));
#3987=CARTESIAN_POINT('Ctrl Pts',(80.5184735157862,-2.,6.24612427140638));
#3988=CARTESIAN_POINT('Ctrl Pts',(83.1657859107862,1.54327628214279E-16,
6.78637141658293));
#3989=CARTESIAN_POINT('Ctrl Pts',(83.1657859107862,-2.,6.78637141658293));
#3990=CARTESIAN_POINT('Ctrl Pts',(86.1312697718345,2.05296437743688E-16,
7.20256333057009));
#3991=CARTESIAN_POINT('Ctrl Pts',(86.1312697718345,-2.,7.20256333057009));
#3992=CARTESIAN_POINT('Ctrl Pts',(88.73147145757,2.35193555549223E-16,7.44669182399915));
#3993=CARTESIAN_POINT('Ctrl Pts',(88.73147145757,-2.,7.44669182399915));
#3994=CARTESIAN_POINT('Ctrl Pts',(90.8004642331493,2.51941825035734E-16,
7.5834518228701));
#3995=CARTESIAN_POINT('Ctrl Pts',(90.8004642331493,-2.,7.5834518228701));
#3996=CARTESIAN_POINT('Ctrl Pts',(92.2317529369046,2.60626288647207E-16,
7.65436584981901));
#3997=CARTESIAN_POINT('Ctrl Pts',(92.2317529369046,-2.,7.65436584981901));
#3998=CARTESIAN_POINT('Ctrl Pts',(92.960387542698,2.64348248212539E-16,
7.68475795608248));
#3999=CARTESIAN_POINT('Ctrl Pts',(92.960387542698,-2.,7.68475795608248));
#4000=CARTESIAN_POINT('Ctrl Pts',(92.960387542698,2.64348248212539E-16,
7.68475795608248));
#4001=CARTESIAN_POINT('Ctrl Pts',(92.2317529369046,2.60626288647207E-16,
7.65436584981901));
#4002=CARTESIAN_POINT('Ctrl Pts',(90.8004642331493,2.51941825035734E-16,
7.5834518228701));
#4003=CARTESIAN_POINT('Ctrl Pts',(88.73147145757,2.35193555549223E-16,7.44669182399915));
#4004=CARTESIAN_POINT('Ctrl Pts',(86.1312697718345,2.05296437743688E-16,
7.20256333057009));
#4005=CARTESIAN_POINT('Ctrl Pts',(83.1657859107862,1.54327628214279E-16,
6.78637141658293));
#4006=CARTESIAN_POINT('Ctrl Pts',(80.5184735157862,8.81664345052404E-17,
6.24612427140638));
#4007=CARTESIAN_POINT('Ctrl Pts',(78.2314809645187,4.80031176342994E-18,
5.5653882191874));
#4008=CARTESIAN_POINT('Ctrl Pts',(76.3469671224568,-9.77837856464575E-17,
4.72772549487592));
#4009=CARTESIAN_POINT('Ctrl Pts',(74.8965811533466,-2.21097075121874E-16,
3.72079607195465));
#4010=CARTESIAN_POINT('Ctrl Pts',(73.919929294404,-3.59180971898636E-16,
2.5932554874166));
#4011=CARTESIAN_POINT('Ctrl Pts',(73.4429809671533,-4.82611668571974E-16,
1.58536736196474));
#4012=CARTESIAN_POINT('Ctrl Pts',(73.2447343669358,-5.80836539656501E-16,
0.783300421903503));
#4013=CARTESIAN_POINT('Ctrl Pts',(73.1794970561026,-6.46898910146227E-16,
0.243860229547481));
#4014=CARTESIAN_POINT('Ctrl Pts',(73.1627520605951,-6.76763175101535E-16,
2.42167397246362E-15));
#4015=CARTESIAN_POINT('Origin',(0.,0.,0.));
#4016=CARTESIAN_POINT('Origin',(0.,0.,0.));
#4017=CARTESIAN_POINT('Origin',(346.000005155802,0.,5.00000007450581));
#4018=CARTESIAN_POINT('Origin',(0.,0.,0.));
#4019=CARTESIAN_POINT('Origin',(40.0000005960464,0.,10.));
#4020=CARTESIAN_POINT('',(40.0000005960464,0.,10.));
#4021=CARTESIAN_POINT('Origin',(40.0000005960464,0.,16.0000003427267));
#4022=CARTESIAN_POINT('Origin',(230.390041850355,100.,10.));
#4023=CARTESIAN_POINT('',(365.,191.,10.));
#4024=CARTESIAN_POINT('',(365.,198.,10.));
#4025=CARTESIAN_POINT('',(375.780083700711,198.,10.));
#4026=CARTESIAN_POINT('',(375.780083700711,1.99999999999999,10.));
#4027=CARTESIAN_POINT('',(85.,198.,10.));
#4028=CARTESIAN_POINT('',(297.695020925178,198.,10.));
#4029=CARTESIAN_POINT('',(85.,191.,10.));
#4030=CARTESIAN_POINT('',(85.,198.,10.));
#4031=CARTESIAN_POINT('',(375.780083700711,191.,10.));
#4032=CARTESIAN_POINT('Origin',(85.,198.,0.));
#4033=CARTESIAN_POINT('',(85.,191.,0.));
#4034=CARTESIAN_POINT('',(85.,198.,0.));
#4035=CARTESIAN_POINT('Origin',(85.,191.,0.));
#4036=CARTESIAN_POINT('',(365.,191.,0.));
#4037=CARTESIAN_POINT('Origin',(365.,191.,0.));
#4038=CARTESIAN_POINT('Origin',(356.196921003505,-1.,18.7842120392161));
#4039=CARTESIAN_POINT('',(357.723710861104,-1.,14.5684237357055));
#4040=CARTESIAN_POINT('Origin',(346.000005155802,-1.,5.00000007450581));
#4041=CARTESIAN_POINT('Origin',(356.196921003505,-1.,21.4986500559595));
#4042=CARTESIAN_POINT('Origin',(346.000005155802,-2.5,10.0663731252114));
#4043=CARTESIAN_POINT('Origin',(346.000005155802,-2.5,5.00000007450581));
#4044=CARTESIAN_POINT('Origin',(344.469528260742,-2.,10.4677406116006));
#4045=CARTESIAN_POINT('',(357.723710861104,-2.,14.5684237357055));
#4046=CARTESIAN_POINT('Origin',(346.000005155802,-2.,5.00000007450581));
#4047=CARTESIAN_POINT('',(378.000005632639,-2.,23.0000003427267));
#4048=CARTESIAN_POINT('Origin',(356.196921003505,-2.,21.4986500559595));
#4049=CARTESIAN_POINT('Origin',(356.196921003505,0.,21.4986500559595));
#4050=CARTESIAN_POINT('',(357.723710861104,0.,14.5684237357055));
#4051=CARTESIAN_POINT('Origin',(378.000005632639,0.,0.));
#4052=CARTESIAN_POINT('',(378.000005632639,0.,23.0000003427267));
#4053=CARTESIAN_POINT('Origin',(346.000005155802,0.,5.00000007450581));
#4054=CARTESIAN_POINT('Origin',(344.469528260742,0.,10.4677406116006));
#4055=CARTESIAN_POINT('',(375.780083700711,0.,0.));
#4056=CARTESIAN_POINT('Origin',(2.,1.99999999999999,0.));
#4057=CARTESIAN_POINT('',(2.,198.,23.));
#4058=CARTESIAN_POINT('',(2.,198.,0.));
#4059=CARTESIAN_POINT('',(2.,1.99999999999999,23.));
#4060=CARTESIAN_POINT('Origin',(22.0000003255904,0.,19.0000002831221));
#4061=CARTESIAN_POINT('',(7.00000028205451,200.,4.00000027311382));
#4062=CARTESIAN_POINT('',(22.0000003255904,200.,19.0000002831221));
#4063=CARTESIAN_POINT('',(105.69502129628,200.,102.695021066739));
#4064=CARTESIAN_POINT('',(7.00000028205451,198.,4.00000027311382));
#4065=CARTESIAN_POINT('',(7.00000028205451,0.,4.00000027311382));
#4066=CARTESIAN_POINT('',(22.0000003255904,198.,19.0000002831221));
#4067=CARTESIAN_POINT('',(12.2500001622364,198.,9.25000014156103));
#4068=CARTESIAN_POINT('',(22.0000003255904,0.,19.0000002831221));
#4069=CARTESIAN_POINT('Origin',(7.00000028205451,0.,4.00000027311382));
#4070=CARTESIAN_POINT('',(4.00000005960464,200.,4.00000005960464));
#4071=CARTESIAN_POINT('',(191.3900419985,200.,3.9999996169644));
#4072=CARTESIAN_POINT('',(4.00000005960464,198.,4.00000005960464));
#4073=CARTESIAN_POINT('',(4.00000005960464,0.,4.00000005960464));
#4074=CARTESIAN_POINT('',(4.50000014814423,198.,4.00000028201003));
#4075=CARTESIAN_POINT('Origin',(19.0000002831221,0.,19.0000002831221));
#4076=CARTESIAN_POINT('',(19.0000002831221,200.,19.0000002831221));
#4077=CARTESIAN_POINT('',(197.390041991916,200.,19.0000002831221));
#4078=CARTESIAN_POINT('',(19.0000002831221,198.,19.0000002831221));
#4079=CARTESIAN_POINT('',(10.500000141561,198.,19.0000002831221));
#4080=CARTESIAN_POINT('',(19.0000002831221,0.,19.0000002831221));
#4081=CARTESIAN_POINT('Origin',(4.00000028378928,0.,4.00000028378928));
#4082=CARTESIAN_POINT('',(95.9450210670724,200.,95.9450210670723));
#4083=CARTESIAN_POINT('',(2.50000014189464,198.,2.50000014189464));
#4084=CARTESIAN_POINT('Origin',(40.0000003680587,0.,19.0000002831221));
#4085=CARTESIAN_POINT('',(25.0000002269425,200.,4.00000020906106));
#4086=CARTESIAN_POINT('',(40.0000005066395,200.,19.0000002831221));
#4087=CARTESIAN_POINT('',(119.195021505705,200.,98.1950210667387));
#4088=CARTESIAN_POINT('',(25.0000002269425,198.,4.00000020906106));
#4089=CARTESIAN_POINT('',(25.0000002269425,0.,4.00000020906106));
#4090=CARTESIAN_POINT('',(40.0000005066395,198.,19.0000002831221));
#4091=CARTESIAN_POINT('',(25.7500001627952,198.,4.75000014156103));
#4092=CARTESIAN_POINT('',(40.0000005066395,0.,19.0000002831221));
#4093=CARTESIAN_POINT('Origin',(25.0000002269425,0.,4.00000020906107));
#4094=CARTESIAN_POINT('',(22.0000004164319,200.,4.00000021973652));
#4095=CARTESIAN_POINT('',(200.390041970944,200.,3.99999958493803));
#4096=CARTESIAN_POINT('',(22.0000004164319,198.,4.00000021973652));
#4097=CARTESIAN_POINT('',(22.0000004164319,0.,4.00000021973652));
#4098=CARTESIAN_POINT('',(13.5000001205882,198.,4.00000024998366));
#4099=CARTESIAN_POINT('Origin',(37.0000005066395,0.,19.0000002831221));
#4100=CARTESIAN_POINT('',(37.0000005066395,200.,19.0000002831221));
#4101=CARTESIAN_POINT('',(206.390042103675,200.,19.0000002831221));
#4102=CARTESIAN_POINT('',(37.0000005066395,198.,19.0000002831221));
#4103=CARTESIAN_POINT('',(19.5000002533197,198.,19.0000002831221));
#4104=CARTESIAN_POINT('',(37.0000005066395,0.,19.0000002831221));
#4105=CARTESIAN_POINT('Origin',(22.0000004164319,0.,4.00000021973652));
#4106=CARTESIAN_POINT('',(109.445021577947,200.,91.4450209903424));
#4107=CARTESIAN_POINT('',(16.000000235038,198.,-1.99999993483522));
#4108=CARTESIAN_POINT('Origin',(4.00000005960465,0.,10.0000001234668));
#4109=CARTESIAN_POINT('',(13.0000002767359,200.,19.0000002831221));
#4110=CARTESIAN_POINT('',(4.00000005960464,200.,10.0000001234668));
#4111=CARTESIAN_POINT('',(94.4450215325811,200.,100.445021018842));
#4112=CARTESIAN_POINT('',(13.0000002767359,198.,19.0000002831221));
#4113=CARTESIAN_POINT('',(13.0000002767359,0.,19.0000002831221));
#4114=CARTESIAN_POINT('',(4.00000005960464,198.,10.0000001234668));
#4115=CARTESIAN_POINT('',(1.00000001064369,198.,7.00000009366444));
#4116=CARTESIAN_POINT('',(4.00000005960464,0.,10.0000001234668));
#4117=CARTESIAN_POINT('Origin',(13.0000002767359,0.,19.0000002831221));
#4118=CARTESIAN_POINT('',(16.0000002804925,200.,19.0000002831221));
#4119=CARTESIAN_POINT('',(194.390041988723,200.,19.0000002831221));
#4120=CARTESIAN_POINT('',(16.0000002804925,198.,19.0000002831221));
#4121=CARTESIAN_POINT('',(16.0000002804925,0.,19.0000002831221));
#4122=CARTESIAN_POINT('',(7.50000013836793,198.,19.0000002831221));
#4123=CARTESIAN_POINT('Origin',(4.00000005960464,0.,7.00000009378966));
#4124=CARTESIAN_POINT('',(4.00000005960464,200.,7.00000009378966));
#4125=CARTESIAN_POINT('',(4.00000005960464,200.,3.50000004689483));
#4126=CARTESIAN_POINT('',(4.00000005960464,198.,7.00000009378966));
#4127=CARTESIAN_POINT('',(4.00000005960464,198.,3.50000004689483));
#4128=CARTESIAN_POINT('',(4.00000005960464,0.,7.00000009378966));
#4129=CARTESIAN_POINT('Origin',(16.0000002804925,0.,19.0000002831221));
#4130=CARTESIAN_POINT('',(101.195021301287,200.,104.195021079887));
#4131=CARTESIAN_POINT('',(7.75000013038516,198.,10.7500001547091));
#4132=CARTESIAN_POINT('Origin',(28.0000004127622,0.,19.0000002831221));
#4133=CARTESIAN_POINT('',(13.0000003143478,200.,4.0000002517629));
#4134=CARTESIAN_POINT('',(28.0000004127622,200.,19.0000002831221));
#4135=CARTESIAN_POINT('',(110.195021552643,200.,101.195021055563));
#4136=CARTESIAN_POINT('',(13.0000003143478,198.,4.0000002517629));
#4137=CARTESIAN_POINT('',(13.0000003143478,0.,4.0000002517629));
#4138=CARTESIAN_POINT('',(28.0000004127622,198.,19.0000002831221));
#4139=CARTESIAN_POINT('',(16.7500002097338,198.,7.75000013038516));
#4140=CARTESIAN_POINT('',(28.0000004127622,0.,19.0000002831221));
#4141=CARTESIAN_POINT('Origin',(13.0000003143478,0.,4.0000002517629));
#4142=CARTESIAN_POINT('',(10.0000002803197,200.,4.00000026243836));
#4143=CARTESIAN_POINT('',(194.390042014646,200.,3.99999960628894));
#4144=CARTESIAN_POINT('',(10.0000002803197,198.,4.00000026243836));
#4145=CARTESIAN_POINT('',(10.0000002803197,0.,4.00000026243836));
#4146=CARTESIAN_POINT('',(7.50000016429086,198.,4.00000027133458));
#4147=CARTESIAN_POINT('Origin',(25.0000003680587,0.,19.0000002831221));
#4148=CARTESIAN_POINT('',(25.0000003680587,200.,19.0000002831221));
#4149=CARTESIAN_POINT('',(200.390042034385,200.,19.0000002831221));
#4150=CARTESIAN_POINT('',(25.0000003680587,198.,19.0000002831221));
#4151=CARTESIAN_POINT('',(13.5000001840293,198.,19.0000002831221));
#4152=CARTESIAN_POINT('',(25.0000003680587,0.,19.0000002831221));
#4153=CARTESIAN_POINT('Origin',(10.0000002803198,0.,4.00000026243836));
#4154=CARTESIAN_POINT('',(100.445021478599,200.,94.4450210563969));
#4155=CARTESIAN_POINT('',(7.00000013568953,198.,1.00000013121918));
#4156=CARTESIAN_POINT('Origin',(34.000000526756,0.,19.0000002630055));
#4157=CARTESIAN_POINT('',(19.0000004271073,200.,4.00000023041198));
#4158=CARTESIAN_POINT('',(34.0000005066395,200.,19.0000002831221));
#4159=CARTESIAN_POINT('',(114.695021636462,200.,99.6950210119769));
#4160=CARTESIAN_POINT('',(19.0000004271073,198.,4.00000023041198));
#4161=CARTESIAN_POINT('',(19.0000004271073,0.,4.00000023041198));
#4162=CARTESIAN_POINT('',(34.0000005066395,198.,19.0000002831221));
#4163=CARTESIAN_POINT('',(21.2500002935529,198.,6.25000008679926));
#4164=CARTESIAN_POINT('',(34.0000005066395,0.,19.0000002831221));
#4165=CARTESIAN_POINT('Origin',(19.0000004271073,0.,4.00000023041198));
#4166=CARTESIAN_POINT('',(16.0000004377828,200.,4.00000024108744));
#4167=CARTESIAN_POINT('',(197.390042071026,200.,3.99999959561348));
#4168=CARTESIAN_POINT('',(16.0000004377828,198.,4.00000024108744));
#4169=CARTESIAN_POINT('',(16.0000004377828,0.,4.00000024108744));
#4170=CARTESIAN_POINT('',(10.5000002206706,198.,4.00000026065912));
#4171=CARTESIAN_POINT('Origin',(31.0000005468726,0.,19.0000002831221));
#4172=CARTESIAN_POINT('',(31.0000005468726,200.,19.0000002831221));
#4173=CARTESIAN_POINT('',(203.390042123792,200.,19.0000002831221));
#4174=CARTESIAN_POINT('',(31.0000005468726,198.,19.0000002831221));
#4175=CARTESIAN_POINT('',(16.5000002734363,198.,19.0000002831221));
#4176=CARTESIAN_POINT('',(31.0000005468726,0.,19.0000002831221));
#4177=CARTESIAN_POINT('Origin',(16.0000004377828,0.,4.00000024108744));
#4178=CARTESIAN_POINT('',(104.945021595328,200.,92.9450210010179));
#4179=CARTESIAN_POINT('',(11.500000252419,198.,-0.499999924159763));
#4180=CARTESIAN_POINT('Origin',(4.00000005960464,0.,19.0000002831221));
#4181=CARTESIAN_POINT('',(10.0000001490116,200.,19.0000002831221));
#4182=CARTESIAN_POINT('',(4.00000005960464,200.,19.0000002831221));
#4183=CARTESIAN_POINT('',(189.890041880158,200.,19.0000002831221));
#4184=CARTESIAN_POINT('',(10.0000001490116,198.,19.0000002831221));
#4185=CARTESIAN_POINT('',(10.0000001490116,0.,19.0000002831221));
#4186=CARTESIAN_POINT('',(4.00000005960464,198.,19.0000002831221));
#4187=CARTESIAN_POINT('',(3.00000002980232,198.,19.0000002831221));
#4188=CARTESIAN_POINT('',(4.00000005960464,0.,19.0000002831221));
#4189=CARTESIAN_POINT('Origin',(4.00000005960464,0.,13.0000001937151));
#4190=CARTESIAN_POINT('',(4.00000005960464,200.,13.0000001937151));
#4191=CARTESIAN_POINT('',(4.00000005960464,200.,6.50000009685755));
#4192=CARTESIAN_POINT('',(4.00000005960464,198.,13.0000001937151));
#4193=CARTESIAN_POINT('',(4.00000005960464,198.,6.50000009685755));
#4194=CARTESIAN_POINT('',(4.00000005960464,0.,13.0000001937151));
#4195=CARTESIAN_POINT('Origin',(10.0000001490116,0.,19.0000002831221));
#4196=CARTESIAN_POINT('',(96.6950209661559,200.,105.695021100266));
#4197=CARTESIAN_POINT('',(3.25000004097819,198.,12.2500001750886));
#4198=CARTESIAN_POINT('Origin',(188.890041850355,100.,23.));
#4199=CARTESIAN_POINT('',(375.780083700711,198.,23.));
#4200=CARTESIAN_POINT('',(2.,198.,23.));
#4201=CARTESIAN_POINT('',(375.780083700711,200.,23.));
#4202=CARTESIAN_POINT('',(375.780083700711,0.,23.));
#4203=CARTESIAN_POINT('',(0.,200.,23.));
#4204=CARTESIAN_POINT('',(0.,200.,23.));
#4205=CARTESIAN_POINT('',(0.,200.,23.));
#4206=CARTESIAN_POINT('Origin',(0.,200.,0.));
#4207=CARTESIAN_POINT('',(0.,200.,0.));
#4208=CARTESIAN_POINT('Origin',(375.780083700711,200.,0.));
#4209=CARTESIAN_POINT('',(375.780083700711,200.,0.));
#4210=CARTESIAN_POINT('Origin',(375.780083700711,198.,0.));
#4211=CARTESIAN_POINT('',(375.780083700711,198.,0.));
#4212=CARTESIAN_POINT('Origin',(365.,198.,0.));
#4213=CARTESIAN_POINT('Origin',(44.,172.,0.));
#4214=CARTESIAN_POINT('',(44.,142.,0.));
#4215=CARTESIAN_POINT('',(44.,172.,0.));
#4216=CARTESIAN_POINT('',(44.,142.,0.));
#4217=CARTESIAN_POINT('',(44.,142.,20.));
#4218=CARTESIAN_POINT('',(44.,142.,0.));
#4219=CARTESIAN_POINT('',(44.,172.,20.));
#4220=CARTESIAN_POINT('',(44.,142.,20.));
#4221=CARTESIAN_POINT('',(44.,172.,0.));
#4222=CARTESIAN_POINT('Origin',(45.,172.,0.));
#4223=CARTESIAN_POINT('',(45.,172.,0.));
#4224=CARTESIAN_POINT('',(44.,172.,0.));
#4225=CARTESIAN_POINT('',(45.,172.,20.));
#4226=CARTESIAN_POINT('',(44.,172.,20.));
#4227=CARTESIAN_POINT('',(45.,172.,0.));
#4228=CARTESIAN_POINT('Origin',(45.,142.,0.));
#4229=CARTESIAN_POINT('',(45.,142.,0.));
#4230=CARTESIAN_POINT('',(45.,172.,0.));
#4231=CARTESIAN_POINT('',(45.,142.,20.));
#4232=CARTESIAN_POINT('',(45.,172.,20.));
#4233=CARTESIAN_POINT('',(45.,142.,0.));
#4234=CARTESIAN_POINT('Origin',(44.,142.,0.));
#4235=CARTESIAN_POINT('',(44.,142.,0.));
#4236=CARTESIAN_POINT('',(44.,142.,20.));
#4237=CARTESIAN_POINT('Origin',(44.5,157.,20.));
#4238=CARTESIAN_POINT('Origin',(44.5,157.,0.));
#4239=CARTESIAN_POINT('Origin',(330.,178.,0.));
#4240=CARTESIAN_POINT('',(330.,158.,0.));
#4241=CARTESIAN_POINT('',(330.,178.,0.));
#4242=CARTESIAN_POINT('',(330.,173.,0.));
#4243=CARTESIAN_POINT('',(330.,158.,11.));
#4244=CARTESIAN_POINT('',(330.,158.,0.));
#4245=CARTESIAN_POINT('',(330.,178.,11.));
#4246=CARTESIAN_POINT('',(330.,173.,11.));
#4247=CARTESIAN_POINT('',(330.,178.,0.));
#4248=CARTESIAN_POINT('Origin',(345.,178.,0.));
#4249=CARTESIAN_POINT('',(345.,178.,11.));
#4250=CARTESIAN_POINT('',(365.,178.,11.));
#4251=CARTESIAN_POINT('',(345.,178.,0.));
#4252=CARTESIAN_POINT('',(345.,178.,0.));
#4253=CARTESIAN_POINT('',(365.,178.,0.));
#4254=CARTESIAN_POINT('Origin',(335.,168.,11.));
#4255=CARTESIAN_POINT('',(345.,158.,11.));
#4256=CARTESIAN_POINT('',(45.,158.,11.));
#4257=CARTESIAN_POINT('',(345.,158.,11.));
#4258=CARTESIAN_POINT('Origin',(345.,158.,0.));
#4259=CARTESIAN_POINT('',(345.,158.,0.));
#4260=CARTESIAN_POINT('',(345.,158.,0.));
#4261=CARTESIAN_POINT('',(345.,158.,0.));
#4262=CARTESIAN_POINT('Origin',(325.,158.,0.));
#4263=CARTESIAN_POINT('',(45.,158.,0.));
#4264=CARTESIAN_POINT('Origin',(335.,168.,0.));
#4265=CARTESIAN_POINT('Origin',(330.,42.,0.));
#4266=CARTESIAN_POINT('',(330.,22.,0.));
#4267=CARTESIAN_POINT('',(330.,42.,0.));
#4268=CARTESIAN_POINT('',(330.,37.,0.));
#4269=CARTESIAN_POINT('',(330.,22.,11.));
#4270=CARTESIAN_POINT('',(330.,22.,0.));
#4271=CARTESIAN_POINT('',(330.,42.,11.));
#4272=CARTESIAN_POINT('',(330.,37.,11.));
#4273=CARTESIAN_POINT('',(330.,42.,0.));
#4274=CARTESIAN_POINT('Origin',(335.,32.,11.));
#4275=CARTESIAN_POINT('',(345.,22.,11.));
#4276=CARTESIAN_POINT('',(365.,22.,11.));
#4277=CARTESIAN_POINT('',(345.,42.,11.));
#4278=CARTESIAN_POINT('',(345.,158.,11.));
#4279=CARTESIAN_POINT('',(365.,42.,11.));
#4280=CARTESIAN_POINT('Origin',(325.,22.,0.));
#4281=CARTESIAN_POINT('',(345.,22.,0.));
#4282=CARTESIAN_POINT('',(365.,22.,0.));
#4283=CARTESIAN_POINT('',(345.,22.,0.));
#4284=CARTESIAN_POINT('Origin',(345.,42.,0.));
#4285=CARTESIAN_POINT('',(345.,42.,0.));
#4286=CARTESIAN_POINT('',(345.,42.,0.));
#4287=CARTESIAN_POINT('',(365.,42.,0.));
#4288=CARTESIAN_POINT('Origin',(345.,22.,0.));
#4289=CARTESIAN_POINT('',(345.,158.,0.));
#4290=CARTESIAN_POINT('Origin',(335.,32.,0.));
#4291=CARTESIAN_POINT('Origin',(75.,32.,3.));
#4292=CARTESIAN_POINT('',(85.,32.,3.));
#4293=CARTESIAN_POINT('',(65.,32.,3.));
#4294=CARTESIAN_POINT('',(80.,32.,3.));
#4295=CARTESIAN_POINT('',(85.,22.,3.));
#4296=CARTESIAN_POINT('',(85.,27.,3.));
#4297=CARTESIAN_POINT('',(65.,22.,3.));
#4298=CARTESIAN_POINT('',(70.,22.,3.));
#4299=CARTESIAN_POINT('',(65.,37.,3.));
#4300=CARTESIAN_POINT('Origin',(85.,22.,0.));
#4301=CARTESIAN_POINT('',(85.,32.,11.));
#4302=CARTESIAN_POINT('',(85.,32.,0.));
#4303=CARTESIAN_POINT('',(85.,22.,11.));
#4304=CARTESIAN_POINT('',(85.,198.,11.));
#4305=CARTESIAN_POINT('',(85.,22.,0.));
#4306=CARTESIAN_POINT('Origin',(85.,32.,0.));
#4307=CARTESIAN_POINT('',(65.,32.,11.));
#4308=CARTESIAN_POINT('',(65.,32.,0.));
#4309=CARTESIAN_POINT('',(80.,32.,11.));
#4310=CARTESIAN_POINT('Origin',(65.,22.,0.));
#4311=CARTESIAN_POINT('',(65.,22.,11.));
#4312=CARTESIAN_POINT('',(85.,22.,11.));
#4313=CARTESIAN_POINT('',(65.,22.,0.));
#4314=CARTESIAN_POINT('Origin',(65.,42.,0.));
#4315=CARTESIAN_POINT('',(65.,42.,11.));
#4316=CARTESIAN_POINT('Origin',(75.,32.,11.));
#4317=CARTESIAN_POINT('Origin',(4.00000005960464,198.,0.));
#4318=CARTESIAN_POINT('',(4.00000005960464,198.,10.));
#4319=CARTESIAN_POINT('',(4.00000005960464,198.,0.));
#4320=CARTESIAN_POINT('',(4.00000005960464,198.,23.0000003427267));
#4321=CARTESIAN_POINT('',(4.00000005960464,200.,10.));
#4322=CARTESIAN_POINT('',(4.00000005960464,198.,10.));
#4323=CARTESIAN_POINT('',(4.00000005960464,200.,0.));
#4324=CARTESIAN_POINT('',(4.00000005960464,200.,23.0000003427267));
#4325=CARTESIAN_POINT('',(4.00000005960464,198.,0.));
#4326=CARTESIAN_POINT('Origin',(40.0000005960464,198.,0.));
#4327=CARTESIAN_POINT('',(40.0000005960464,198.,0.));
#4328=CARTESIAN_POINT('',(40.0000005960464,198.,0.));
#4329=CARTESIAN_POINT('',(40.0000005960464,200.,0.));
#4330=CARTESIAN_POINT('',(40.0000005960464,200.,0.));
#4331=CARTESIAN_POINT('',(40.0000005960464,198.,0.));
#4332=CARTESIAN_POINT('Origin',(40.0000005960464,198.,10.));
#4333=CARTESIAN_POINT('',(40.0000005960464,198.,10.));
#4334=CARTESIAN_POINT('',(40.0000005960464,198.,10.));
#4335=CARTESIAN_POINT('',(40.0000005960464,200.,10.));
#4336=CARTESIAN_POINT('',(40.0000005960464,200.,10.));
#4337=CARTESIAN_POINT('',(40.0000005960464,198.,10.));
#4338=CARTESIAN_POINT('Origin',(4.00000005960464,198.,10.));
#4339=CARTESIAN_POINT('',(0.,198.,10.));
#4340=CARTESIAN_POINT('',(0.,200.,10.));
#4341=CARTESIAN_POINT('Origin',(22.0000003278255,200.,5.));
#4342=CARTESIAN_POINT('Origin',(22.0000003278255,198.,5.));
#4343=CARTESIAN_POINT('Origin',(356.196921003505,0.,21.4986500559595));
#4344=CARTESIAN_POINT('',(349.315508160766,0.,19.7650753079344));
#4345=CARTESIAN_POINT('',(349.261139040696,0.,23.0000003427267));
#4346=CARTESIAN_POINT('Origin',(356.196921003505,0.,21.4986500559595));
#4347=CARTESIAN_POINT('',(349.261139040696,-2.,23.0000003427267));
#4348=CARTESIAN_POINT('',(349.261139040696,0.,23.0000003427267));
#4349=CARTESIAN_POINT('',(349.315508160766,-2.,19.7650753079344));
#4350=CARTESIAN_POINT('Origin',(356.196921003505,-2.,21.4986500559595));
#4351=CARTESIAN_POINT('',(349.315508160766,0.,19.7650753079344));
#4352=CARTESIAN_POINT('Origin',(346.000005155802,0.,5.00000007450581));
#4353=CARTESIAN_POINT('',(347.031224470806,0.,20.0975692016565));
#4354=CARTESIAN_POINT('Origin',(346.000005155802,0.,5.00000007450581));
#4355=CARTESIAN_POINT('',(347.031224470806,-2.,20.0975692016565));
#4356=CARTESIAN_POINT('Origin',(346.000005155802,-2.,5.00000007450581));
#4357=CARTESIAN_POINT('',(347.031224470806,0.,20.0975692016565));
#4358=CARTESIAN_POINT('Origin',(336.340254456733,0.,20.3736920988007));
#4359=CARTESIAN_POINT('',(346.707297849331,0.,23.0000003427267));
#4360=CARTESIAN_POINT('Origin',(336.340254456733,0.,20.3736920988007));
#4361=CARTESIAN_POINT('',(346.707297849331,-2.,23.0000003427267));
#4362=CARTESIAN_POINT('Origin',(336.340254456733,-2.,20.3736920988007));
#4363=CARTESIAN_POINT('',(346.707297849331,0.,23.0000003427267));
#4364=CARTESIAN_POINT('Origin',(349.261139040696,0.,23.0000003427267));
#4365=CARTESIAN_POINT('',(324.840254456733,0.,23.0000003427267));
#4366=CARTESIAN_POINT('',(324.840254456733,-2.,23.0000003427267));
#4367=CARTESIAN_POINT('Origin',(348.011403005049,0.,21.3825378253305));
#4368=CARTESIAN_POINT('Origin',(348.011403005049,-2.,21.3825378253305));
#4369=CARTESIAN_POINT('Origin',(377.780083700711,200.,0.));
#4370=CARTESIAN_POINT('',(375.780083700711,200.,0.));
#4371=CARTESIAN_POINT('',(377.780083700711,200.,0.));
#4372=CARTESIAN_POINT('',(0.,200.,0.));
#4373=CARTESIAN_POINT('',(375.780083700711,200.,23.));
#4374=CARTESIAN_POINT('',(375.780083700711,200.,0.));
#4375=CARTESIAN_POINT('',(377.780083700711,200.,23.));
#4376=CARTESIAN_POINT('',(0.,200.,23.));
#4377=CARTESIAN_POINT('',(377.780083700711,200.,0.));
#4378=CARTESIAN_POINT('Origin',(377.780083700711,0.,0.));
#4379=CARTESIAN_POINT('',(377.780083700711,0.,0.));
#4380=CARTESIAN_POINT('',(377.780083700711,200.,0.));
#4381=CARTESIAN_POINT('',(377.780083700711,0.,23.));
#4382=CARTESIAN_POINT('',(377.780083700711,200.,23.));
#4383=CARTESIAN_POINT('',(377.780083700711,0.,0.));
#4384=CARTESIAN_POINT('Origin',(375.780083700711,0.,0.));
#4385=CARTESIAN_POINT('',(375.780083700711,0.,0.));
#4386=CARTESIAN_POINT('',(377.780083700711,0.,0.));
#4387=CARTESIAN_POINT('',(375.780083700711,0.,23.));
#4388=CARTESIAN_POINT('',(377.780083700711,0.,23.));
#4389=CARTESIAN_POINT('',(375.780083700711,0.,0.));
#4390=CARTESIAN_POINT('Origin',(375.780083700711,200.,0.));
#4391=CARTESIAN_POINT('',(375.780083700711,1.99999999999999,0.));
#4392=CARTESIAN_POINT('',(375.780083700711,1.99999999999999,23.));
#4393=CARTESIAN_POINT('Origin',(376.780083700711,100.,23.));
#4394=CARTESIAN_POINT('Origin',(376.780083700711,100.,0.));
#4395=CARTESIAN_POINT('Origin',(85.,22.,0.));
#4396=CARTESIAN_POINT('',(85.,42.,0.));
#4397=CARTESIAN_POINT('',(85.,22.,0.));
#4398=CARTESIAN_POINT('',(85.,198.,0.));
#4399=CARTESIAN_POINT('',(85.,42.,3.));
#4400=CARTESIAN_POINT('',(85.,42.,0.));
#4401=CARTESIAN_POINT('',(85.,22.,3.));
#4402=CARTESIAN_POINT('',(85.,198.,3.));
#4403=CARTESIAN_POINT('',(85.,22.,0.));
#4404=CARTESIAN_POINT('Origin',(65.,22.,0.));
#4405=CARTESIAN_POINT('',(65.,22.,0.));
#4406=CARTESIAN_POINT('',(85.,22.,0.));
#4407=CARTESIAN_POINT('',(65.,22.,3.));
#4408=CARTESIAN_POINT('',(85.,22.,3.));
#4409=CARTESIAN_POINT('',(65.,22.,0.));
#4410=CARTESIAN_POINT('Origin',(65.,42.,0.));
#4411=CARTESIAN_POINT('',(65.,42.,0.));
#4412=CARTESIAN_POINT('',(65.,42.,0.));
#4413=CARTESIAN_POINT('',(65.,42.,3.));
#4414=CARTESIAN_POINT('',(65.,42.,3.));
#4415=CARTESIAN_POINT('',(65.,42.,0.));
#4416=CARTESIAN_POINT('Origin',(85.,42.,0.));
#4417=CARTESIAN_POINT('',(365.,42.,0.));
#4418=CARTESIAN_POINT('',(365.,42.,3.));
#4419=CARTESIAN_POINT('Origin',(75.,32.,3.));
#4420=CARTESIAN_POINT('Origin',(75.,32.,0.));
#4421=CARTESIAN_POINT('Origin',(325.,178.,0.));
#4422=CARTESIAN_POINT('',(325.,158.,0.));
#4423=CARTESIAN_POINT('',(325.,178.,0.));
#4424=CARTESIAN_POINT('',(325.,1.99999999999999,0.));
#4425=CARTESIAN_POINT('',(325.,158.,3.));
#4426=CARTESIAN_POINT('',(325.,158.,0.));
#4427=CARTESIAN_POINT('',(325.,178.,3.));
#4428=CARTESIAN_POINT('',(325.,1.99999999999999,3.));
#4429=CARTESIAN_POINT('',(325.,178.,0.));
#4430=CARTESIAN_POINT('Origin',(345.,178.,0.));
#4431=CARTESIAN_POINT('',(345.,178.,0.));
#4432=CARTESIAN_POINT('',(365.,178.,0.));
#4433=CARTESIAN_POINT('',(345.,178.,3.));
#4434=CARTESIAN_POINT('',(365.,178.,3.));
#4435=CARTESIAN_POINT('',(345.,178.,0.));
#4436=CARTESIAN_POINT('Origin',(345.,158.,0.));
#4437=CARTESIAN_POINT('',(345.,158.,0.));
#4438=CARTESIAN_POINT('',(345.,158.,0.));
#4439=CARTESIAN_POINT('',(345.,158.,3.));
#4440=CARTESIAN_POINT('',(345.,158.,3.));
#4441=CARTESIAN_POINT('',(345.,158.,0.));
#4442=CARTESIAN_POINT('Origin',(325.,158.,0.));
#4443=CARTESIAN_POINT('',(45.,158.,0.));
#4444=CARTESIAN_POINT('',(45.,158.,3.));
#4445=CARTESIAN_POINT('Origin',(335.,168.,3.));
#4446=CARTESIAN_POINT('Origin',(335.,168.,0.));
#4447=CARTESIAN_POINT('Origin',(325.,22.,0.));
#4448=CARTESIAN_POINT('',(345.,22.,0.));
#4449=CARTESIAN_POINT('',(325.,22.,0.));
#4450=CARTESIAN_POINT('',(365.,22.,0.));
#4451=CARTESIAN_POINT('',(345.,22.,3.));
#4452=CARTESIAN_POINT('',(345.,22.,0.));
#4453=CARTESIAN_POINT('',(325.,22.,3.));
#4454=CARTESIAN_POINT('',(365.,22.,3.));
#4455=CARTESIAN_POINT('',(325.,22.,0.));
#4456=CARTESIAN_POINT('Origin',(325.,42.,0.));
#4457=CARTESIAN_POINT('',(325.,42.,0.));
#4458=CARTESIAN_POINT('',(325.,1.99999999999999,0.));
#4459=CARTESIAN_POINT('',(325.,42.,3.));
#4460=CARTESIAN_POINT('',(325.,1.99999999999999,3.));
#4461=CARTESIAN_POINT('',(325.,42.,0.));
#4462=CARTESIAN_POINT('Origin',(345.,42.,0.));
#4463=CARTESIAN_POINT('',(345.,42.,0.));
#4464=CARTESIAN_POINT('',(365.,42.,0.));
#4465=CARTESIAN_POINT('',(345.,42.,3.));
#4466=CARTESIAN_POINT('',(365.,42.,3.));
#4467=CARTESIAN_POINT('',(345.,42.,0.));
#4468=CARTESIAN_POINT('Origin',(345.,22.,0.));
#4469=CARTESIAN_POINT('',(345.,158.,0.));
#4470=CARTESIAN_POINT('',(345.,158.,3.));
#4471=CARTESIAN_POINT('Origin',(335.,32.,3.));
#4472=CARTESIAN_POINT('Origin',(335.,32.,0.));
#4473=UNCERTAINTY_MEASURE_WITH_UNIT(LENGTH_MEASURE(0.01),#4477,
'DISTANCE_ACCURACY_VALUE',
'Maximum model space distance between geometric entities at asserted c
onnectivities');
#4474=UNCERTAINTY_MEASURE_WITH_UNIT(LENGTH_MEASURE(0.01),#4477,
'DISTANCE_ACCURACY_VALUE',
'Maximum model space distance between geometric entities at asserted c
onnectivities');
#4475=(
GEOMETRIC_REPRESENTATION_CONTEXT(3)
GLOBAL_UNCERTAINTY_ASSIGNED_CONTEXT((#4473))
GLOBAL_UNIT_ASSIGNED_CONTEXT((#4477,#4479,#4480))
REPRESENTATION_CONTEXT('','3D')
);
#4476=(
GEOMETRIC_REPRESENTATION_CONTEXT(3)
GLOBAL_UNCERTAINTY_ASSIGNED_CONTEXT((#4474))
GLOBAL_UNIT_ASSIGNED_CONTEXT((#4477,#4479,#4480))
REPRESENTATION_CONTEXT('','3D')
);
#4477=(
LENGTH_UNIT()
NAMED_UNIT(*)
SI_UNIT(.MILLI.,.METRE.)
);
#4478=(
LENGTH_UNIT()
NAMED_UNIT(*)
SI_UNIT($,.METRE.)
);
#4479=(
NAMED_UNIT(*)
PLANE_ANGLE_UNIT()
SI_UNIT($,.RADIAN.)
);
#4480=(
NAMED_UNIT(*)
SI_UNIT($,.STERADIAN.)
SOLID_ANGLE_UNIT()
);
#4481=SHAPE_DEFINITION_REPRESENTATION(#4482,#4483);
#4482=PRODUCT_DEFINITION_SHAPE('',$,#4485);
#4483=SHAPE_REPRESENTATION('',(#2617),#4475);
#4484=PRODUCT_DEFINITION_CONTEXT('part definition',#4489,'design');
#4485=PRODUCT_DEFINITION('2026-07-06-20-13-13-233',
'Tablet Project_Bottom Case',#4486,#4484);
#4486=PRODUCT_DEFINITION_FORMATION('',$,#4491);
#4487=PRODUCT_RELATED_PRODUCT_CATEGORY('Tablet Project_Bottom Case',
'Tablet Project_Bottom Case',(#4491));
#4488=APPLICATION_PROTOCOL_DEFINITION('international standard',
'automotive_design',2009,#4489);
#4489=APPLICATION_CONTEXT(
'Core Data for Automotive Mechanical Design Process');
#4490=PRODUCT_CONTEXT('part definition',#4489,'mechanical');
#4491=PRODUCT('2026-07-06-20-13-13-233','Tablet Project_Bottom Case',$,
(#4490));
#4492=PRESENTATION_STYLE_ASSIGNMENT((#4493));
#4493=SURFACE_STYLE_USAGE(.BOTH.,#4494);
#4494=SURFACE_SIDE_STYLE('',(#4495));
#4495=SURFACE_STYLE_FILL_AREA(#4496);
#4496=FILL_AREA_STYLE('Steel - Satin',(#4497));
#4497=FILL_AREA_STYLE_COLOUR('Steel - Satin',#4498);
#4498=COLOUR_RGB('Steel - Satin',0.627450980392157,0.627450980392157,0.627450980392157);
ENDSEC;
END-ISO-10303-21;
