ISO-10303-21;
HEADER;
/* Generated by software containing ST-Developer
 * from STEP Tools, Inc. (www.steptools.com) 
 */

FILE_DESCRIPTION(
/* description */ (''),
/* implementation_level */ '2;1');

FILE_NAME(
/* name */ 'Tablet_Project_Top_Case.step',
/* time_stamp */ '2026-07-28T18:59:30+05:30',
/* author */ (''),
/* organization */ (''),
/* preprocessor_version */ 'ST-DEVELOPER v20.1',
/* originating_system */ 'Autodesk Translation Framework v15.8.0.0',
/* authorisation */ '');

FILE_SCHEMA (('AUTOMOTIVE_DESIGN { 1 0 10303 214 3 1 1 }'));
ENDSEC;

DATA;
#10=MECHANICAL_DESIGN_GEOMETRIC_PRESENTATION_REPRESENTATION('',(#13,#14),
#4226);
#11=SHAPE_REPRESENTATION_RELATIONSHIP('SRR','None',#4233,#12);
#12=ADVANCED_BREP_SHAPE_REPRESENTATION('',(#15,#16),#4225);
#13=STYLED_ITEM('',(#4242),#15);
#14=STYLED_ITEM('',(#4242),#16);
#15=MANIFOLD_SOLID_BREP('Body1',#2255);
#16=MANIFOLD_SOLID_BREP('Body2',#2256);
#17=FACE_BOUND('',#812,.T.);
#18=FACE_BOUND('',#813,.T.);
#19=FACE_BOUND('',#814,.T.);
#20=FACE_BOUND('',#815,.T.);
#21=FACE_BOUND('',#816,.T.);
#22=FACE_BOUND('',#817,.T.);
#23=FACE_BOUND('',#818,.T.);
#24=FACE_BOUND('',#819,.T.);
#25=FACE_BOUND('',#820,.T.);
#26=FACE_BOUND('',#821,.T.);
#27=FACE_BOUND('',#899,.T.);
#28=FACE_BOUND('',#900,.T.);
#29=FACE_BOUND('',#901,.T.);
#30=FACE_BOUND('',#902,.T.);
#31=FACE_BOUND('',#903,.T.);
#32=FACE_BOUND('',#904,.T.);
#33=FACE_BOUND('',#905,.T.);
#34=FACE_BOUND('',#906,.T.);
#35=FACE_BOUND('',#907,.T.);
#36=FACE_BOUND('',#908,.T.);
#37=TOROIDAL_SURFACE('',#2330,3.,1.);
#38=TOROIDAL_SURFACE('',#2337,3.,1.);
#39=TOROIDAL_SURFACE('',#2343,3.,1.);
#40=TOROIDAL_SURFACE('',#2349,3.,1.);
#41=TOROIDAL_SURFACE('',#2380,3.,1.);
#42=TOROIDAL_SURFACE('',#2385,3.,1.);
#43=TOROIDAL_SURFACE('',#2390,3.,1.);
#44=TOROIDAL_SURFACE('',#2395,3.,1.);
#45=TOROIDAL_SURFACE('',#2403,3.,1.);
#46=TOROIDAL_SURFACE('',#2409,3.,1.);
#47=TOROIDAL_SURFACE('',#2414,3.,1.);
#48=TOROIDAL_SURFACE('',#2419,3.,1.);
#49=TOROIDAL_SURFACE('',#2429,3.,1.);
#50=TOROIDAL_SURFACE('',#2435,3.,1.);
#51=TOROIDAL_SURFACE('',#2440,3.,1.);
#52=TOROIDAL_SURFACE('',#2445,3.,1.);
#53=TOROIDAL_SURFACE('',#2494,26.,1.);
#54=TOROIDAL_SURFACE('',#2497,8.,1.);
#55=TOROIDAL_SURFACE('',#2502,26.,1.);
#56=TOROIDAL_SURFACE('',#2505,8.,1.);
#57=PLANE('',#2285);
#58=PLANE('',#2289);
#59=PLANE('',#2293);
#60=PLANE('',#2297);
#61=PLANE('',#2301);
#62=PLANE('',#2305);
#63=PLANE('',#2309);
#64=PLANE('',#2313);
#65=PLANE('',#2317);
#66=PLANE('',#2321);
#67=PLANE('',#2325);
#68=PLANE('',#2329);
#69=PLANE('',#2354);
#70=PLANE('',#2357);
#71=PLANE('',#2360);
#72=PLANE('',#2399);
#73=PLANE('',#2402);
#74=PLANE('',#2423);
#75=PLANE('',#2426);
#76=PLANE('',#2449);
#77=PLANE('',#2452);
#78=PLANE('',#2457);
#79=PLANE('',#2460);
#80=PLANE('',#2463);
#81=PLANE('',#2466);
#82=PLANE('',#2469);
#83=PLANE('',#2472);
#84=PLANE('',#2475);
#85=PLANE('',#2478);
#86=PLANE('',#2511);
#87=PLANE('',#2516);
#88=PLANE('',#2517);
#89=PLANE('',#2518);
#90=PLANE('',#2519);
#91=PLANE('',#2520);
#92=PLANE('',#2521);
#93=PLANE('',#2522);
#94=PLANE('',#2523);
#95=PLANE('',#2524);
#96=PLANE('',#2525);
#97=PLANE('',#2526);
#98=PLANE('',#2527);
#99=CIRCLE('',#2283,0.4);
#100=CIRCLE('',#2284,0.4);
#101=CIRCLE('',#2287,0.4);
#102=CIRCLE('',#2288,0.4);
#103=CIRCLE('',#2291,0.4);
#104=CIRCLE('',#2292,0.4);
#105=CIRCLE('',#2295,0.4);
#106=CIRCLE('',#2296,0.4);
#107=CIRCLE('',#2299,0.4);
#108=CIRCLE('',#2300,0.4);
#109=CIRCLE('',#2303,0.4);
#110=CIRCLE('',#2304,0.4);
#111=CIRCLE('',#2307,0.4);
#112=CIRCLE('',#2308,0.4);
#113=CIRCLE('',#2311,0.4);
#114=CIRCLE('',#2312,0.4);
#115=CIRCLE('',#2315,0.4);
#116=CIRCLE('',#2316,0.4);
#117=CIRCLE('',#2319,0.4);
#118=CIRCLE('',#2320,0.4);
#119=CIRCLE('',#2323,0.4);
#120=CIRCLE('',#2324,0.4);
#121=CIRCLE('',#2327,0.4);
#122=CIRCLE('',#2328,0.4);
#123=CIRCLE('',#2331,1.00000000000001);
#124=CIRCLE('',#2332,3.);
#125=CIRCLE('',#2333,1.);
#126=CIRCLE('',#2334,2.);
#127=CIRCLE('',#2336,1.);
#128=CIRCLE('',#2338,1.);
#129=CIRCLE('',#2339,2.);
#130=CIRCLE('',#2340,3.);
#131=CIRCLE('',#2342,1.);
#132=CIRCLE('',#2344,1.);
#133=CIRCLE('',#2345,2.);
#134=CIRCLE('',#2346,3.);
#135=CIRCLE('',#2348,1.);
#136=CIRCLE('',#2350,1.);
#137=CIRCLE('',#2351,2.);
#138=CIRCLE('',#2352,3.);
#139=CIRCLE('',#2356,2.);
#140=CIRCLE('',#2359,2.);
#141=CIRCLE('',#2361,3.);
#142=CIRCLE('',#2362,3.);
#143=CIRCLE('',#2363,3.);
#144=CIRCLE('',#2364,3.);
#145=CIRCLE('',#2365,3.);
#146=CIRCLE('',#2366,3.);
#147=CIRCLE('',#2367,3.);
#148=CIRCLE('',#2368,3.);
#149=CIRCLE('',#2369,26.);
#150=CIRCLE('',#2370,8.);
#151=CIRCLE('',#2371,26.);
#152=CIRCLE('',#2372,8.);
#153=CIRCLE('',#2373,3.);
#154=CIRCLE('',#2374,3.);
#155=CIRCLE('',#2375,3.);
#156=CIRCLE('',#2376,3.);
#157=CIRCLE('',#2378,1.);
#158=CIRCLE('',#2379,1.00000000000001);
#159=CIRCLE('',#2381,1.00000000000001);
#160=CIRCLE('',#2382,2.);
#161=CIRCLE('',#2384,0.999999999999996);
#162=CIRCLE('',#2386,0.999999999999996);
#163=CIRCLE('',#2387,2.);
#164=CIRCLE('',#2389,1.);
#165=CIRCLE('',#2391,1.00000000000001);
#166=CIRCLE('',#2392,2.);
#167=CIRCLE('',#2394,0.999999999999996);
#168=CIRCLE('',#2396,2.);
#169=CIRCLE('',#2398,2.);
#170=CIRCLE('',#2401,2.);
#171=CIRCLE('',#2404,1.);
#172=CIRCLE('',#2405,1.);
#173=CIRCLE('',#2406,2.);
#174=CIRCLE('',#2408,1.);
#175=CIRCLE('',#2410,1.);
#176=CIRCLE('',#2411,2.);
#177=CIRCLE('',#2413,1.);
#178=CIRCLE('',#2415,1.);
#179=CIRCLE('',#2416,2.);
#180=CIRCLE('',#2418,1.);
#181=CIRCLE('',#2420,1.);
#182=CIRCLE('',#2421,2.);
#183=CIRCLE('',#2425,2.);
#184=CIRCLE('',#2428,2.);
#185=CIRCLE('',#2430,1.);
#186=CIRCLE('',#2431,1.);
#187=CIRCLE('',#2432,2.);
#188=CIRCLE('',#2434,1.);
#189=CIRCLE('',#2436,1.);
#190=CIRCLE('',#2437,2.);
#191=CIRCLE('',#2439,1.);
#192=CIRCLE('',#2441,1.);
#193=CIRCLE('',#2442,2.);
#194=CIRCLE('',#2444,1.);
#195=CIRCLE('',#2446,1.);
#196=CIRCLE('',#2447,2.);
#197=CIRCLE('',#2451,2.);
#198=CIRCLE('',#2454,2.);
#199=CIRCLE('',#2456,2.);
#200=CIRCLE('',#2459,2.);
#201=CIRCLE('',#2462,2.);
#202=CIRCLE('',#2465,2.);
#203=CIRCLE('',#2468,2.);
#204=CIRCLE('',#2471,2.);
#205=CIRCLE('',#2474,2.);
#206=CIRCLE('',#2477,2.);
#207=CIRCLE('',#2492,1.);
#208=CIRCLE('',#2493,0.999999999999996);
#209=CIRCLE('',#2495,0.999999999999996);
#210=CIRCLE('',#2496,25.);
#211=CIRCLE('',#2498,1.);
#212=CIRCLE('',#2499,7.);
#213=CIRCLE('',#2501,0.999999999999996);
#214=CIRCLE('',#2503,0.999999999999995);
#215=CIRCLE('',#2504,25.);
#216=CIRCLE('',#2506,7.);
#217=CIRCLE('',#2508,7.);
#218=CIRCLE('',#2510,25.);
#219=CIRCLE('',#2513,25.);
#220=CIRCLE('',#2515,7.);
#221=LINE('',#3281,#401);
#222=LINE('',#3284,#402);
#223=LINE('',#3336,#403);
#224=LINE('',#3339,#404);
#225=LINE('',#3393,#405);
#226=LINE('',#3394,#406);
#227=LINE('',#3445,#407);
#228=LINE('',#3446,#408);
#229=LINE('',#3452,#409);
#230=LINE('',#3455,#410);
#231=LINE('',#3458,#411);
#232=LINE('',#3460,#412);
#233=LINE('',#3461,#413);
#234=LINE('',#3467,#414);
#235=LINE('',#3470,#415);
#236=LINE('',#3473,#416);
#237=LINE('',#3475,#417);
#238=LINE('',#3476,#418);
#239=LINE('',#3482,#419);
#240=LINE('',#3485,#420);
#241=LINE('',#3488,#421);
#242=LINE('',#3490,#422);
#243=LINE('',#3491,#423);
#244=LINE('',#3496,#424);
#245=LINE('',#3500,#425);
#246=LINE('',#3502,#426);
#247=LINE('',#3503,#427);
#248=LINE('',#3508,#428);
#249=LINE('',#3512,#429);
#250=LINE('',#3514,#430);
#251=LINE('',#3515,#431);
#252=LINE('',#3520,#432);
#253=LINE('',#3524,#433);
#254=LINE('',#3526,#434);
#255=LINE('',#3527,#435);
#256=LINE('',#3532,#436);
#257=LINE('',#3536,#437);
#258=LINE('',#3538,#438);
#259=LINE('',#3539,#439);
#260=LINE('',#3544,#440);
#261=LINE('',#3548,#441);
#262=LINE('',#3550,#442);
#263=LINE('',#3551,#443);
#264=LINE('',#3556,#444);
#265=LINE('',#3560,#445);
#266=LINE('',#3562,#446);
#267=LINE('',#3563,#447);
#268=LINE('',#3568,#448);
#269=LINE('',#3571,#449);
#270=LINE('',#3572,#450);
#271=LINE('',#3577,#451);
#272=LINE('',#3580,#452);
#273=LINE('',#3581,#453);
#274=LINE('',#3586,#454);
#275=LINE('',#3589,#455);
#276=LINE('',#3590,#456);
#277=LINE('',#3604,#457);
#278=LINE('',#3605,#458);
#279=LINE('',#3616,#459);
#280=LINE('',#3617,#460);
#281=LINE('',#3628,#461);
#282=LINE('',#3629,#462);
#283=LINE('',#3637,#463);
#284=LINE('',#3638,#464);
#285=LINE('',#3641,#465);
#286=LINE('',#3643,#466);
#287=LINE('',#3644,#467);
#288=LINE('',#3647,#468);
#289=LINE('',#3651,#469);
#290=LINE('',#3652,#470);
#291=LINE('',#3655,#471);
#292=LINE('',#3660,#472);
#293=LINE('',#3662,#473);
#294=LINE('',#3664,#474);
#295=LINE('',#3665,#475);
#296=LINE('',#3668,#476);
#297=LINE('',#3672,#477);
#298=LINE('',#3676,#478);
#299=LINE('',#3680,#479);
#300=LINE('',#3686,#480);
#301=LINE('',#3690,#481);
#302=LINE('',#3694,#482);
#303=LINE('',#3697,#483);
#304=LINE('',#3700,#484);
#305=LINE('',#3706,#485);
#306=LINE('',#3712,#486);
#307=LINE('',#3714,#487);
#308=LINE('',#3716,#488);
#309=LINE('',#3717,#489);
#310=LINE('',#3722,#490);
#311=LINE('',#3726,#491);
#312=LINE('',#3730,#492);
#313=LINE('',#3733,#493);
#314=LINE('',#3738,#494);
#315=LINE('',#3747,#495);
#316=LINE('',#3755,#496);
#317=LINE('',#3763,#497);
#318=LINE('',#3768,#498);
#319=LINE('',#3771,#499);
#320=LINE('',#3774,#500);
#321=LINE('',#3775,#501);
#322=LINE('',#3778,#502);
#323=LINE('',#3782,#503);
#324=LINE('',#3783,#504);
#325=LINE('',#3793,#505);
#326=LINE('',#3801,#506);
#327=LINE('',#3809,#507);
#328=LINE('',#3815,#508);
#329=LINE('',#3818,#509);
#330=LINE('',#3820,#510);
#331=LINE('',#3821,#511);
#332=LINE('',#3824,#512);
#333=LINE('',#3828,#513);
#334=LINE('',#3829,#514);
#335=LINE('',#3832,#515);
#336=LINE('',#3843,#516);
#337=LINE('',#3851,#517);
#338=LINE('',#3859,#518);
#339=LINE('',#3865,#519);
#340=LINE('',#3868,#520);
#341=LINE('',#3870,#521);
#342=LINE('',#3871,#522);
#343=LINE('',#3874,#523);
#344=LINE('',#3878,#524);
#345=LINE('',#3879,#525);
#346=LINE('',#3882,#526);
#347=LINE('',#3887,#527);
#348=LINE('',#3890,#528);
#349=LINE('',#3891,#529);
#350=LINE('',#3894,#530);
#351=LINE('',#3897,#531);
#352=LINE('',#3899,#532);
#353=LINE('',#3903,#533);
#354=LINE('',#3905,#534);
#355=LINE('',#3909,#535);
#356=LINE('',#3911,#536);
#357=LINE('',#3914,#537);
#358=LINE('',#3917,#538);
#359=LINE('',#3920,#539);
#360=LINE('',#3921,#540);
#361=LINE('',#3925,#541);
#362=LINE('',#3929,#542);
#363=LINE('',#3932,#543);
#364=LINE('',#3933,#544);
#365=LINE('',#3937,#545);
#366=LINE('',#3939,#546);
#367=LINE('',#3988,#547);
#368=LINE('',#4037,#548);
#369=LINE('',#4084,#549);
#370=LINE('',#4131,#550);
#371=LINE('',#4136,#551);
#372=LINE('',#4149,#552);
#373=LINE('',#4158,#553);
#374=LINE('',#4161,#554);
#375=LINE('',#4164,#555);
#376=LINE('',#4168,#556);
#377=LINE('',#4169,#557);
#378=LINE('',#4172,#558);
#379=LINE('',#4175,#559);
#380=LINE('',#4179,#560);
#381=LINE('',#4183,#561);
#382=LINE('',#4184,#562);
#383=LINE('',#4185,#563);
#384=LINE('',#4188,#564);
#385=LINE('',#4189,#565);
#386=LINE('',#4192,#566);
#387=LINE('',#4193,#567);
#388=LINE('',#4195,#568);
#389=LINE('',#4200,#569);
#390=LINE('',#4202,#570);
#391=LINE('',#4204,#571);
#392=LINE('',#4205,#572);
#393=LINE('',#4208,#573);
#394=LINE('',#4210,#574);
#395=LINE('',#4211,#575);
#396=LINE('',#4214,#576);
#397=LINE('',#4216,#577);
#398=LINE('',#4217,#578);
#399=LINE('',#4219,#579);
#400=LINE('',#4220,#580);
#401=VECTOR('',#2536,10.);
#402=VECTOR('',#2539,10.);
#403=VECTOR('',#2544,10.);
#404=VECTOR('',#2547,10.);
#405=VECTOR('',#2554,10.);
#406=VECTOR('',#2555,10.);
#407=VECTOR('',#2560,10.);
#408=VECTOR('',#2561,10.);
#409=VECTOR('',#2566,10.);
#410=VECTOR('',#2569,10.);
#411=VECTOR('',#2572,10.);
#412=VECTOR('',#2573,10.);
#413=VECTOR('',#2574,10.);
#414=VECTOR('',#2579,10.);
#415=VECTOR('',#2582,10.);
#416=VECTOR('',#2585,10.);
#417=VECTOR('',#2586,10.);
#418=VECTOR('',#2587,10.);
#419=VECTOR('',#2592,10.);
#420=VECTOR('',#2595,10.);
#421=VECTOR('',#2598,10.);
#422=VECTOR('',#2599,10.);
#423=VECTOR('',#2600,10.);
#424=VECTOR('',#2605,10.);
#425=VECTOR('',#2610,10.);
#426=VECTOR('',#2611,10.);
#427=VECTOR('',#2612,10.);
#428=VECTOR('',#2617,10.);
#429=VECTOR('',#2622,10.);
#430=VECTOR('',#2623,10.);
#431=VECTOR('',#2624,10.);
#432=VECTOR('',#2629,10.);
#433=VECTOR('',#2634,10.);
#434=VECTOR('',#2635,10.);
#435=VECTOR('',#2636,10.);
#436=VECTOR('',#2641,10.);
#437=VECTOR('',#2646,10.);
#438=VECTOR('',#2647,10.);
#439=VECTOR('',#2648,10.);
#440=VECTOR('',#2653,10.);
#441=VECTOR('',#2658,10.);
#442=VECTOR('',#2659,10.);
#443=VECTOR('',#2660,10.);
#444=VECTOR('',#2665,10.);
#445=VECTOR('',#2670,10.);
#446=VECTOR('',#2671,10.);
#447=VECTOR('',#2672,10.);
#448=VECTOR('',#2677,10.);
#449=VECTOR('',#2682,10.);
#450=VECTOR('',#2683,10.);
#451=VECTOR('',#2688,10.);
#452=VECTOR('',#2693,10.);
#453=VECTOR('',#2694,10.);
#454=VECTOR('',#2699,10.);
#455=VECTOR('',#2704,10.);
#456=VECTOR('',#2705,10.);
#457=VECTOR('',#2720,10.);
#458=VECTOR('',#2721,10.);
#459=VECTOR('',#2734,10.);
#460=VECTOR('',#2735,10.);
#461=VECTOR('',#2748,10.);
#462=VECTOR('',#2749,10.);
#463=VECTOR('',#2760,10.);
#464=VECTOR('',#2761,10.);
#465=VECTOR('',#2764,10.);
#466=VECTOR('',#2765,10.);
#467=VECTOR('',#2766,10.);
#468=VECTOR('',#2769,10.);
#469=VECTOR('',#2774,10.);
#470=VECTOR('',#2775,10.);
#471=VECTOR('',#2778,10.);
#472=VECTOR('',#2783,10.);
#473=VECTOR('',#2784,10.);
#474=VECTOR('',#2785,10.);
#475=VECTOR('',#2786,10.);
#476=VECTOR('',#2787,10.);
#477=VECTOR('',#2790,10.);
#478=VECTOR('',#2793,10.);
#479=VECTOR('',#2796,10.);
#480=VECTOR('',#2801,10.);
#481=VECTOR('',#2804,10.);
#482=VECTOR('',#2807,10.);
#483=VECTOR('',#2810,10.);
#484=VECTOR('',#2811,10.);
#485=VECTOR('',#2816,10.);
#486=VECTOR('',#2821,10.);
#487=VECTOR('',#2822,10.);
#488=VECTOR('',#2823,10.);
#489=VECTOR('',#2824,10.);
#490=VECTOR('',#2827,10.);
#491=VECTOR('',#2830,10.);
#492=VECTOR('',#2833,10.);
#493=VECTOR('',#2836,10.);
#494=VECTOR('',#2841,10.);
#495=VECTOR('',#2854,10.);
#496=VECTOR('',#2865,10.);
#497=VECTOR('',#2876,10.);
#498=VECTOR('',#2883,10.);
#499=VECTOR('',#2886,10.);
#500=VECTOR('',#2889,10.);
#501=VECTOR('',#2890,10.);
#502=VECTOR('',#2893,10.);
#503=VECTOR('',#2898,10.);
#504=VECTOR('',#2899,10.);
#505=VECTOR('',#2912,10.);
#506=VECTOR('',#2923,10.);
#507=VECTOR('',#2934,10.);
#508=VECTOR('',#2943,10.);
#509=VECTOR('',#2946,10.);
#510=VECTOR('',#2947,10.);
#511=VECTOR('',#2948,10.);
#512=VECTOR('',#2951,10.);
#513=VECTOR('',#2956,10.);
#514=VECTOR('',#2957,10.);
#515=VECTOR('',#2960,10.);
#516=VECTOR('',#2975,10.);
#517=VECTOR('',#2986,10.);
#518=VECTOR('',#2997,10.);
#519=VECTOR('',#3006,10.);
#520=VECTOR('',#3009,10.);
#521=VECTOR('',#3010,10.);
#522=VECTOR('',#3011,10.);
#523=VECTOR('',#3014,10.);
#524=VECTOR('',#3019,10.);
#525=VECTOR('',#3020,10.);
#526=VECTOR('',#3023,10.);
#527=VECTOR('',#3030,10.);
#528=VECTOR('',#3033,10.);
#529=VECTOR('',#3034,10.);
#530=VECTOR('',#3037,10.);
#531=VECTOR('',#3040,10.);
#532=VECTOR('',#3043,10.);
#533=VECTOR('',#3048,10.);
#534=VECTOR('',#3051,10.);
#535=VECTOR('',#3056,10.);
#536=VECTOR('',#3059,10.);
#537=VECTOR('',#3062,10.);
#538=VECTOR('',#3065,10.);
#539=VECTOR('',#3068,10.);
#540=VECTOR('',#3069,10.);
#541=VECTOR('',#3076,10.);
#542=VECTOR('',#3081,10.);
#543=VECTOR('',#3084,10.);
#544=VECTOR('',#3085,10.);
#545=VECTOR('',#3090,10.);
#546=VECTOR('',#3093,10.);
#547=VECTOR('',#3100,10.);
#548=VECTOR('',#3109,10.);
#549=VECTOR('',#3114,10.);
#550=VECTOR('',#3121,10.);
#551=VECTOR('',#3126,10.);
#552=VECTOR('',#3145,10.);
#553=VECTOR('',#3158,10.);
#554=VECTOR('',#3161,10.);
#555=VECTOR('',#3164,10.);
#556=VECTOR('',#3169,10.);
#557=VECTOR('',#3170,10.);
#558=VECTOR('',#3173,10.);
#559=VECTOR('',#3176,10.);
#560=VECTOR('',#3183,10.);
#561=VECTOR('',#3186,10.);
#562=VECTOR('',#3187,10.);
#563=VECTOR('',#3188,10.);
#564=VECTOR('',#3191,10.);
#565=VECTOR('',#3192,10.);
#566=VECTOR('',#3195,10.);
#567=VECTOR('',#3196,10.);
#568=VECTOR('',#3199,10.);
#569=VECTOR('',#3204,10.);
#570=VECTOR('',#3205,10.);
#571=VECTOR('',#3206,10.);
#572=VECTOR('',#3207,10.);
#573=VECTOR('',#3210,10.);
#574=VECTOR('',#3211,10.);
#575=VECTOR('',#3212,10.);
#576=VECTOR('',#3215,10.);
#577=VECTOR('',#3216,10.);
#578=VECTOR('',#3217,10.);
#579=VECTOR('',#3220,10.);
#580=VECTOR('',#3221,10.);
#581=CYLINDRICAL_SURFACE('',#2272,2.);
#582=CYLINDRICAL_SURFACE('',#2275,2.);
#583=CYLINDRICAL_SURFACE('',#2279,2.);
#584=CYLINDRICAL_SURFACE('',#2281,2.);
#585=CYLINDRICAL_SURFACE('',#2282,0.4);
#586=CYLINDRICAL_SURFACE('',#2286,0.4);
#587=CYLINDRICAL_SURFACE('',#2290,0.4);
#588=CYLINDRICAL_SURFACE('',#2294,0.4);
#589=CYLINDRICAL_SURFACE('',#2298,0.4);
#590=CYLINDRICAL_SURFACE('',#2302,0.4);
#591=CYLINDRICAL_SURFACE('',#2306,0.4);
#592=CYLINDRICAL_SURFACE('',#2310,0.4);
#593=CYLINDRICAL_SURFACE('',#2314,0.4);
#594=CYLINDRICAL_SURFACE('',#2318,0.4);
#595=CYLINDRICAL_SURFACE('',#2322,0.4);
#596=CYLINDRICAL_SURFACE('',#2326,0.4);
#597=CYLINDRICAL_SURFACE('',#2335,1.);
#598=CYLINDRICAL_SURFACE('',#2341,1.);
#599=CYLINDRICAL_SURFACE('',#2347,1.);
#600=CYLINDRICAL_SURFACE('',#2353,1.);
#601=CYLINDRICAL_SURFACE('',#2355,2.);
#602=CYLINDRICAL_SURFACE('',#2358,2.);
#603=CYLINDRICAL_SURFACE('',#2377,1.);
#604=CYLINDRICAL_SURFACE('',#2383,1.);
#605=CYLINDRICAL_SURFACE('',#2388,1.);
#606=CYLINDRICAL_SURFACE('',#2393,1.);
#607=CYLINDRICAL_SURFACE('',#2397,2.);
#608=CYLINDRICAL_SURFACE('',#2400,2.);
#609=CYLINDRICAL_SURFACE('',#2407,1.);
#610=CYLINDRICAL_SURFACE('',#2412,1.);
#611=CYLINDRICAL_SURFACE('',#2417,1.);
#612=CYLINDRICAL_SURFACE('',#2422,1.);
#613=CYLINDRICAL_SURFACE('',#2424,2.);
#614=CYLINDRICAL_SURFACE('',#2427,2.);
#615=CYLINDRICAL_SURFACE('',#2433,1.);
#616=CYLINDRICAL_SURFACE('',#2438,1.);
#617=CYLINDRICAL_SURFACE('',#2443,1.);
#618=CYLINDRICAL_SURFACE('',#2448,1.);
#619=CYLINDRICAL_SURFACE('',#2450,2.);
#620=CYLINDRICAL_SURFACE('',#2453,2.);
#621=CYLINDRICAL_SURFACE('',#2455,2.);
#622=CYLINDRICAL_SURFACE('',#2458,2.);
#623=CYLINDRICAL_SURFACE('',#2461,2.);
#624=CYLINDRICAL_SURFACE('',#2464,2.);
#625=CYLINDRICAL_SURFACE('',#2467,2.);
#626=CYLINDRICAL_SURFACE('',#2470,2.);
#627=CYLINDRICAL_SURFACE('',#2473,2.);
#628=CYLINDRICAL_SURFACE('',#2476,2.);
#629=CYLINDRICAL_SURFACE('',#2481,2.);
#630=CYLINDRICAL_SURFACE('',#2485,2.);
#631=CYLINDRICAL_SURFACE('',#2487,2.);
#632=CYLINDRICAL_SURFACE('',#2490,2.);
#633=CYLINDRICAL_SURFACE('',#2491,1.);
#634=CYLINDRICAL_SURFACE('',#2500,1.);
#635=CYLINDRICAL_SURFACE('',#2507,7.);
#636=CYLINDRICAL_SURFACE('',#2509,25.);
#637=CYLINDRICAL_SURFACE('',#2512,25.);
#638=CYLINDRICAL_SURFACE('',#2514,7.);
#639=FACE_OUTER_BOUND('',#767,.T.);
#640=FACE_OUTER_BOUND('',#768,.T.);
#641=FACE_OUTER_BOUND('',#769,.T.);
#642=FACE_OUTER_BOUND('',#770,.T.);
#643=FACE_OUTER_BOUND('',#771,.T.);
#644=FACE_OUTER_BOUND('',#772,.T.);
#645=FACE_OUTER_BOUND('',#773,.T.);
#646=FACE_OUTER_BOUND('',#774,.T.);
#647=FACE_OUTER_BOUND('',#775,.T.);
#648=FACE_OUTER_BOUND('',#776,.T.);
#649=FACE_OUTER_BOUND('',#777,.T.);
#650=FACE_OUTER_BOUND('',#778,.T.);
#651=FACE_OUTER_BOUND('',#779,.T.);
#652=FACE_OUTER_BOUND('',#780,.T.);
#653=FACE_OUTER_BOUND('',#781,.T.);
#654=FACE_OUTER_BOUND('',#782,.T.);
#655=FACE_OUTER_BOUND('',#783,.T.);
#656=FACE_OUTER_BOUND('',#784,.T.);
#657=FACE_OUTER_BOUND('',#785,.T.);
#658=FACE_OUTER_BOUND('',#786,.T.);
#659=FACE_OUTER_BOUND('',#787,.T.);
#660=FACE_OUTER_BOUND('',#788,.T.);
#661=FACE_OUTER_BOUND('',#789,.T.);
#662=FACE_OUTER_BOUND('',#790,.T.);
#663=FACE_OUTER_BOUND('',#791,.T.);
#664=FACE_OUTER_BOUND('',#792,.T.);
#665=FACE_OUTER_BOUND('',#793,.T.);
#666=FACE_OUTER_BOUND('',#794,.T.);
#667=FACE_OUTER_BOUND('',#795,.T.);
#668=FACE_OUTER_BOUND('',#796,.T.);
#669=FACE_OUTER_BOUND('',#797,.T.);
#670=FACE_OUTER_BOUND('',#798,.T.);
#671=FACE_OUTER_BOUND('',#799,.T.);
#672=FACE_OUTER_BOUND('',#800,.T.);
#673=FACE_OUTER_BOUND('',#801,.T.);
#674=FACE_OUTER_BOUND('',#802,.T.);
#675=FACE_OUTER_BOUND('',#803,.T.);
#676=FACE_OUTER_BOUND('',#804,.T.);
#677=FACE_OUTER_BOUND('',#805,.T.);
#678=FACE_OUTER_BOUND('',#806,.T.);
#679=FACE_OUTER_BOUND('',#807,.T.);
#680=FACE_OUTER_BOUND('',#808,.T.);
#681=FACE_OUTER_BOUND('',#809,.T.);
#682=FACE_OUTER_BOUND('',#810,.T.);
#683=FACE_OUTER_BOUND('',#811,.T.);
#684=FACE_OUTER_BOUND('',#822,.T.);
#685=FACE_OUTER_BOUND('',#823,.T.);
#686=FACE_OUTER_BOUND('',#824,.T.);
#687=FACE_OUTER_BOUND('',#825,.T.);
#688=FACE_OUTER_BOUND('',#826,.T.);
#689=FACE_OUTER_BOUND('',#827,.T.);
#690=FACE_OUTER_BOUND('',#828,.T.);
#691=FACE_OUTER_BOUND('',#829,.T.);
#692=FACE_OUTER_BOUND('',#830,.T.);
#693=FACE_OUTER_BOUND('',#831,.T.);
#694=FACE_OUTER_BOUND('',#832,.T.);
#695=FACE_OUTER_BOUND('',#833,.T.);
#696=FACE_OUTER_BOUND('',#834,.T.);
#697=FACE_OUTER_BOUND('',#835,.T.);
#698=FACE_OUTER_BOUND('',#836,.T.);
#699=FACE_OUTER_BOUND('',#837,.T.);
#700=FACE_OUTER_BOUND('',#838,.T.);
#701=FACE_OUTER_BOUND('',#839,.T.);
#702=FACE_OUTER_BOUND('',#840,.T.);
#703=FACE_OUTER_BOUND('',#841,.T.);
#704=FACE_OUTER_BOUND('',#842,.T.);
#705=FACE_OUTER_BOUND('',#843,.T.);
#706=FACE_OUTER_BOUND('',#844,.T.);
#707=FACE_OUTER_BOUND('',#845,.T.);
#708=FACE_OUTER_BOUND('',#846,.T.);
#709=FACE_OUTER_BOUND('',#847,.T.);
#710=FACE_OUTER_BOUND('',#848,.T.);
#711=FACE_OUTER_BOUND('',#849,.T.);
#712=FACE_OUTER_BOUND('',#850,.T.);
#713=FACE_OUTER_BOUND('',#851,.T.);
#714=FACE_OUTER_BOUND('',#852,.T.);
#715=FACE_OUTER_BOUND('',#853,.T.);
#716=FACE_OUTER_BOUND('',#854,.T.);
#717=FACE_OUTER_BOUND('',#855,.T.);
#718=FACE_OUTER_BOUND('',#856,.T.);
#719=FACE_OUTER_BOUND('',#857,.T.);
#720=FACE_OUTER_BOUND('',#858,.T.);
#721=FACE_OUTER_BOUND('',#859,.T.);
#722=FACE_OUTER_BOUND('',#860,.T.);
#723=FACE_OUTER_BOUND('',#861,.T.);
#724=FACE_OUTER_BOUND('',#862,.T.);
#725=FACE_OUTER_BOUND('',#863,.T.);
#726=FACE_OUTER_BOUND('',#864,.T.);
#727=FACE_OUTER_BOUND('',#865,.T.);
#728=FACE_OUTER_BOUND('',#866,.T.);
#729=FACE_OUTER_BOUND('',#867,.T.);
#730=FACE_OUTER_BOUND('',#868,.T.);
#731=FACE_OUTER_BOUND('',#869,.T.);
#732=FACE_OUTER_BOUND('',#870,.T.);
#733=FACE_OUTER_BOUND('',#871,.T.);
#734=FACE_OUTER_BOUND('',#872,.T.);
#735=FACE_OUTER_BOUND('',#873,.T.);
#736=FACE_OUTER_BOUND('',#874,.T.);
#737=FACE_OUTER_BOUND('',#875,.T.);
#738=FACE_OUTER_BOUND('',#876,.T.);
#739=FACE_OUTER_BOUND('',#877,.T.);
#740=FACE_OUTER_BOUND('',#878,.T.);
#741=FACE_OUTER_BOUND('',#879,.T.);
#742=FACE_OUTER_BOUND('',#880,.T.);
#743=FACE_OUTER_BOUND('',#881,.T.);
#744=FACE_OUTER_BOUND('',#882,.T.);
#745=FACE_OUTER_BOUND('',#883,.T.);
#746=FACE_OUTER_BOUND('',#884,.T.);
#747=FACE_OUTER_BOUND('',#885,.T.);
#748=FACE_OUTER_BOUND('',#886,.T.);
#749=FACE_OUTER_BOUND('',#887,.T.);
#750=FACE_OUTER_BOUND('',#888,.T.);
#751=FACE_OUTER_BOUND('',#889,.T.);
#752=FACE_OUTER_BOUND('',#890,.T.);
#753=FACE_OUTER_BOUND('',#891,.T.);
#754=FACE_OUTER_BOUND('',#892,.T.);
#755=FACE_OUTER_BOUND('',#893,.T.);
#756=FACE_OUTER_BOUND('',#894,.T.);
#757=FACE_OUTER_BOUND('',#895,.T.);
#758=FACE_OUTER_BOUND('',#896,.T.);
#759=FACE_OUTER_BOUND('',#897,.T.);
#760=FACE_OUTER_BOUND('',#898,.T.);
#761=FACE_OUTER_BOUND('',#909,.T.);
#762=FACE_OUTER_BOUND('',#910,.T.);
#763=FACE_OUTER_BOUND('',#911,.T.);
#764=FACE_OUTER_BOUND('',#912,.T.);
#765=FACE_OUTER_BOUND('',#913,.T.);
#766=FACE_OUTER_BOUND('',#914,.T.);
#767=EDGE_LOOP('',(#1467,#1468,#1469));
#768=EDGE_LOOP('',(#1470,#1471,#1472,#1473));
#769=EDGE_LOOP('',(#1474,#1475,#1476));
#770=EDGE_LOOP('',(#1477,#1478,#1479,#1480));
#771=EDGE_LOOP('',(#1481,#1482,#1483));
#772=EDGE_LOOP('',(#1484,#1485,#1486,#1487));
#773=EDGE_LOOP('',(#1488,#1489,#1490));
#774=EDGE_LOOP('',(#1491,#1492,#1493,#1494));
#775=EDGE_LOOP('',(#1495,#1496,#1497,#1498));
#776=EDGE_LOOP('',(#1499,#1500,#1501,#1502));
#777=EDGE_LOOP('',(#1503,#1504,#1505,#1506));
#778=EDGE_LOOP('',(#1507,#1508,#1509,#1510));
#779=EDGE_LOOP('',(#1511,#1512,#1513,#1514));
#780=EDGE_LOOP('',(#1515,#1516,#1517,#1518));
#781=EDGE_LOOP('',(#1519,#1520,#1521,#1522));
#782=EDGE_LOOP('',(#1523,#1524,#1525,#1526));
#783=EDGE_LOOP('',(#1527,#1528,#1529,#1530));
#784=EDGE_LOOP('',(#1531,#1532,#1533,#1534));
#785=EDGE_LOOP('',(#1535,#1536,#1537,#1538));
#786=EDGE_LOOP('',(#1539,#1540,#1541,#1542));
#787=EDGE_LOOP('',(#1543,#1544,#1545,#1546));
#788=EDGE_LOOP('',(#1547,#1548,#1549,#1550));
#789=EDGE_LOOP('',(#1551,#1552,#1553,#1554));
#790=EDGE_LOOP('',(#1555,#1556,#1557,#1558));
#791=EDGE_LOOP('',(#1559,#1560,#1561,#1562));
#792=EDGE_LOOP('',(#1563,#1564,#1565,#1566));
#793=EDGE_LOOP('',(#1567,#1568,#1569,#1570));
#794=EDGE_LOOP('',(#1571,#1572,#1573,#1574));
#795=EDGE_LOOP('',(#1575,#1576,#1577,#1578));
#796=EDGE_LOOP('',(#1579,#1580,#1581,#1582));
#797=EDGE_LOOP('',(#1583,#1584,#1585,#1586));
#798=EDGE_LOOP('',(#1587,#1588,#1589,#1590));
#799=EDGE_LOOP('',(#1591,#1592,#1593,#1594));
#800=EDGE_LOOP('',(#1595,#1596,#1597,#1598));
#801=EDGE_LOOP('',(#1599,#1600,#1601,#1602));
#802=EDGE_LOOP('',(#1603,#1604,#1605,#1606));
#803=EDGE_LOOP('',(#1607,#1608,#1609,#1610));
#804=EDGE_LOOP('',(#1611,#1612,#1613,#1614));
#805=EDGE_LOOP('',(#1615,#1616,#1617,#1618));
#806=EDGE_LOOP('',(#1619,#1620,#1621,#1622));
#807=EDGE_LOOP('',(#1623,#1624,#1625,#1626));
#808=EDGE_LOOP('',(#1627,#1628,#1629,#1630));
#809=EDGE_LOOP('',(#1631,#1632,#1633,#1634));
#810=EDGE_LOOP('',(#1635,#1636,#1637,#1638));
#811=EDGE_LOOP('',(#1639,#1640,#1641,#1642));
#812=EDGE_LOOP('',(#1643,#1644,#1645,#1646,#1647,#1648,#1649,#1650));
#813=EDGE_LOOP('',(#1651,#1652,#1653,#1654,#1655,#1656,#1657,#1658));
#814=EDGE_LOOP('',(#1659,#1660,#1661,#1662));
#815=EDGE_LOOP('',(#1663,#1664,#1665,#1666,#1667,#1668,#1669,#1670));
#816=EDGE_LOOP('',(#1671,#1672,#1673,#1674,#1675,#1676,#1677,#1678));
#817=EDGE_LOOP('',(#1679,#1680,#1681,#1682,#1683,#1684,#1685,#1686));
#818=EDGE_LOOP('',(#1687,#1688,#1689,#1690,#1691,#1692));
#819=EDGE_LOOP('',(#1693,#1694,#1695,#1696));
#820=EDGE_LOOP('',(#1697,#1698,#1699,#1700,#1701,#1702,#1703,#1704));
#821=EDGE_LOOP('',(#1705,#1706,#1707,#1708,#1709,#1710,#1711,#1712));
#822=EDGE_LOOP('',(#1713,#1714,#1715,#1716));
#823=EDGE_LOOP('',(#1717,#1718,#1719,#1720));
#824=EDGE_LOOP('',(#1721,#1722,#1723,#1724));
#825=EDGE_LOOP('',(#1725,#1726,#1727,#1728));
#826=EDGE_LOOP('',(#1729,#1730,#1731,#1732));
#827=EDGE_LOOP('',(#1733,#1734,#1735,#1736));
#828=EDGE_LOOP('',(#1737,#1738,#1739,#1740));
#829=EDGE_LOOP('',(#1741,#1742,#1743,#1744));
#830=EDGE_LOOP('',(#1745,#1746,#1747,#1748));
#831=EDGE_LOOP('',(#1749,#1750,#1751,#1752));
#832=EDGE_LOOP('',(#1753,#1754,#1755,#1756));
#833=EDGE_LOOP('',(#1757,#1758,#1759,#1760));
#834=EDGE_LOOP('',(#1761,#1762,#1763,#1764));
#835=EDGE_LOOP('',(#1765,#1766,#1767,#1768));
#836=EDGE_LOOP('',(#1769,#1770,#1771,#1772));
#837=EDGE_LOOP('',(#1773,#1774,#1775,#1776));
#838=EDGE_LOOP('',(#1777,#1778,#1779,#1780));
#839=EDGE_LOOP('',(#1781,#1782,#1783,#1784));
#840=EDGE_LOOP('',(#1785,#1786,#1787,#1788));
#841=EDGE_LOOP('',(#1789,#1790,#1791,#1792));
#842=EDGE_LOOP('',(#1793,#1794,#1795,#1796));
#843=EDGE_LOOP('',(#1797,#1798,#1799,#1800));
#844=EDGE_LOOP('',(#1801,#1802,#1803,#1804));
#845=EDGE_LOOP('',(#1805,#1806,#1807,#1808));
#846=EDGE_LOOP('',(#1809,#1810,#1811,#1812));
#847=EDGE_LOOP('',(#1813,#1814,#1815,#1816));
#848=EDGE_LOOP('',(#1817,#1818,#1819,#1820));
#849=EDGE_LOOP('',(#1821,#1822,#1823,#1824));
#850=EDGE_LOOP('',(#1825,#1826,#1827,#1828));
#851=EDGE_LOOP('',(#1829,#1830,#1831,#1832));
#852=EDGE_LOOP('',(#1833,#1834,#1835,#1836));
#853=EDGE_LOOP('',(#1837,#1838,#1839,#1840));
#854=EDGE_LOOP('',(#1841,#1842,#1843,#1844));
#855=EDGE_LOOP('',(#1845,#1846,#1847,#1848));
#856=EDGE_LOOP('',(#1849,#1850,#1851,#1852));
#857=EDGE_LOOP('',(#1853,#1854,#1855,#1856));
#858=EDGE_LOOP('',(#1857,#1858,#1859,#1860));
#859=EDGE_LOOP('',(#1861,#1862,#1863,#1864));
#860=EDGE_LOOP('',(#1865,#1866,#1867,#1868));
#861=EDGE_LOOP('',(#1869,#1870,#1871,#1872));
#862=EDGE_LOOP('',(#1873,#1874,#1875,#1876));
#863=EDGE_LOOP('',(#1877,#1878,#1879,#1880));
#864=EDGE_LOOP('',(#1881,#1882,#1883,#1884));
#865=EDGE_LOOP('',(#1885,#1886,#1887,#1888));
#866=EDGE_LOOP('',(#1889,#1890,#1891,#1892));
#867=EDGE_LOOP('',(#1893,#1894,#1895,#1896));
#868=EDGE_LOOP('',(#1897,#1898,#1899,#1900));
#869=EDGE_LOOP('',(#1901,#1902,#1903,#1904));
#870=EDGE_LOOP('',(#1905,#1906,#1907,#1908));
#871=EDGE_LOOP('',(#1909,#1910,#1911,#1912));
#872=EDGE_LOOP('',(#1913,#1914,#1915,#1916));
#873=EDGE_LOOP('',(#1917,#1918,#1919,#1920));
#874=EDGE_LOOP('',(#1921,#1922,#1923));
#875=EDGE_LOOP('',(#1924,#1925,#1926,#1927));
#876=EDGE_LOOP('',(#1928,#1929,#1930));
#877=EDGE_LOOP('',(#1931,#1932,#1933,#1934));
#878=EDGE_LOOP('',(#1935,#1936,#1937));
#879=EDGE_LOOP('',(#1938,#1939,#1940,#1941));
#880=EDGE_LOOP('',(#1942,#1943,#1944));
#881=EDGE_LOOP('',(#1945,#1946,#1947,#1948));
#882=EDGE_LOOP('',(#1949,#1950,#1951,#1952));
#883=EDGE_LOOP('',(#1953,#1954,#1955,#1956));
#884=EDGE_LOOP('',(#1957,#1958,#1959,#1960));
#885=EDGE_LOOP('',(#1961,#1962,#1963,#1964));
#886=EDGE_LOOP('',(#1965,#1966,#1967,#1968));
#887=EDGE_LOOP('',(#1969,#1970,#1971,#1972));
#888=EDGE_LOOP('',(#1973,#1974,#1975,#1976));
#889=EDGE_LOOP('',(#1977,#1978,#1979,#1980));
#890=EDGE_LOOP('',(#1981,#1982,#1983,#1984));
#891=EDGE_LOOP('',(#1985,#1986,#1987,#1988));
#892=EDGE_LOOP('',(#1989,#1990,#1991,#1992));
#893=EDGE_LOOP('',(#1993,#1994,#1995,#1996));
#894=EDGE_LOOP('',(#1997,#1998,#1999,#2000));
#895=EDGE_LOOP('',(#2001,#2002,#2003,#2004));
#896=EDGE_LOOP('',(#2005,#2006,#2007,#2008));
#897=EDGE_LOOP('',(#2009,#2010,#2011,#2012));
#898=EDGE_LOOP('',(#2013,#2014,#2015,#2016));
#899=EDGE_LOOP('',(#2017,#2018,#2019,#2020,#2021,#2022,#2023,#2024));
#900=EDGE_LOOP('',(#2025,#2026,#2027,#2028,#2029,#2030,#2031,#2032));
#901=EDGE_LOOP('',(#2033,#2034,#2035,#2036,#2037,#2038,#2039,#2040));
#902=EDGE_LOOP('',(#2041,#2042,#2043,#2044,#2045,#2046,#2047,#2048));
#903=EDGE_LOOP('',(#2049,#2050,#2051,#2052,#2053,#2054,#2055,#2056));
#904=EDGE_LOOP('',(#2057,#2058,#2059,#2060,#2061,#2062,#2063,#2064));
#905=EDGE_LOOP('',(#2065,#2066,#2067,#2068,#2069,#2070,#2071,#2072));
#906=EDGE_LOOP('',(#2073,#2074,#2075,#2076,#2077,#2078,#2079,#2080));
#907=EDGE_LOOP('',(#2081,#2082,#2083,#2084,#2085,#2086,#2087,#2088));
#908=EDGE_LOOP('',(#2089,#2090,#2091,#2092,#2093,#2094));
#909=EDGE_LOOP('',(#2095,#2096,#2097,#2098));
#910=EDGE_LOOP('',(#2099,#2100,#2101,#2102));
#911=EDGE_LOOP('',(#2103,#2104,#2105,#2106));
#912=EDGE_LOOP('',(#2107,#2108,#2109,#2110));
#913=EDGE_LOOP('',(#2111,#2112,#2113,#2114));
#914=EDGE_LOOP('',(#2115,#2116,#2117,#2118));
#915=ELLIPSE('',#2270,6.32455532033676,2.);
#916=ELLIPSE('',#2271,6.32455532033676,2.);
#917=ELLIPSE('',#2273,6.32455532033677,2.);
#918=ELLIPSE('',#2274,6.32455532033676,2.);
#919=ELLIPSE('',#2276,6.32455532033676,2.);
#920=ELLIPSE('',#2277,6.32455532033677,2.);
#921=ELLIPSE('',#2278,6.32455532033676,2.);
#922=ELLIPSE('',#2280,6.32455532033676,2.);
#923=ELLIPSE('',#2479,5.3851648071345,2.);
#924=ELLIPSE('',#2480,5.38516480713447,2.);
#925=ELLIPSE('',#2482,5.38516480713457,2.);
#926=ELLIPSE('',#2483,5.3851648071345,2.);
#927=ELLIPSE('',#2484,5.3851648071345,2.);
#928=ELLIPSE('',#2486,5.38516480713451,2.);
#929=ELLIPSE('',#2488,5.38516480713445,2.);
#930=ELLIPSE('',#2489,5.3851648071345,2.);
#931=B_SPLINE_CURVE_WITH_KNOTS('',3,(#3269,#3270,#3271,#3272,#3273,#3274,
#3275),.UNSPECIFIED.,.F.,.F.,(4,3,4),(0.,0.359957518733108,0.629925657782939),
 .UNSPECIFIED.);
#932=B_SPLINE_CURVE_WITH_KNOTS('',3,(#3326,#3327,#3328,#3329,#3330,#3331,
#3332),.UNSPECIFIED.,.F.,.F.,(4,3,4),(0.,0.359957518733109,0.629925657782941),
 .UNSPECIFIED.);
#933=B_SPLINE_CURVE_WITH_KNOTS('',3,(#3382,#3383,#3384,#3385,#3386,#3387,
#3388),.UNSPECIFIED.,.F.,.F.,(4,3,4),(0.,0.269968139049832,0.62992565778294),
 .UNSPECIFIED.);
#934=B_SPLINE_CURVE_WITH_KNOTS('',3,(#3436,#3437,#3438,#3439,#3440,#3441,
#3442),.UNSPECIFIED.,.F.,.F.,(4,3,4),(0.,0.359957518733108,0.629925657782939),
 .UNSPECIFIED.);
#935=B_SPLINE_CURVE_WITH_KNOTS('',3,(#3977,#3978,#3979,#3980,#3981,#3982,
#3983),.UNSPECIFIED.,.F.,.F.,(4,3,4),(0.,0.269968139049833,0.472444243337208),
 .UNSPECIFIED.);
#936=B_SPLINE_CURVE_WITH_KNOTS('',3,(#4027,#4028,#4029,#4030,#4031,#4032,
#4033),.UNSPECIFIED.,.F.,.F.,(4,3,4),(0.,0.202476104287374,0.472444243337206),
 .UNSPECIFIED.);
#937=B_SPLINE_CURVE_WITH_KNOTS('',3,(#4074,#4075,#4076,#4077,#4078,#4079,
#4080),.UNSPECIFIED.,.F.,.F.,(4,3,4),(0.,0.269968139049833,0.472444243337207),
 .UNSPECIFIED.);
#938=B_SPLINE_CURVE_WITH_KNOTS('',3,(#4122,#4123,#4124,#4125,#4126,#4127,
#4128),.UNSPECIFIED.,.F.,.F.,(4,3,4),(0.,0.269968139049829,0.472444243337201),
 .UNSPECIFIED.);
#939=VERTEX_POINT('',#3267);
#940=VERTEX_POINT('',#3268);
#941=VERTEX_POINT('',#3276);
#942=VERTEX_POINT('',#3280);
#943=VERTEX_POINT('',#3282);
#944=VERTEX_POINT('',#3325);
#945=VERTEX_POINT('',#3335);
#946=VERTEX_POINT('',#3337);
#947=VERTEX_POINT('',#3380);
#948=VERTEX_POINT('',#3381);
#949=VERTEX_POINT('',#3389);
#950=VERTEX_POINT('',#3435);
#951=VERTEX_POINT('',#3448);
#952=VERTEX_POINT('',#3449);
#953=VERTEX_POINT('',#3451);
#954=VERTEX_POINT('',#3453);
#955=VERTEX_POINT('',#3457);
#956=VERTEX_POINT('',#3459);
#957=VERTEX_POINT('',#3463);
#958=VERTEX_POINT('',#3464);
#959=VERTEX_POINT('',#3466);
#960=VERTEX_POINT('',#3468);
#961=VERTEX_POINT('',#3472);
#962=VERTEX_POINT('',#3474);
#963=VERTEX_POINT('',#3478);
#964=VERTEX_POINT('',#3479);
#965=VERTEX_POINT('',#3481);
#966=VERTEX_POINT('',#3483);
#967=VERTEX_POINT('',#3487);
#968=VERTEX_POINT('',#3489);
#969=VERTEX_POINT('',#3493);
#970=VERTEX_POINT('',#3495);
#971=VERTEX_POINT('',#3499);
#972=VERTEX_POINT('',#3501);
#973=VERTEX_POINT('',#3505);
#974=VERTEX_POINT('',#3507);
#975=VERTEX_POINT('',#3511);
#976=VERTEX_POINT('',#3513);
#977=VERTEX_POINT('',#3517);
#978=VERTEX_POINT('',#3519);
#979=VERTEX_POINT('',#3523);
#980=VERTEX_POINT('',#3525);
#981=VERTEX_POINT('',#3529);
#982=VERTEX_POINT('',#3531);
#983=VERTEX_POINT('',#3535);
#984=VERTEX_POINT('',#3537);
#985=VERTEX_POINT('',#3541);
#986=VERTEX_POINT('',#3543);
#987=VERTEX_POINT('',#3547);
#988=VERTEX_POINT('',#3549);
#989=VERTEX_POINT('',#3553);
#990=VERTEX_POINT('',#3555);
#991=VERTEX_POINT('',#3559);
#992=VERTEX_POINT('',#3561);
#993=VERTEX_POINT('',#3565);
#994=VERTEX_POINT('',#3567);
#995=VERTEX_POINT('',#3574);
#996=VERTEX_POINT('',#3576);
#997=VERTEX_POINT('',#3583);
#998=VERTEX_POINT('',#3585);
#999=VERTEX_POINT('',#3592);
#1000=VERTEX_POINT('',#3593);
#1001=VERTEX_POINT('',#3595);
#1002=VERTEX_POINT('',#3597);
#1003=VERTEX_POINT('',#3601);
#1004=VERTEX_POINT('',#3602);
#1005=VERTEX_POINT('',#3607);
#1006=VERTEX_POINT('',#3608);
#1007=VERTEX_POINT('',#3613);
#1008=VERTEX_POINT('',#3614);
#1009=VERTEX_POINT('',#3619);
#1010=VERTEX_POINT('',#3620);
#1011=VERTEX_POINT('',#3625);
#1012=VERTEX_POINT('',#3626);
#1013=VERTEX_POINT('',#3631);
#1014=VERTEX_POINT('',#3632);
#1015=VERTEX_POINT('',#3640);
#1016=VERTEX_POINT('',#3642);
#1017=VERTEX_POINT('',#3646);
#1018=VERTEX_POINT('',#3650);
#1019=VERTEX_POINT('',#3654);
#1020=VERTEX_POINT('',#3658);
#1021=VERTEX_POINT('',#3659);
#1022=VERTEX_POINT('',#3661);
#1023=VERTEX_POINT('',#3663);
#1024=VERTEX_POINT('',#3666);
#1025=VERTEX_POINT('',#3667);
#1026=VERTEX_POINT('',#3669);
#1027=VERTEX_POINT('',#3671);
#1028=VERTEX_POINT('',#3673);
#1029=VERTEX_POINT('',#3675);
#1030=VERTEX_POINT('',#3677);
#1031=VERTEX_POINT('',#3679);
#1032=VERTEX_POINT('',#3682);
#1033=VERTEX_POINT('',#3683);
#1034=VERTEX_POINT('',#3685);
#1035=VERTEX_POINT('',#3687);
#1036=VERTEX_POINT('',#3689);
#1037=VERTEX_POINT('',#3691);
#1038=VERTEX_POINT('',#3693);
#1039=VERTEX_POINT('',#3695);
#1040=VERTEX_POINT('',#3698);
#1041=VERTEX_POINT('',#3699);
#1042=VERTEX_POINT('',#3701);
#1043=VERTEX_POINT('',#3703);
#1044=VERTEX_POINT('',#3705);
#1045=VERTEX_POINT('',#3707);
#1046=VERTEX_POINT('',#3710);
#1047=VERTEX_POINT('',#3711);
#1048=VERTEX_POINT('',#3713);
#1049=VERTEX_POINT('',#3715);
#1050=VERTEX_POINT('',#3718);
#1051=VERTEX_POINT('',#3719);
#1052=VERTEX_POINT('',#3721);
#1053=VERTEX_POINT('',#3723);
#1054=VERTEX_POINT('',#3725);
#1055=VERTEX_POINT('',#3727);
#1056=VERTEX_POINT('',#3729);
#1057=VERTEX_POINT('',#3731);
#1058=VERTEX_POINT('',#3735);
#1059=VERTEX_POINT('',#3737);
#1060=VERTEX_POINT('',#3741);
#1061=VERTEX_POINT('',#3745);
#1062=VERTEX_POINT('',#3749);
#1063=VERTEX_POINT('',#3753);
#1064=VERTEX_POINT('',#3757);
#1065=VERTEX_POINT('',#3761);
#1066=VERTEX_POINT('',#3767);
#1067=VERTEX_POINT('',#3769);
#1068=VERTEX_POINT('',#3773);
#1069=VERTEX_POINT('',#3777);
#1070=VERTEX_POINT('',#3781);
#1071=VERTEX_POINT('',#3785);
#1072=VERTEX_POINT('',#3787);
#1073=VERTEX_POINT('',#3791);
#1074=VERTEX_POINT('',#3795);
#1075=VERTEX_POINT('',#3799);
#1076=VERTEX_POINT('',#3803);
#1077=VERTEX_POINT('',#3807);
#1078=VERTEX_POINT('',#3811);
#1079=VERTEX_POINT('',#3817);
#1080=VERTEX_POINT('',#3819);
#1081=VERTEX_POINT('',#3823);
#1082=VERTEX_POINT('',#3827);
#1083=VERTEX_POINT('',#3831);
#1084=VERTEX_POINT('',#3835);
#1085=VERTEX_POINT('',#3837);
#1086=VERTEX_POINT('',#3841);
#1087=VERTEX_POINT('',#3845);
#1088=VERTEX_POINT('',#3849);
#1089=VERTEX_POINT('',#3853);
#1090=VERTEX_POINT('',#3857);
#1091=VERTEX_POINT('',#3861);
#1092=VERTEX_POINT('',#3867);
#1093=VERTEX_POINT('',#3869);
#1094=VERTEX_POINT('',#3873);
#1095=VERTEX_POINT('',#3877);
#1096=VERTEX_POINT('',#3881);
#1097=VERTEX_POINT('',#3885);
#1098=VERTEX_POINT('',#3889);
#1099=VERTEX_POINT('',#3893);
#1100=VERTEX_POINT('',#3895);
#1101=VERTEX_POINT('',#3901);
#1102=VERTEX_POINT('',#3907);
#1103=VERTEX_POINT('',#3913);
#1104=VERTEX_POINT('',#3915);
#1105=VERTEX_POINT('',#3919);
#1106=VERTEX_POINT('',#3927);
#1107=VERTEX_POINT('',#3931);
#1108=VERTEX_POINT('',#3935);
#1109=VERTEX_POINT('',#3975);
#1110=VERTEX_POINT('',#3976);
#1111=VERTEX_POINT('',#3987);
#1112=VERTEX_POINT('',#4025);
#1113=VERTEX_POINT('',#4026);
#1114=VERTEX_POINT('',#4073);
#1115=VERTEX_POINT('',#4083);
#1116=VERTEX_POINT('',#4121);
#1117=VERTEX_POINT('',#4133);
#1118=VERTEX_POINT('',#4135);
#1119=VERTEX_POINT('',#4139);
#1120=VERTEX_POINT('',#4143);
#1121=VERTEX_POINT('',#4147);
#1122=VERTEX_POINT('',#4151);
#1123=VERTEX_POINT('',#4157);
#1124=VERTEX_POINT('',#4159);
#1125=VERTEX_POINT('',#4163);
#1126=VERTEX_POINT('',#4167);
#1127=VERTEX_POINT('',#4171);
#1128=VERTEX_POINT('',#4173);
#1129=VERTEX_POINT('',#4181);
#1130=VERTEX_POINT('',#4182);
#1131=VERTEX_POINT('',#4187);
#1132=VERTEX_POINT('',#4191);
#1133=VERTEX_POINT('',#4198);
#1134=VERTEX_POINT('',#4199);
#1135=VERTEX_POINT('',#4201);
#1136=VERTEX_POINT('',#4203);
#1137=VERTEX_POINT('',#4207);
#1138=VERTEX_POINT('',#4209);
#1139=VERTEX_POINT('',#4213);
#1140=VERTEX_POINT('',#4215);
#1141=EDGE_CURVE('',#939,#940,#931,.T.);
#1142=EDGE_CURVE('',#940,#941,#915,.T.);
#1143=EDGE_CURVE('',#941,#939,#916,.T.);
#1144=EDGE_CURVE('',#942,#940,#221,.T.);
#1145=EDGE_CURVE('',#943,#942,#917,.T.);
#1146=EDGE_CURVE('',#943,#941,#222,.T.);
#1147=EDGE_CURVE('',#942,#944,#932,.T.);
#1148=EDGE_CURVE('',#944,#943,#918,.T.);
#1149=EDGE_CURVE('',#945,#944,#223,.T.);
#1150=EDGE_CURVE('',#946,#945,#919,.T.);
#1151=EDGE_CURVE('',#946,#943,#224,.T.);
#1152=EDGE_CURVE('',#947,#948,#933,.T.);
#1153=EDGE_CURVE('',#948,#949,#920,.T.);
#1154=EDGE_CURVE('',#949,#947,#921,.T.);
#1155=EDGE_CURVE('',#941,#949,#225,.T.);
#1156=EDGE_CURVE('',#939,#948,#226,.T.);
#1157=EDGE_CURVE('',#945,#950,#934,.T.);
#1158=EDGE_CURVE('',#950,#946,#922,.T.);
#1159=EDGE_CURVE('',#949,#946,#227,.T.);
#1160=EDGE_CURVE('',#947,#950,#228,.T.);
#1161=EDGE_CURVE('',#951,#952,#99,.T.);
#1162=EDGE_CURVE('',#952,#953,#229,.T.);
#1163=EDGE_CURVE('',#953,#954,#100,.T.);
#1164=EDGE_CURVE('',#954,#951,#230,.T.);
#1165=EDGE_CURVE('',#955,#952,#231,.T.);
#1166=EDGE_CURVE('',#956,#955,#232,.T.);
#1167=EDGE_CURVE('',#953,#956,#233,.T.);
#1168=EDGE_CURVE('',#957,#958,#101,.T.);
#1169=EDGE_CURVE('',#958,#959,#234,.T.);
#1170=EDGE_CURVE('',#959,#960,#102,.T.);
#1171=EDGE_CURVE('',#960,#957,#235,.T.);
#1172=EDGE_CURVE('',#961,#958,#236,.T.);
#1173=EDGE_CURVE('',#962,#961,#237,.T.);
#1174=EDGE_CURVE('',#959,#962,#238,.T.);
#1175=EDGE_CURVE('',#963,#964,#103,.T.);
#1176=EDGE_CURVE('',#964,#965,#239,.T.);
#1177=EDGE_CURVE('',#965,#966,#104,.T.);
#1178=EDGE_CURVE('',#966,#963,#240,.T.);
#1179=EDGE_CURVE('',#967,#964,#241,.T.);
#1180=EDGE_CURVE('',#968,#967,#242,.T.);
#1181=EDGE_CURVE('',#965,#968,#243,.T.);
#1182=EDGE_CURVE('',#955,#969,#105,.T.);
#1183=EDGE_CURVE('',#969,#970,#244,.T.);
#1184=EDGE_CURVE('',#970,#956,#106,.T.);
#1185=EDGE_CURVE('',#971,#969,#245,.T.);
#1186=EDGE_CURVE('',#972,#971,#246,.T.);
#1187=EDGE_CURVE('',#970,#972,#247,.T.);
#1188=EDGE_CURVE('',#961,#973,#107,.T.);
#1189=EDGE_CURVE('',#973,#974,#248,.T.);
#1190=EDGE_CURVE('',#974,#962,#108,.T.);
#1191=EDGE_CURVE('',#975,#973,#249,.T.);
#1192=EDGE_CURVE('',#976,#975,#250,.T.);
#1193=EDGE_CURVE('',#974,#976,#251,.T.);
#1194=EDGE_CURVE('',#967,#977,#109,.T.);
#1195=EDGE_CURVE('',#977,#978,#252,.T.);
#1196=EDGE_CURVE('',#978,#968,#110,.T.);
#1197=EDGE_CURVE('',#979,#977,#253,.T.);
#1198=EDGE_CURVE('',#980,#979,#254,.T.);
#1199=EDGE_CURVE('',#978,#980,#255,.T.);
#1200=EDGE_CURVE('',#979,#981,#111,.T.);
#1201=EDGE_CURVE('',#981,#982,#256,.T.);
#1202=EDGE_CURVE('',#982,#980,#112,.T.);
#1203=EDGE_CURVE('',#983,#981,#257,.T.);
#1204=EDGE_CURVE('',#984,#983,#258,.T.);
#1205=EDGE_CURVE('',#982,#984,#259,.T.);
#1206=EDGE_CURVE('',#975,#985,#113,.T.);
#1207=EDGE_CURVE('',#985,#986,#260,.T.);
#1208=EDGE_CURVE('',#986,#976,#114,.T.);
#1209=EDGE_CURVE('',#987,#985,#261,.T.);
#1210=EDGE_CURVE('',#988,#987,#262,.T.);
#1211=EDGE_CURVE('',#986,#988,#263,.T.);
#1212=EDGE_CURVE('',#971,#989,#115,.T.);
#1213=EDGE_CURVE('',#989,#990,#264,.T.);
#1214=EDGE_CURVE('',#990,#972,#116,.T.);
#1215=EDGE_CURVE('',#991,#989,#265,.T.);
#1216=EDGE_CURVE('',#992,#991,#266,.T.);
#1217=EDGE_CURVE('',#990,#992,#267,.T.);
#1218=EDGE_CURVE('',#983,#993,#117,.T.);
#1219=EDGE_CURVE('',#993,#994,#268,.T.);
#1220=EDGE_CURVE('',#994,#984,#118,.T.);
#1221=EDGE_CURVE('',#994,#966,#269,.T.);
#1222=EDGE_CURVE('',#963,#993,#270,.T.);
#1223=EDGE_CURVE('',#987,#995,#119,.T.);
#1224=EDGE_CURVE('',#995,#996,#271,.T.);
#1225=EDGE_CURVE('',#996,#988,#120,.T.);
#1226=EDGE_CURVE('',#996,#960,#272,.T.);
#1227=EDGE_CURVE('',#957,#995,#273,.T.);
#1228=EDGE_CURVE('',#991,#997,#121,.T.);
#1229=EDGE_CURVE('',#997,#998,#274,.T.);
#1230=EDGE_CURVE('',#998,#992,#122,.T.);
#1231=EDGE_CURVE('',#998,#954,#275,.T.);
#1232=EDGE_CURVE('',#951,#997,#276,.T.);
#1233=EDGE_CURVE('',#999,#1000,#123,.T.);
#1234=EDGE_CURVE('',#1000,#1001,#124,.T.);
#1235=EDGE_CURVE('',#1001,#1002,#125,.T.);
#1236=EDGE_CURVE('',#1002,#999,#126,.T.);
#1237=EDGE_CURVE('',#1003,#1004,#127,.T.);
#1238=EDGE_CURVE('',#1004,#1002,#277,.T.);
#1239=EDGE_CURVE('',#1001,#1003,#278,.T.);
#1240=EDGE_CURVE('',#1005,#1006,#128,.T.);
#1241=EDGE_CURVE('',#1006,#1004,#129,.T.);
#1242=EDGE_CURVE('',#1003,#1005,#130,.T.);
#1243=EDGE_CURVE('',#1007,#1008,#131,.T.);
#1244=EDGE_CURVE('',#1008,#1006,#279,.T.);
#1245=EDGE_CURVE('',#1005,#1007,#280,.T.);
#1246=EDGE_CURVE('',#1009,#1010,#132,.T.);
#1247=EDGE_CURVE('',#1010,#1008,#133,.T.);
#1248=EDGE_CURVE('',#1007,#1009,#134,.T.);
#1249=EDGE_CURVE('',#1011,#1012,#135,.T.);
#1250=EDGE_CURVE('',#1012,#1010,#281,.T.);
#1251=EDGE_CURVE('',#1009,#1011,#282,.T.);
#1252=EDGE_CURVE('',#1013,#1014,#136,.T.);
#1253=EDGE_CURVE('',#1014,#1012,#137,.T.);
#1254=EDGE_CURVE('',#1011,#1013,#138,.T.);
#1255=EDGE_CURVE('',#1013,#1000,#283,.T.);
#1256=EDGE_CURVE('',#999,#1014,#284,.T.);
#1257=EDGE_CURVE('',#1015,#1012,#285,.T.);
#1258=EDGE_CURVE('',#1016,#1015,#286,.T.);
#1259=EDGE_CURVE('',#1010,#1016,#287,.T.);
#1260=EDGE_CURVE('',#1014,#1017,#288,.T.);
#1261=EDGE_CURVE('',#1017,#1015,#139,.T.);
#1262=EDGE_CURVE('',#1018,#999,#289,.T.);
#1263=EDGE_CURVE('',#1017,#1018,#290,.T.);
#1264=EDGE_CURVE('',#1002,#1019,#291,.T.);
#1265=EDGE_CURVE('',#1019,#1018,#140,.T.);
#1266=EDGE_CURVE('',#1020,#1021,#292,.T.);
#1267=EDGE_CURVE('',#1021,#1022,#293,.T.);
#1268=EDGE_CURVE('',#1022,#1023,#294,.T.);
#1269=EDGE_CURVE('',#1023,#1020,#295,.T.);
#1270=EDGE_CURVE('',#1024,#1025,#296,.T.);
#1271=EDGE_CURVE('',#1026,#1024,#141,.T.);
#1272=EDGE_CURVE('',#1027,#1026,#297,.T.);
#1273=EDGE_CURVE('',#1028,#1027,#142,.T.);
#1274=EDGE_CURVE('',#1029,#1028,#298,.T.);
#1275=EDGE_CURVE('',#1030,#1029,#143,.T.);
#1276=EDGE_CURVE('',#1031,#1030,#299,.T.);
#1277=EDGE_CURVE('',#1025,#1031,#144,.T.);
#1278=EDGE_CURVE('',#1032,#1033,#145,.T.);
#1279=EDGE_CURVE('',#1034,#1032,#300,.T.);
#1280=EDGE_CURVE('',#1035,#1034,#146,.T.);
#1281=EDGE_CURVE('',#1036,#1035,#301,.T.);
#1282=EDGE_CURVE('',#1037,#1036,#147,.T.);
#1283=EDGE_CURVE('',#1038,#1037,#302,.T.);
#1284=EDGE_CURVE('',#1039,#1038,#148,.T.);
#1285=EDGE_CURVE('',#1033,#1039,#303,.T.);
#1286=EDGE_CURVE('',#1040,#1041,#304,.T.);
#1287=EDGE_CURVE('',#1042,#1040,#149,.T.);
#1288=EDGE_CURVE('',#1043,#1042,#150,.T.);
#1289=EDGE_CURVE('',#1044,#1043,#305,.T.);
#1290=EDGE_CURVE('',#1045,#1044,#151,.T.);
#1291=EDGE_CURVE('',#1041,#1045,#152,.T.);
#1292=EDGE_CURVE('',#1046,#1047,#306,.T.);
#1293=EDGE_CURVE('',#1048,#1046,#307,.T.);
#1294=EDGE_CURVE('',#1049,#1048,#308,.T.);
#1295=EDGE_CURVE('',#1047,#1049,#309,.T.);
#1296=EDGE_CURVE('',#1050,#1051,#153,.T.);
#1297=EDGE_CURVE('',#1052,#1050,#310,.T.);
#1298=EDGE_CURVE('',#1053,#1052,#154,.T.);
#1299=EDGE_CURVE('',#1054,#1053,#311,.T.);
#1300=EDGE_CURVE('',#1055,#1054,#155,.T.);
#1301=EDGE_CURVE('',#1056,#1055,#312,.T.);
#1302=EDGE_CURVE('',#1057,#1056,#156,.T.);
#1303=EDGE_CURVE('',#1051,#1057,#313,.T.);
#1304=EDGE_CURVE('',#1025,#1058,#157,.T.);
#1305=EDGE_CURVE('',#1058,#1059,#314,.T.);
#1306=EDGE_CURVE('',#1059,#1024,#158,.T.);
#1307=EDGE_CURVE('',#1060,#1026,#159,.T.);
#1308=EDGE_CURVE('',#1059,#1060,#160,.T.);
#1309=EDGE_CURVE('',#1061,#1027,#161,.T.);
#1310=EDGE_CURVE('',#1060,#1061,#315,.T.);
#1311=EDGE_CURVE('',#1062,#1028,#162,.T.);
#1312=EDGE_CURVE('',#1061,#1062,#163,.T.);
#1313=EDGE_CURVE('',#1063,#1029,#164,.T.);
#1314=EDGE_CURVE('',#1062,#1063,#316,.T.);
#1315=EDGE_CURVE('',#1064,#1030,#165,.T.);
#1316=EDGE_CURVE('',#1063,#1064,#166,.T.);
#1317=EDGE_CURVE('',#1065,#1031,#167,.T.);
#1318=EDGE_CURVE('',#1064,#1065,#317,.T.);
#1319=EDGE_CURVE('',#1065,#1058,#168,.T.);
#1320=EDGE_CURVE('',#1061,#1066,#318,.T.);
#1321=EDGE_CURVE('',#1066,#1067,#169,.T.);
#1322=EDGE_CURVE('',#1067,#1062,#319,.T.);
#1323=EDGE_CURVE('',#1068,#1060,#320,.T.);
#1324=EDGE_CURVE('',#1066,#1068,#321,.T.);
#1325=EDGE_CURVE('',#1059,#1069,#322,.T.);
#1326=EDGE_CURVE('',#1069,#1068,#170,.T.);
#1327=EDGE_CURVE('',#1070,#1058,#323,.T.);
#1328=EDGE_CURVE('',#1069,#1070,#324,.T.);
#1329=EDGE_CURVE('',#1071,#1050,#171,.T.);
#1330=EDGE_CURVE('',#1051,#1072,#172,.T.);
#1331=EDGE_CURVE('',#1072,#1071,#173,.T.);
#1332=EDGE_CURVE('',#1057,#1073,#174,.T.);
#1333=EDGE_CURVE('',#1073,#1072,#325,.T.);
#1334=EDGE_CURVE('',#1056,#1074,#175,.T.);
#1335=EDGE_CURVE('',#1074,#1073,#176,.T.);
#1336=EDGE_CURVE('',#1055,#1075,#177,.T.);
#1337=EDGE_CURVE('',#1075,#1074,#326,.T.);
#1338=EDGE_CURVE('',#1054,#1076,#178,.T.);
#1339=EDGE_CURVE('',#1076,#1075,#179,.T.);
#1340=EDGE_CURVE('',#1053,#1077,#180,.T.);
#1341=EDGE_CURVE('',#1077,#1076,#327,.T.);
#1342=EDGE_CURVE('',#1052,#1078,#181,.T.);
#1343=EDGE_CURVE('',#1078,#1077,#182,.T.);
#1344=EDGE_CURVE('',#1071,#1078,#328,.T.);
#1345=EDGE_CURVE('',#1079,#1077,#329,.T.);
#1346=EDGE_CURVE('',#1080,#1079,#330,.T.);
#1347=EDGE_CURVE('',#1076,#1080,#331,.T.);
#1348=EDGE_CURVE('',#1078,#1081,#332,.T.);
#1349=EDGE_CURVE('',#1081,#1079,#183,.T.);
#1350=EDGE_CURVE('',#1082,#1071,#333,.T.);
#1351=EDGE_CURVE('',#1081,#1082,#334,.T.);
#1352=EDGE_CURVE('',#1072,#1083,#335,.T.);
#1353=EDGE_CURVE('',#1083,#1082,#184,.T.);
#1354=EDGE_CURVE('',#1084,#1032,#185,.T.);
#1355=EDGE_CURVE('',#1033,#1085,#186,.T.);
#1356=EDGE_CURVE('',#1085,#1084,#187,.T.);
#1357=EDGE_CURVE('',#1039,#1086,#188,.T.);
#1358=EDGE_CURVE('',#1086,#1085,#336,.T.);
#1359=EDGE_CURVE('',#1038,#1087,#189,.T.);
#1360=EDGE_CURVE('',#1087,#1086,#190,.T.);
#1361=EDGE_CURVE('',#1037,#1088,#191,.T.);
#1362=EDGE_CURVE('',#1088,#1087,#337,.T.);
#1363=EDGE_CURVE('',#1036,#1089,#192,.T.);
#1364=EDGE_CURVE('',#1089,#1088,#193,.T.);
#1365=EDGE_CURVE('',#1035,#1090,#194,.T.);
#1366=EDGE_CURVE('',#1090,#1089,#338,.T.);
#1367=EDGE_CURVE('',#1034,#1091,#195,.T.);
#1368=EDGE_CURVE('',#1091,#1090,#196,.T.);
#1369=EDGE_CURVE('',#1084,#1091,#339,.T.);
#1370=EDGE_CURVE('',#1092,#1090,#340,.T.);
#1371=EDGE_CURVE('',#1093,#1092,#341,.T.);
#1372=EDGE_CURVE('',#1089,#1093,#342,.T.);
#1373=EDGE_CURVE('',#1091,#1094,#343,.T.);
#1374=EDGE_CURVE('',#1094,#1092,#197,.T.);
#1375=EDGE_CURVE('',#1095,#1084,#344,.T.);
#1376=EDGE_CURVE('',#1094,#1095,#345,.T.);
#1377=EDGE_CURVE('',#1085,#1096,#346,.T.);
#1378=EDGE_CURVE('',#1096,#1095,#198,.T.);
#1379=EDGE_CURVE('',#1080,#1097,#199,.T.);
#1380=EDGE_CURVE('',#1097,#1075,#347,.T.);
#1381=EDGE_CURVE('',#1098,#1097,#348,.T.);
#1382=EDGE_CURVE('',#1074,#1098,#349,.T.);
#1383=EDGE_CURVE('',#1087,#1099,#350,.T.);
#1384=EDGE_CURVE('',#1099,#1100,#200,.T.);
#1385=EDGE_CURVE('',#1100,#1086,#351,.T.);
#1386=EDGE_CURVE('',#1096,#1100,#352,.T.);
#1387=EDGE_CURVE('',#1093,#1101,#201,.T.);
#1388=EDGE_CURVE('',#1101,#1088,#353,.T.);
#1389=EDGE_CURVE('',#1099,#1101,#354,.T.);
#1390=EDGE_CURVE('',#1098,#1102,#202,.T.);
#1391=EDGE_CURVE('',#1102,#1073,#355,.T.);
#1392=EDGE_CURVE('',#1083,#1102,#356,.T.);
#1393=EDGE_CURVE('',#1063,#1103,#357,.T.);
#1394=EDGE_CURVE('',#1103,#1104,#203,.T.);
#1395=EDGE_CURVE('',#1104,#1064,#358,.T.);
#1396=EDGE_CURVE('',#1105,#1104,#359,.T.);
#1397=EDGE_CURVE('',#1065,#1105,#360,.T.);
#1398=EDGE_CURVE('',#1105,#1070,#204,.T.);
#1399=EDGE_CURVE('',#1103,#1067,#361,.T.);
#1400=EDGE_CURVE('',#1016,#1106,#205,.T.);
#1401=EDGE_CURVE('',#1106,#1008,#362,.T.);
#1402=EDGE_CURVE('',#1107,#1106,#363,.T.);
#1403=EDGE_CURVE('',#1006,#1107,#364,.T.);
#1404=EDGE_CURVE('',#1107,#1108,#206,.T.);
#1405=EDGE_CURVE('',#1108,#1004,#365,.T.);
#1406=EDGE_CURVE('',#1019,#1108,#366,.T.);
#1407=EDGE_CURVE('',#1109,#1110,#935,.T.);
#1408=EDGE_CURVE('',#1110,#1049,#923,.T.);
#1409=EDGE_CURVE('',#1049,#1109,#924,.T.);
#1410=EDGE_CURVE('',#1111,#1110,#367,.T.);
#1411=EDGE_CURVE('',#1047,#1111,#925,.T.);
#1412=EDGE_CURVE('',#1112,#1113,#936,.T.);
#1413=EDGE_CURVE('',#1113,#1048,#926,.T.);
#1414=EDGE_CURVE('',#1048,#1112,#927,.T.);
#1415=EDGE_CURVE('',#1109,#1113,#368,.T.);
#1416=EDGE_CURVE('',#1111,#1114,#937,.T.);
#1417=EDGE_CURVE('',#1114,#1047,#928,.T.);
#1418=EDGE_CURVE('',#1115,#1114,#369,.T.);
#1419=EDGE_CURVE('',#1046,#1115,#929,.T.);
#1420=EDGE_CURVE('',#1115,#1116,#938,.T.);
#1421=EDGE_CURVE('',#1116,#1046,#930,.T.);
#1422=EDGE_CURVE('',#1112,#1116,#370,.T.);
#1423=EDGE_CURVE('',#1041,#1117,#207,.T.);
#1424=EDGE_CURVE('',#1117,#1118,#371,.T.);
#1425=EDGE_CURVE('',#1118,#1040,#208,.T.);
#1426=EDGE_CURVE('',#1119,#1042,#209,.T.);
#1427=EDGE_CURVE('',#1118,#1119,#210,.T.);
#1428=EDGE_CURVE('',#1120,#1043,#211,.T.);
#1429=EDGE_CURVE('',#1119,#1120,#212,.T.);
#1430=EDGE_CURVE('',#1121,#1044,#213,.T.);
#1431=EDGE_CURVE('',#1120,#1121,#372,.T.);
#1432=EDGE_CURVE('',#1122,#1045,#214,.T.);
#1433=EDGE_CURVE('',#1121,#1122,#215,.T.);
#1434=EDGE_CURVE('',#1122,#1117,#216,.T.);
#1435=EDGE_CURVE('',#1123,#1119,#373,.T.);
#1436=EDGE_CURVE('',#1123,#1124,#217,.T.);
#1437=EDGE_CURVE('',#1124,#1120,#374,.T.);
#1438=EDGE_CURVE('',#1118,#1125,#375,.T.);
#1439=EDGE_CURVE('',#1125,#1123,#218,.T.);
#1440=EDGE_CURVE('',#1126,#1117,#376,.T.);
#1441=EDGE_CURVE('',#1125,#1126,#377,.T.);
#1442=EDGE_CURVE('',#1121,#1127,#378,.T.);
#1443=EDGE_CURVE('',#1127,#1128,#219,.T.);
#1444=EDGE_CURVE('',#1122,#1128,#379,.T.);
#1445=EDGE_CURVE('',#1128,#1126,#220,.T.);
#1446=EDGE_CURVE('',#1127,#1124,#380,.T.);
#1447=EDGE_CURVE('',#1129,#1130,#381,.T.);
#1448=EDGE_CURVE('',#1129,#1020,#382,.T.);
#1449=EDGE_CURVE('',#1130,#1023,#383,.T.);
#1450=EDGE_CURVE('',#1131,#1130,#384,.T.);
#1451=EDGE_CURVE('',#1131,#1022,#385,.T.);
#1452=EDGE_CURVE('',#1132,#1131,#386,.T.);
#1453=EDGE_CURVE('',#1132,#1021,#387,.T.);
#1454=EDGE_CURVE('',#1129,#1132,#388,.T.);
#1455=EDGE_CURVE('',#1133,#1134,#389,.T.);
#1456=EDGE_CURVE('',#1133,#1135,#390,.T.);
#1457=EDGE_CURVE('',#1136,#1135,#391,.T.);
#1458=EDGE_CURVE('',#1134,#1136,#392,.T.);
#1459=EDGE_CURVE('',#1137,#1134,#393,.T.);
#1460=EDGE_CURVE('',#1138,#1136,#394,.T.);
#1461=EDGE_CURVE('',#1137,#1138,#395,.T.);
#1462=EDGE_CURVE('',#1139,#1137,#396,.T.);
#1463=EDGE_CURVE('',#1140,#1138,#397,.T.);
#1464=EDGE_CURVE('',#1139,#1140,#398,.T.);
#1465=EDGE_CURVE('',#1133,#1139,#399,.T.);
#1466=EDGE_CURVE('',#1135,#1140,#400,.T.);
#1467=ORIENTED_EDGE('',*,*,#1141,.T.);
#1468=ORIENTED_EDGE('',*,*,#1142,.T.);
#1469=ORIENTED_EDGE('',*,*,#1143,.T.);
#1470=ORIENTED_EDGE('',*,*,#1142,.F.);
#1471=ORIENTED_EDGE('',*,*,#1144,.F.);
#1472=ORIENTED_EDGE('',*,*,#1145,.F.);
#1473=ORIENTED_EDGE('',*,*,#1146,.T.);
#1474=ORIENTED_EDGE('',*,*,#1147,.T.);
#1475=ORIENTED_EDGE('',*,*,#1148,.T.);
#1476=ORIENTED_EDGE('',*,*,#1145,.T.);
#1477=ORIENTED_EDGE('',*,*,#1148,.F.);
#1478=ORIENTED_EDGE('',*,*,#1149,.F.);
#1479=ORIENTED_EDGE('',*,*,#1150,.F.);
#1480=ORIENTED_EDGE('',*,*,#1151,.T.);
#1481=ORIENTED_EDGE('',*,*,#1152,.T.);
#1482=ORIENTED_EDGE('',*,*,#1153,.T.);
#1483=ORIENTED_EDGE('',*,*,#1154,.T.);
#1484=ORIENTED_EDGE('',*,*,#1143,.F.);
#1485=ORIENTED_EDGE('',*,*,#1155,.T.);
#1486=ORIENTED_EDGE('',*,*,#1153,.F.);
#1487=ORIENTED_EDGE('',*,*,#1156,.F.);
#1488=ORIENTED_EDGE('',*,*,#1157,.T.);
#1489=ORIENTED_EDGE('',*,*,#1158,.T.);
#1490=ORIENTED_EDGE('',*,*,#1150,.T.);
#1491=ORIENTED_EDGE('',*,*,#1154,.F.);
#1492=ORIENTED_EDGE('',*,*,#1159,.T.);
#1493=ORIENTED_EDGE('',*,*,#1158,.F.);
#1494=ORIENTED_EDGE('',*,*,#1160,.F.);
#1495=ORIENTED_EDGE('',*,*,#1161,.T.);
#1496=ORIENTED_EDGE('',*,*,#1162,.T.);
#1497=ORIENTED_EDGE('',*,*,#1163,.T.);
#1498=ORIENTED_EDGE('',*,*,#1164,.T.);
#1499=ORIENTED_EDGE('',*,*,#1162,.F.);
#1500=ORIENTED_EDGE('',*,*,#1165,.F.);
#1501=ORIENTED_EDGE('',*,*,#1166,.F.);
#1502=ORIENTED_EDGE('',*,*,#1167,.F.);
#1503=ORIENTED_EDGE('',*,*,#1168,.T.);
#1504=ORIENTED_EDGE('',*,*,#1169,.T.);
#1505=ORIENTED_EDGE('',*,*,#1170,.T.);
#1506=ORIENTED_EDGE('',*,*,#1171,.T.);
#1507=ORIENTED_EDGE('',*,*,#1169,.F.);
#1508=ORIENTED_EDGE('',*,*,#1172,.F.);
#1509=ORIENTED_EDGE('',*,*,#1173,.F.);
#1510=ORIENTED_EDGE('',*,*,#1174,.F.);
#1511=ORIENTED_EDGE('',*,*,#1175,.T.);
#1512=ORIENTED_EDGE('',*,*,#1176,.T.);
#1513=ORIENTED_EDGE('',*,*,#1177,.T.);
#1514=ORIENTED_EDGE('',*,*,#1178,.T.);
#1515=ORIENTED_EDGE('',*,*,#1176,.F.);
#1516=ORIENTED_EDGE('',*,*,#1179,.F.);
#1517=ORIENTED_EDGE('',*,*,#1180,.F.);
#1518=ORIENTED_EDGE('',*,*,#1181,.F.);
#1519=ORIENTED_EDGE('',*,*,#1182,.T.);
#1520=ORIENTED_EDGE('',*,*,#1183,.T.);
#1521=ORIENTED_EDGE('',*,*,#1184,.T.);
#1522=ORIENTED_EDGE('',*,*,#1166,.T.);
#1523=ORIENTED_EDGE('',*,*,#1183,.F.);
#1524=ORIENTED_EDGE('',*,*,#1185,.F.);
#1525=ORIENTED_EDGE('',*,*,#1186,.F.);
#1526=ORIENTED_EDGE('',*,*,#1187,.F.);
#1527=ORIENTED_EDGE('',*,*,#1188,.T.);
#1528=ORIENTED_EDGE('',*,*,#1189,.T.);
#1529=ORIENTED_EDGE('',*,*,#1190,.T.);
#1530=ORIENTED_EDGE('',*,*,#1173,.T.);
#1531=ORIENTED_EDGE('',*,*,#1189,.F.);
#1532=ORIENTED_EDGE('',*,*,#1191,.F.);
#1533=ORIENTED_EDGE('',*,*,#1192,.F.);
#1534=ORIENTED_EDGE('',*,*,#1193,.F.);
#1535=ORIENTED_EDGE('',*,*,#1194,.T.);
#1536=ORIENTED_EDGE('',*,*,#1195,.T.);
#1537=ORIENTED_EDGE('',*,*,#1196,.T.);
#1538=ORIENTED_EDGE('',*,*,#1180,.T.);
#1539=ORIENTED_EDGE('',*,*,#1195,.F.);
#1540=ORIENTED_EDGE('',*,*,#1197,.F.);
#1541=ORIENTED_EDGE('',*,*,#1198,.F.);
#1542=ORIENTED_EDGE('',*,*,#1199,.F.);
#1543=ORIENTED_EDGE('',*,*,#1200,.T.);
#1544=ORIENTED_EDGE('',*,*,#1201,.T.);
#1545=ORIENTED_EDGE('',*,*,#1202,.T.);
#1546=ORIENTED_EDGE('',*,*,#1198,.T.);
#1547=ORIENTED_EDGE('',*,*,#1201,.F.);
#1548=ORIENTED_EDGE('',*,*,#1203,.F.);
#1549=ORIENTED_EDGE('',*,*,#1204,.F.);
#1550=ORIENTED_EDGE('',*,*,#1205,.F.);
#1551=ORIENTED_EDGE('',*,*,#1206,.T.);
#1552=ORIENTED_EDGE('',*,*,#1207,.T.);
#1553=ORIENTED_EDGE('',*,*,#1208,.T.);
#1554=ORIENTED_EDGE('',*,*,#1192,.T.);
#1555=ORIENTED_EDGE('',*,*,#1207,.F.);
#1556=ORIENTED_EDGE('',*,*,#1209,.F.);
#1557=ORIENTED_EDGE('',*,*,#1210,.F.);
#1558=ORIENTED_EDGE('',*,*,#1211,.F.);
#1559=ORIENTED_EDGE('',*,*,#1212,.T.);
#1560=ORIENTED_EDGE('',*,*,#1213,.T.);
#1561=ORIENTED_EDGE('',*,*,#1214,.T.);
#1562=ORIENTED_EDGE('',*,*,#1186,.T.);
#1563=ORIENTED_EDGE('',*,*,#1213,.F.);
#1564=ORIENTED_EDGE('',*,*,#1215,.F.);
#1565=ORIENTED_EDGE('',*,*,#1216,.F.);
#1566=ORIENTED_EDGE('',*,*,#1217,.F.);
#1567=ORIENTED_EDGE('',*,*,#1218,.T.);
#1568=ORIENTED_EDGE('',*,*,#1219,.T.);
#1569=ORIENTED_EDGE('',*,*,#1220,.T.);
#1570=ORIENTED_EDGE('',*,*,#1204,.T.);
#1571=ORIENTED_EDGE('',*,*,#1178,.F.);
#1572=ORIENTED_EDGE('',*,*,#1221,.F.);
#1573=ORIENTED_EDGE('',*,*,#1219,.F.);
#1574=ORIENTED_EDGE('',*,*,#1222,.F.);
#1575=ORIENTED_EDGE('',*,*,#1223,.T.);
#1576=ORIENTED_EDGE('',*,*,#1224,.T.);
#1577=ORIENTED_EDGE('',*,*,#1225,.T.);
#1578=ORIENTED_EDGE('',*,*,#1210,.T.);
#1579=ORIENTED_EDGE('',*,*,#1171,.F.);
#1580=ORIENTED_EDGE('',*,*,#1226,.F.);
#1581=ORIENTED_EDGE('',*,*,#1224,.F.);
#1582=ORIENTED_EDGE('',*,*,#1227,.F.);
#1583=ORIENTED_EDGE('',*,*,#1228,.T.);
#1584=ORIENTED_EDGE('',*,*,#1229,.T.);
#1585=ORIENTED_EDGE('',*,*,#1230,.T.);
#1586=ORIENTED_EDGE('',*,*,#1216,.T.);
#1587=ORIENTED_EDGE('',*,*,#1164,.F.);
#1588=ORIENTED_EDGE('',*,*,#1231,.F.);
#1589=ORIENTED_EDGE('',*,*,#1229,.F.);
#1590=ORIENTED_EDGE('',*,*,#1232,.F.);
#1591=ORIENTED_EDGE('',*,*,#1233,.T.);
#1592=ORIENTED_EDGE('',*,*,#1234,.T.);
#1593=ORIENTED_EDGE('',*,*,#1235,.T.);
#1594=ORIENTED_EDGE('',*,*,#1236,.T.);
#1595=ORIENTED_EDGE('',*,*,#1237,.T.);
#1596=ORIENTED_EDGE('',*,*,#1238,.T.);
#1597=ORIENTED_EDGE('',*,*,#1235,.F.);
#1598=ORIENTED_EDGE('',*,*,#1239,.T.);
#1599=ORIENTED_EDGE('',*,*,#1240,.T.);
#1600=ORIENTED_EDGE('',*,*,#1241,.T.);
#1601=ORIENTED_EDGE('',*,*,#1237,.F.);
#1602=ORIENTED_EDGE('',*,*,#1242,.T.);
#1603=ORIENTED_EDGE('',*,*,#1243,.T.);
#1604=ORIENTED_EDGE('',*,*,#1244,.T.);
#1605=ORIENTED_EDGE('',*,*,#1240,.F.);
#1606=ORIENTED_EDGE('',*,*,#1245,.T.);
#1607=ORIENTED_EDGE('',*,*,#1246,.T.);
#1608=ORIENTED_EDGE('',*,*,#1247,.T.);
#1609=ORIENTED_EDGE('',*,*,#1243,.F.);
#1610=ORIENTED_EDGE('',*,*,#1248,.T.);
#1611=ORIENTED_EDGE('',*,*,#1249,.T.);
#1612=ORIENTED_EDGE('',*,*,#1250,.T.);
#1613=ORIENTED_EDGE('',*,*,#1246,.F.);
#1614=ORIENTED_EDGE('',*,*,#1251,.T.);
#1615=ORIENTED_EDGE('',*,*,#1252,.T.);
#1616=ORIENTED_EDGE('',*,*,#1253,.T.);
#1617=ORIENTED_EDGE('',*,*,#1249,.F.);
#1618=ORIENTED_EDGE('',*,*,#1254,.T.);
#1619=ORIENTED_EDGE('',*,*,#1252,.F.);
#1620=ORIENTED_EDGE('',*,*,#1255,.T.);
#1621=ORIENTED_EDGE('',*,*,#1233,.F.);
#1622=ORIENTED_EDGE('',*,*,#1256,.T.);
#1623=ORIENTED_EDGE('',*,*,#1250,.F.);
#1624=ORIENTED_EDGE('',*,*,#1257,.F.);
#1625=ORIENTED_EDGE('',*,*,#1258,.F.);
#1626=ORIENTED_EDGE('',*,*,#1259,.F.);
#1627=ORIENTED_EDGE('',*,*,#1253,.F.);
#1628=ORIENTED_EDGE('',*,*,#1260,.T.);
#1629=ORIENTED_EDGE('',*,*,#1261,.T.);
#1630=ORIENTED_EDGE('',*,*,#1257,.T.);
#1631=ORIENTED_EDGE('',*,*,#1256,.F.);
#1632=ORIENTED_EDGE('',*,*,#1262,.F.);
#1633=ORIENTED_EDGE('',*,*,#1263,.F.);
#1634=ORIENTED_EDGE('',*,*,#1260,.F.);
#1635=ORIENTED_EDGE('',*,*,#1236,.F.);
#1636=ORIENTED_EDGE('',*,*,#1264,.T.);
#1637=ORIENTED_EDGE('',*,*,#1265,.T.);
#1638=ORIENTED_EDGE('',*,*,#1262,.T.);
#1639=ORIENTED_EDGE('',*,*,#1266,.T.);
#1640=ORIENTED_EDGE('',*,*,#1267,.T.);
#1641=ORIENTED_EDGE('',*,*,#1268,.T.);
#1642=ORIENTED_EDGE('',*,*,#1269,.T.);
#1643=ORIENTED_EDGE('',*,*,#1270,.F.);
#1644=ORIENTED_EDGE('',*,*,#1271,.F.);
#1645=ORIENTED_EDGE('',*,*,#1272,.F.);
#1646=ORIENTED_EDGE('',*,*,#1273,.F.);
#1647=ORIENTED_EDGE('',*,*,#1274,.F.);
#1648=ORIENTED_EDGE('',*,*,#1275,.F.);
#1649=ORIENTED_EDGE('',*,*,#1276,.F.);
#1650=ORIENTED_EDGE('',*,*,#1277,.F.);
#1651=ORIENTED_EDGE('',*,*,#1278,.F.);
#1652=ORIENTED_EDGE('',*,*,#1279,.F.);
#1653=ORIENTED_EDGE('',*,*,#1280,.F.);
#1654=ORIENTED_EDGE('',*,*,#1281,.F.);
#1655=ORIENTED_EDGE('',*,*,#1282,.F.);
#1656=ORIENTED_EDGE('',*,*,#1283,.F.);
#1657=ORIENTED_EDGE('',*,*,#1284,.F.);
#1658=ORIENTED_EDGE('',*,*,#1285,.F.);
#1659=ORIENTED_EDGE('',*,*,#1155,.F.);
#1660=ORIENTED_EDGE('',*,*,#1146,.F.);
#1661=ORIENTED_EDGE('',*,*,#1151,.F.);
#1662=ORIENTED_EDGE('',*,*,#1159,.F.);
#1663=ORIENTED_EDGE('',*,*,#1231,.T.);
#1664=ORIENTED_EDGE('',*,*,#1163,.F.);
#1665=ORIENTED_EDGE('',*,*,#1167,.T.);
#1666=ORIENTED_EDGE('',*,*,#1184,.F.);
#1667=ORIENTED_EDGE('',*,*,#1187,.T.);
#1668=ORIENTED_EDGE('',*,*,#1214,.F.);
#1669=ORIENTED_EDGE('',*,*,#1217,.T.);
#1670=ORIENTED_EDGE('',*,*,#1230,.F.);
#1671=ORIENTED_EDGE('',*,*,#1226,.T.);
#1672=ORIENTED_EDGE('',*,*,#1170,.F.);
#1673=ORIENTED_EDGE('',*,*,#1174,.T.);
#1674=ORIENTED_EDGE('',*,*,#1190,.F.);
#1675=ORIENTED_EDGE('',*,*,#1193,.T.);
#1676=ORIENTED_EDGE('',*,*,#1208,.F.);
#1677=ORIENTED_EDGE('',*,*,#1211,.T.);
#1678=ORIENTED_EDGE('',*,*,#1225,.F.);
#1679=ORIENTED_EDGE('',*,*,#1221,.T.);
#1680=ORIENTED_EDGE('',*,*,#1177,.F.);
#1681=ORIENTED_EDGE('',*,*,#1181,.T.);
#1682=ORIENTED_EDGE('',*,*,#1196,.F.);
#1683=ORIENTED_EDGE('',*,*,#1199,.T.);
#1684=ORIENTED_EDGE('',*,*,#1202,.F.);
#1685=ORIENTED_EDGE('',*,*,#1205,.T.);
#1686=ORIENTED_EDGE('',*,*,#1220,.F.);
#1687=ORIENTED_EDGE('',*,*,#1286,.F.);
#1688=ORIENTED_EDGE('',*,*,#1287,.F.);
#1689=ORIENTED_EDGE('',*,*,#1288,.F.);
#1690=ORIENTED_EDGE('',*,*,#1289,.F.);
#1691=ORIENTED_EDGE('',*,*,#1290,.F.);
#1692=ORIENTED_EDGE('',*,*,#1291,.F.);
#1693=ORIENTED_EDGE('',*,*,#1292,.F.);
#1694=ORIENTED_EDGE('',*,*,#1293,.F.);
#1695=ORIENTED_EDGE('',*,*,#1294,.F.);
#1696=ORIENTED_EDGE('',*,*,#1295,.F.);
#1697=ORIENTED_EDGE('',*,*,#1296,.F.);
#1698=ORIENTED_EDGE('',*,*,#1297,.F.);
#1699=ORIENTED_EDGE('',*,*,#1298,.F.);
#1700=ORIENTED_EDGE('',*,*,#1299,.F.);
#1701=ORIENTED_EDGE('',*,*,#1300,.F.);
#1702=ORIENTED_EDGE('',*,*,#1301,.F.);
#1703=ORIENTED_EDGE('',*,*,#1302,.F.);
#1704=ORIENTED_EDGE('',*,*,#1303,.F.);
#1705=ORIENTED_EDGE('',*,*,#1234,.F.);
#1706=ORIENTED_EDGE('',*,*,#1255,.F.);
#1707=ORIENTED_EDGE('',*,*,#1254,.F.);
#1708=ORIENTED_EDGE('',*,*,#1251,.F.);
#1709=ORIENTED_EDGE('',*,*,#1248,.F.);
#1710=ORIENTED_EDGE('',*,*,#1245,.F.);
#1711=ORIENTED_EDGE('',*,*,#1242,.F.);
#1712=ORIENTED_EDGE('',*,*,#1239,.F.);
#1713=ORIENTED_EDGE('',*,*,#1304,.T.);
#1714=ORIENTED_EDGE('',*,*,#1305,.T.);
#1715=ORIENTED_EDGE('',*,*,#1306,.T.);
#1716=ORIENTED_EDGE('',*,*,#1270,.T.);
#1717=ORIENTED_EDGE('',*,*,#1307,.T.);
#1718=ORIENTED_EDGE('',*,*,#1271,.T.);
#1719=ORIENTED_EDGE('',*,*,#1306,.F.);
#1720=ORIENTED_EDGE('',*,*,#1308,.T.);
#1721=ORIENTED_EDGE('',*,*,#1309,.T.);
#1722=ORIENTED_EDGE('',*,*,#1272,.T.);
#1723=ORIENTED_EDGE('',*,*,#1307,.F.);
#1724=ORIENTED_EDGE('',*,*,#1310,.T.);
#1725=ORIENTED_EDGE('',*,*,#1311,.T.);
#1726=ORIENTED_EDGE('',*,*,#1273,.T.);
#1727=ORIENTED_EDGE('',*,*,#1309,.F.);
#1728=ORIENTED_EDGE('',*,*,#1312,.T.);
#1729=ORIENTED_EDGE('',*,*,#1313,.T.);
#1730=ORIENTED_EDGE('',*,*,#1274,.T.);
#1731=ORIENTED_EDGE('',*,*,#1311,.F.);
#1732=ORIENTED_EDGE('',*,*,#1314,.T.);
#1733=ORIENTED_EDGE('',*,*,#1315,.T.);
#1734=ORIENTED_EDGE('',*,*,#1275,.T.);
#1735=ORIENTED_EDGE('',*,*,#1313,.F.);
#1736=ORIENTED_EDGE('',*,*,#1316,.T.);
#1737=ORIENTED_EDGE('',*,*,#1317,.T.);
#1738=ORIENTED_EDGE('',*,*,#1276,.T.);
#1739=ORIENTED_EDGE('',*,*,#1315,.F.);
#1740=ORIENTED_EDGE('',*,*,#1318,.T.);
#1741=ORIENTED_EDGE('',*,*,#1317,.F.);
#1742=ORIENTED_EDGE('',*,*,#1319,.T.);
#1743=ORIENTED_EDGE('',*,*,#1304,.F.);
#1744=ORIENTED_EDGE('',*,*,#1277,.T.);
#1745=ORIENTED_EDGE('',*,*,#1312,.F.);
#1746=ORIENTED_EDGE('',*,*,#1320,.T.);
#1747=ORIENTED_EDGE('',*,*,#1321,.T.);
#1748=ORIENTED_EDGE('',*,*,#1322,.T.);
#1749=ORIENTED_EDGE('',*,*,#1310,.F.);
#1750=ORIENTED_EDGE('',*,*,#1323,.F.);
#1751=ORIENTED_EDGE('',*,*,#1324,.F.);
#1752=ORIENTED_EDGE('',*,*,#1320,.F.);
#1753=ORIENTED_EDGE('',*,*,#1308,.F.);
#1754=ORIENTED_EDGE('',*,*,#1325,.T.);
#1755=ORIENTED_EDGE('',*,*,#1326,.T.);
#1756=ORIENTED_EDGE('',*,*,#1323,.T.);
#1757=ORIENTED_EDGE('',*,*,#1305,.F.);
#1758=ORIENTED_EDGE('',*,*,#1327,.F.);
#1759=ORIENTED_EDGE('',*,*,#1328,.F.);
#1760=ORIENTED_EDGE('',*,*,#1325,.F.);
#1761=ORIENTED_EDGE('',*,*,#1329,.T.);
#1762=ORIENTED_EDGE('',*,*,#1296,.T.);
#1763=ORIENTED_EDGE('',*,*,#1330,.T.);
#1764=ORIENTED_EDGE('',*,*,#1331,.T.);
#1765=ORIENTED_EDGE('',*,*,#1332,.T.);
#1766=ORIENTED_EDGE('',*,*,#1333,.T.);
#1767=ORIENTED_EDGE('',*,*,#1330,.F.);
#1768=ORIENTED_EDGE('',*,*,#1303,.T.);
#1769=ORIENTED_EDGE('',*,*,#1334,.T.);
#1770=ORIENTED_EDGE('',*,*,#1335,.T.);
#1771=ORIENTED_EDGE('',*,*,#1332,.F.);
#1772=ORIENTED_EDGE('',*,*,#1302,.T.);
#1773=ORIENTED_EDGE('',*,*,#1336,.T.);
#1774=ORIENTED_EDGE('',*,*,#1337,.T.);
#1775=ORIENTED_EDGE('',*,*,#1334,.F.);
#1776=ORIENTED_EDGE('',*,*,#1301,.T.);
#1777=ORIENTED_EDGE('',*,*,#1338,.T.);
#1778=ORIENTED_EDGE('',*,*,#1339,.T.);
#1779=ORIENTED_EDGE('',*,*,#1336,.F.);
#1780=ORIENTED_EDGE('',*,*,#1300,.T.);
#1781=ORIENTED_EDGE('',*,*,#1340,.T.);
#1782=ORIENTED_EDGE('',*,*,#1341,.T.);
#1783=ORIENTED_EDGE('',*,*,#1338,.F.);
#1784=ORIENTED_EDGE('',*,*,#1299,.T.);
#1785=ORIENTED_EDGE('',*,*,#1342,.T.);
#1786=ORIENTED_EDGE('',*,*,#1343,.T.);
#1787=ORIENTED_EDGE('',*,*,#1340,.F.);
#1788=ORIENTED_EDGE('',*,*,#1298,.T.);
#1789=ORIENTED_EDGE('',*,*,#1342,.F.);
#1790=ORIENTED_EDGE('',*,*,#1297,.T.);
#1791=ORIENTED_EDGE('',*,*,#1329,.F.);
#1792=ORIENTED_EDGE('',*,*,#1344,.T.);
#1793=ORIENTED_EDGE('',*,*,#1341,.F.);
#1794=ORIENTED_EDGE('',*,*,#1345,.F.);
#1795=ORIENTED_EDGE('',*,*,#1346,.F.);
#1796=ORIENTED_EDGE('',*,*,#1347,.F.);
#1797=ORIENTED_EDGE('',*,*,#1343,.F.);
#1798=ORIENTED_EDGE('',*,*,#1348,.T.);
#1799=ORIENTED_EDGE('',*,*,#1349,.T.);
#1800=ORIENTED_EDGE('',*,*,#1345,.T.);
#1801=ORIENTED_EDGE('',*,*,#1344,.F.);
#1802=ORIENTED_EDGE('',*,*,#1350,.F.);
#1803=ORIENTED_EDGE('',*,*,#1351,.F.);
#1804=ORIENTED_EDGE('',*,*,#1348,.F.);
#1805=ORIENTED_EDGE('',*,*,#1331,.F.);
#1806=ORIENTED_EDGE('',*,*,#1352,.T.);
#1807=ORIENTED_EDGE('',*,*,#1353,.T.);
#1808=ORIENTED_EDGE('',*,*,#1350,.T.);
#1809=ORIENTED_EDGE('',*,*,#1354,.T.);
#1810=ORIENTED_EDGE('',*,*,#1278,.T.);
#1811=ORIENTED_EDGE('',*,*,#1355,.T.);
#1812=ORIENTED_EDGE('',*,*,#1356,.T.);
#1813=ORIENTED_EDGE('',*,*,#1357,.T.);
#1814=ORIENTED_EDGE('',*,*,#1358,.T.);
#1815=ORIENTED_EDGE('',*,*,#1355,.F.);
#1816=ORIENTED_EDGE('',*,*,#1285,.T.);
#1817=ORIENTED_EDGE('',*,*,#1359,.T.);
#1818=ORIENTED_EDGE('',*,*,#1360,.T.);
#1819=ORIENTED_EDGE('',*,*,#1357,.F.);
#1820=ORIENTED_EDGE('',*,*,#1284,.T.);
#1821=ORIENTED_EDGE('',*,*,#1361,.T.);
#1822=ORIENTED_EDGE('',*,*,#1362,.T.);
#1823=ORIENTED_EDGE('',*,*,#1359,.F.);
#1824=ORIENTED_EDGE('',*,*,#1283,.T.);
#1825=ORIENTED_EDGE('',*,*,#1363,.T.);
#1826=ORIENTED_EDGE('',*,*,#1364,.T.);
#1827=ORIENTED_EDGE('',*,*,#1361,.F.);
#1828=ORIENTED_EDGE('',*,*,#1282,.T.);
#1829=ORIENTED_EDGE('',*,*,#1365,.T.);
#1830=ORIENTED_EDGE('',*,*,#1366,.T.);
#1831=ORIENTED_EDGE('',*,*,#1363,.F.);
#1832=ORIENTED_EDGE('',*,*,#1281,.T.);
#1833=ORIENTED_EDGE('',*,*,#1367,.T.);
#1834=ORIENTED_EDGE('',*,*,#1368,.T.);
#1835=ORIENTED_EDGE('',*,*,#1365,.F.);
#1836=ORIENTED_EDGE('',*,*,#1280,.T.);
#1837=ORIENTED_EDGE('',*,*,#1367,.F.);
#1838=ORIENTED_EDGE('',*,*,#1279,.T.);
#1839=ORIENTED_EDGE('',*,*,#1354,.F.);
#1840=ORIENTED_EDGE('',*,*,#1369,.T.);
#1841=ORIENTED_EDGE('',*,*,#1366,.F.);
#1842=ORIENTED_EDGE('',*,*,#1370,.F.);
#1843=ORIENTED_EDGE('',*,*,#1371,.F.);
#1844=ORIENTED_EDGE('',*,*,#1372,.F.);
#1845=ORIENTED_EDGE('',*,*,#1368,.F.);
#1846=ORIENTED_EDGE('',*,*,#1373,.T.);
#1847=ORIENTED_EDGE('',*,*,#1374,.T.);
#1848=ORIENTED_EDGE('',*,*,#1370,.T.);
#1849=ORIENTED_EDGE('',*,*,#1369,.F.);
#1850=ORIENTED_EDGE('',*,*,#1375,.F.);
#1851=ORIENTED_EDGE('',*,*,#1376,.F.);
#1852=ORIENTED_EDGE('',*,*,#1373,.F.);
#1853=ORIENTED_EDGE('',*,*,#1356,.F.);
#1854=ORIENTED_EDGE('',*,*,#1377,.T.);
#1855=ORIENTED_EDGE('',*,*,#1378,.T.);
#1856=ORIENTED_EDGE('',*,*,#1375,.T.);
#1857=ORIENTED_EDGE('',*,*,#1339,.F.);
#1858=ORIENTED_EDGE('',*,*,#1347,.T.);
#1859=ORIENTED_EDGE('',*,*,#1379,.T.);
#1860=ORIENTED_EDGE('',*,*,#1380,.T.);
#1861=ORIENTED_EDGE('',*,*,#1337,.F.);
#1862=ORIENTED_EDGE('',*,*,#1380,.F.);
#1863=ORIENTED_EDGE('',*,*,#1381,.F.);
#1864=ORIENTED_EDGE('',*,*,#1382,.F.);
#1865=ORIENTED_EDGE('',*,*,#1360,.F.);
#1866=ORIENTED_EDGE('',*,*,#1383,.T.);
#1867=ORIENTED_EDGE('',*,*,#1384,.T.);
#1868=ORIENTED_EDGE('',*,*,#1385,.T.);
#1869=ORIENTED_EDGE('',*,*,#1358,.F.);
#1870=ORIENTED_EDGE('',*,*,#1385,.F.);
#1871=ORIENTED_EDGE('',*,*,#1386,.F.);
#1872=ORIENTED_EDGE('',*,*,#1377,.F.);
#1873=ORIENTED_EDGE('',*,*,#1364,.F.);
#1874=ORIENTED_EDGE('',*,*,#1372,.T.);
#1875=ORIENTED_EDGE('',*,*,#1387,.T.);
#1876=ORIENTED_EDGE('',*,*,#1388,.T.);
#1877=ORIENTED_EDGE('',*,*,#1362,.F.);
#1878=ORIENTED_EDGE('',*,*,#1388,.F.);
#1879=ORIENTED_EDGE('',*,*,#1389,.F.);
#1880=ORIENTED_EDGE('',*,*,#1383,.F.);
#1881=ORIENTED_EDGE('',*,*,#1335,.F.);
#1882=ORIENTED_EDGE('',*,*,#1382,.T.);
#1883=ORIENTED_EDGE('',*,*,#1390,.T.);
#1884=ORIENTED_EDGE('',*,*,#1391,.T.);
#1885=ORIENTED_EDGE('',*,*,#1333,.F.);
#1886=ORIENTED_EDGE('',*,*,#1391,.F.);
#1887=ORIENTED_EDGE('',*,*,#1392,.F.);
#1888=ORIENTED_EDGE('',*,*,#1352,.F.);
#1889=ORIENTED_EDGE('',*,*,#1316,.F.);
#1890=ORIENTED_EDGE('',*,*,#1393,.T.);
#1891=ORIENTED_EDGE('',*,*,#1394,.T.);
#1892=ORIENTED_EDGE('',*,*,#1395,.T.);
#1893=ORIENTED_EDGE('',*,*,#1318,.F.);
#1894=ORIENTED_EDGE('',*,*,#1395,.F.);
#1895=ORIENTED_EDGE('',*,*,#1396,.F.);
#1896=ORIENTED_EDGE('',*,*,#1397,.F.);
#1897=ORIENTED_EDGE('',*,*,#1319,.F.);
#1898=ORIENTED_EDGE('',*,*,#1397,.T.);
#1899=ORIENTED_EDGE('',*,*,#1398,.T.);
#1900=ORIENTED_EDGE('',*,*,#1327,.T.);
#1901=ORIENTED_EDGE('',*,*,#1314,.F.);
#1902=ORIENTED_EDGE('',*,*,#1322,.F.);
#1903=ORIENTED_EDGE('',*,*,#1399,.F.);
#1904=ORIENTED_EDGE('',*,*,#1393,.F.);
#1905=ORIENTED_EDGE('',*,*,#1247,.F.);
#1906=ORIENTED_EDGE('',*,*,#1259,.T.);
#1907=ORIENTED_EDGE('',*,*,#1400,.T.);
#1908=ORIENTED_EDGE('',*,*,#1401,.T.);
#1909=ORIENTED_EDGE('',*,*,#1244,.F.);
#1910=ORIENTED_EDGE('',*,*,#1401,.F.);
#1911=ORIENTED_EDGE('',*,*,#1402,.F.);
#1912=ORIENTED_EDGE('',*,*,#1403,.F.);
#1913=ORIENTED_EDGE('',*,*,#1241,.F.);
#1914=ORIENTED_EDGE('',*,*,#1403,.T.);
#1915=ORIENTED_EDGE('',*,*,#1404,.T.);
#1916=ORIENTED_EDGE('',*,*,#1405,.T.);
#1917=ORIENTED_EDGE('',*,*,#1238,.F.);
#1918=ORIENTED_EDGE('',*,*,#1405,.F.);
#1919=ORIENTED_EDGE('',*,*,#1406,.F.);
#1920=ORIENTED_EDGE('',*,*,#1264,.F.);
#1921=ORIENTED_EDGE('',*,*,#1407,.T.);
#1922=ORIENTED_EDGE('',*,*,#1408,.T.);
#1923=ORIENTED_EDGE('',*,*,#1409,.T.);
#1924=ORIENTED_EDGE('',*,*,#1408,.F.);
#1925=ORIENTED_EDGE('',*,*,#1410,.F.);
#1926=ORIENTED_EDGE('',*,*,#1411,.F.);
#1927=ORIENTED_EDGE('',*,*,#1295,.T.);
#1928=ORIENTED_EDGE('',*,*,#1412,.T.);
#1929=ORIENTED_EDGE('',*,*,#1413,.T.);
#1930=ORIENTED_EDGE('',*,*,#1414,.T.);
#1931=ORIENTED_EDGE('',*,*,#1409,.F.);
#1932=ORIENTED_EDGE('',*,*,#1294,.T.);
#1933=ORIENTED_EDGE('',*,*,#1413,.F.);
#1934=ORIENTED_EDGE('',*,*,#1415,.F.);
#1935=ORIENTED_EDGE('',*,*,#1416,.T.);
#1936=ORIENTED_EDGE('',*,*,#1417,.T.);
#1937=ORIENTED_EDGE('',*,*,#1411,.T.);
#1938=ORIENTED_EDGE('',*,*,#1417,.F.);
#1939=ORIENTED_EDGE('',*,*,#1418,.F.);
#1940=ORIENTED_EDGE('',*,*,#1419,.F.);
#1941=ORIENTED_EDGE('',*,*,#1292,.T.);
#1942=ORIENTED_EDGE('',*,*,#1420,.T.);
#1943=ORIENTED_EDGE('',*,*,#1421,.T.);
#1944=ORIENTED_EDGE('',*,*,#1419,.T.);
#1945=ORIENTED_EDGE('',*,*,#1414,.F.);
#1946=ORIENTED_EDGE('',*,*,#1293,.T.);
#1947=ORIENTED_EDGE('',*,*,#1421,.F.);
#1948=ORIENTED_EDGE('',*,*,#1422,.F.);
#1949=ORIENTED_EDGE('',*,*,#1423,.T.);
#1950=ORIENTED_EDGE('',*,*,#1424,.T.);
#1951=ORIENTED_EDGE('',*,*,#1425,.T.);
#1952=ORIENTED_EDGE('',*,*,#1286,.T.);
#1953=ORIENTED_EDGE('',*,*,#1426,.T.);
#1954=ORIENTED_EDGE('',*,*,#1287,.T.);
#1955=ORIENTED_EDGE('',*,*,#1425,.F.);
#1956=ORIENTED_EDGE('',*,*,#1427,.T.);
#1957=ORIENTED_EDGE('',*,*,#1428,.T.);
#1958=ORIENTED_EDGE('',*,*,#1288,.T.);
#1959=ORIENTED_EDGE('',*,*,#1426,.F.);
#1960=ORIENTED_EDGE('',*,*,#1429,.T.);
#1961=ORIENTED_EDGE('',*,*,#1430,.T.);
#1962=ORIENTED_EDGE('',*,*,#1289,.T.);
#1963=ORIENTED_EDGE('',*,*,#1428,.F.);
#1964=ORIENTED_EDGE('',*,*,#1431,.T.);
#1965=ORIENTED_EDGE('',*,*,#1432,.T.);
#1966=ORIENTED_EDGE('',*,*,#1290,.T.);
#1967=ORIENTED_EDGE('',*,*,#1430,.F.);
#1968=ORIENTED_EDGE('',*,*,#1433,.T.);
#1969=ORIENTED_EDGE('',*,*,#1432,.F.);
#1970=ORIENTED_EDGE('',*,*,#1434,.T.);
#1971=ORIENTED_EDGE('',*,*,#1423,.F.);
#1972=ORIENTED_EDGE('',*,*,#1291,.T.);
#1973=ORIENTED_EDGE('',*,*,#1429,.F.);
#1974=ORIENTED_EDGE('',*,*,#1435,.F.);
#1975=ORIENTED_EDGE('',*,*,#1436,.T.);
#1976=ORIENTED_EDGE('',*,*,#1437,.T.);
#1977=ORIENTED_EDGE('',*,*,#1427,.F.);
#1978=ORIENTED_EDGE('',*,*,#1438,.T.);
#1979=ORIENTED_EDGE('',*,*,#1439,.T.);
#1980=ORIENTED_EDGE('',*,*,#1435,.T.);
#1981=ORIENTED_EDGE('',*,*,#1424,.F.);
#1982=ORIENTED_EDGE('',*,*,#1440,.F.);
#1983=ORIENTED_EDGE('',*,*,#1441,.F.);
#1984=ORIENTED_EDGE('',*,*,#1438,.F.);
#1985=ORIENTED_EDGE('',*,*,#1433,.F.);
#1986=ORIENTED_EDGE('',*,*,#1442,.T.);
#1987=ORIENTED_EDGE('',*,*,#1443,.T.);
#1988=ORIENTED_EDGE('',*,*,#1444,.F.);
#1989=ORIENTED_EDGE('',*,*,#1434,.F.);
#1990=ORIENTED_EDGE('',*,*,#1444,.T.);
#1991=ORIENTED_EDGE('',*,*,#1445,.T.);
#1992=ORIENTED_EDGE('',*,*,#1440,.T.);
#1993=ORIENTED_EDGE('',*,*,#1431,.F.);
#1994=ORIENTED_EDGE('',*,*,#1437,.F.);
#1995=ORIENTED_EDGE('',*,*,#1446,.F.);
#1996=ORIENTED_EDGE('',*,*,#1442,.F.);
#1997=ORIENTED_EDGE('',*,*,#1447,.F.);
#1998=ORIENTED_EDGE('',*,*,#1448,.T.);
#1999=ORIENTED_EDGE('',*,*,#1269,.F.);
#2000=ORIENTED_EDGE('',*,*,#1449,.F.);
#2001=ORIENTED_EDGE('',*,*,#1450,.T.);
#2002=ORIENTED_EDGE('',*,*,#1449,.T.);
#2003=ORIENTED_EDGE('',*,*,#1268,.F.);
#2004=ORIENTED_EDGE('',*,*,#1451,.F.);
#2005=ORIENTED_EDGE('',*,*,#1452,.T.);
#2006=ORIENTED_EDGE('',*,*,#1451,.T.);
#2007=ORIENTED_EDGE('',*,*,#1267,.F.);
#2008=ORIENTED_EDGE('',*,*,#1453,.F.);
#2009=ORIENTED_EDGE('',*,*,#1454,.T.);
#2010=ORIENTED_EDGE('',*,*,#1453,.T.);
#2011=ORIENTED_EDGE('',*,*,#1266,.F.);
#2012=ORIENTED_EDGE('',*,*,#1448,.F.);
#2013=ORIENTED_EDGE('',*,*,#1454,.F.);
#2014=ORIENTED_EDGE('',*,*,#1447,.T.);
#2015=ORIENTED_EDGE('',*,*,#1450,.F.);
#2016=ORIENTED_EDGE('',*,*,#1452,.F.);
#2017=ORIENTED_EDGE('',*,*,#1156,.T.);
#2018=ORIENTED_EDGE('',*,*,#1152,.F.);
#2019=ORIENTED_EDGE('',*,*,#1160,.T.);
#2020=ORIENTED_EDGE('',*,*,#1157,.F.);
#2021=ORIENTED_EDGE('',*,*,#1149,.T.);
#2022=ORIENTED_EDGE('',*,*,#1147,.F.);
#2023=ORIENTED_EDGE('',*,*,#1144,.T.);
#2024=ORIENTED_EDGE('',*,*,#1141,.F.);
#2025=ORIENTED_EDGE('',*,*,#1222,.T.);
#2026=ORIENTED_EDGE('',*,*,#1218,.F.);
#2027=ORIENTED_EDGE('',*,*,#1203,.T.);
#2028=ORIENTED_EDGE('',*,*,#1200,.F.);
#2029=ORIENTED_EDGE('',*,*,#1197,.T.);
#2030=ORIENTED_EDGE('',*,*,#1194,.F.);
#2031=ORIENTED_EDGE('',*,*,#1179,.T.);
#2032=ORIENTED_EDGE('',*,*,#1175,.F.);
#2033=ORIENTED_EDGE('',*,*,#1263,.T.);
#2034=ORIENTED_EDGE('',*,*,#1265,.F.);
#2035=ORIENTED_EDGE('',*,*,#1406,.T.);
#2036=ORIENTED_EDGE('',*,*,#1404,.F.);
#2037=ORIENTED_EDGE('',*,*,#1402,.T.);
#2038=ORIENTED_EDGE('',*,*,#1400,.F.);
#2039=ORIENTED_EDGE('',*,*,#1258,.T.);
#2040=ORIENTED_EDGE('',*,*,#1261,.F.);
#2041=ORIENTED_EDGE('',*,*,#1376,.T.);
#2042=ORIENTED_EDGE('',*,*,#1378,.F.);
#2043=ORIENTED_EDGE('',*,*,#1386,.T.);
#2044=ORIENTED_EDGE('',*,*,#1384,.F.);
#2045=ORIENTED_EDGE('',*,*,#1389,.T.);
#2046=ORIENTED_EDGE('',*,*,#1387,.F.);
#2047=ORIENTED_EDGE('',*,*,#1371,.T.);
#2048=ORIENTED_EDGE('',*,*,#1374,.F.);
#2049=ORIENTED_EDGE('',*,*,#1227,.T.);
#2050=ORIENTED_EDGE('',*,*,#1223,.F.);
#2051=ORIENTED_EDGE('',*,*,#1209,.T.);
#2052=ORIENTED_EDGE('',*,*,#1206,.F.);
#2053=ORIENTED_EDGE('',*,*,#1191,.T.);
#2054=ORIENTED_EDGE('',*,*,#1188,.F.);
#2055=ORIENTED_EDGE('',*,*,#1172,.T.);
#2056=ORIENTED_EDGE('',*,*,#1168,.F.);
#2057=ORIENTED_EDGE('',*,*,#1324,.T.);
#2058=ORIENTED_EDGE('',*,*,#1326,.F.);
#2059=ORIENTED_EDGE('',*,*,#1328,.T.);
#2060=ORIENTED_EDGE('',*,*,#1398,.F.);
#2061=ORIENTED_EDGE('',*,*,#1396,.T.);
#2062=ORIENTED_EDGE('',*,*,#1394,.F.);
#2063=ORIENTED_EDGE('',*,*,#1399,.T.);
#2064=ORIENTED_EDGE('',*,*,#1321,.F.);
#2065=ORIENTED_EDGE('',*,*,#1381,.T.);
#2066=ORIENTED_EDGE('',*,*,#1379,.F.);
#2067=ORIENTED_EDGE('',*,*,#1346,.T.);
#2068=ORIENTED_EDGE('',*,*,#1349,.F.);
#2069=ORIENTED_EDGE('',*,*,#1351,.T.);
#2070=ORIENTED_EDGE('',*,*,#1353,.F.);
#2071=ORIENTED_EDGE('',*,*,#1392,.T.);
#2072=ORIENTED_EDGE('',*,*,#1390,.F.);
#2073=ORIENTED_EDGE('',*,*,#1232,.T.);
#2074=ORIENTED_EDGE('',*,*,#1228,.F.);
#2075=ORIENTED_EDGE('',*,*,#1215,.T.);
#2076=ORIENTED_EDGE('',*,*,#1212,.F.);
#2077=ORIENTED_EDGE('',*,*,#1185,.T.);
#2078=ORIENTED_EDGE('',*,*,#1182,.F.);
#2079=ORIENTED_EDGE('',*,*,#1165,.T.);
#2080=ORIENTED_EDGE('',*,*,#1161,.F.);
#2081=ORIENTED_EDGE('',*,*,#1415,.T.);
#2082=ORIENTED_EDGE('',*,*,#1412,.F.);
#2083=ORIENTED_EDGE('',*,*,#1422,.T.);
#2084=ORIENTED_EDGE('',*,*,#1420,.F.);
#2085=ORIENTED_EDGE('',*,*,#1418,.T.);
#2086=ORIENTED_EDGE('',*,*,#1416,.F.);
#2087=ORIENTED_EDGE('',*,*,#1410,.T.);
#2088=ORIENTED_EDGE('',*,*,#1407,.F.);
#2089=ORIENTED_EDGE('',*,*,#1443,.F.);
#2090=ORIENTED_EDGE('',*,*,#1446,.T.);
#2091=ORIENTED_EDGE('',*,*,#1436,.F.);
#2092=ORIENTED_EDGE('',*,*,#1439,.F.);
#2093=ORIENTED_EDGE('',*,*,#1441,.T.);
#2094=ORIENTED_EDGE('',*,*,#1445,.F.);
#2095=ORIENTED_EDGE('',*,*,#1455,.F.);
#2096=ORIENTED_EDGE('',*,*,#1456,.T.);
#2097=ORIENTED_EDGE('',*,*,#1457,.F.);
#2098=ORIENTED_EDGE('',*,*,#1458,.F.);
#2099=ORIENTED_EDGE('',*,*,#1459,.T.);
#2100=ORIENTED_EDGE('',*,*,#1458,.T.);
#2101=ORIENTED_EDGE('',*,*,#1460,.F.);
#2102=ORIENTED_EDGE('',*,*,#1461,.F.);
#2103=ORIENTED_EDGE('',*,*,#1462,.T.);
#2104=ORIENTED_EDGE('',*,*,#1461,.T.);
#2105=ORIENTED_EDGE('',*,*,#1463,.F.);
#2106=ORIENTED_EDGE('',*,*,#1464,.F.);
#2107=ORIENTED_EDGE('',*,*,#1465,.T.);
#2108=ORIENTED_EDGE('',*,*,#1464,.T.);
#2109=ORIENTED_EDGE('',*,*,#1466,.F.);
#2110=ORIENTED_EDGE('',*,*,#1456,.F.);
#2111=ORIENTED_EDGE('',*,*,#1466,.T.);
#2112=ORIENTED_EDGE('',*,*,#1463,.T.);
#2113=ORIENTED_EDGE('',*,*,#1460,.T.);
#2114=ORIENTED_EDGE('',*,*,#1457,.T.);
#2115=ORIENTED_EDGE('',*,*,#1465,.F.);
#2116=ORIENTED_EDGE('',*,*,#1455,.T.);
#2117=ORIENTED_EDGE('',*,*,#1459,.F.);
#2118=ORIENTED_EDGE('',*,*,#1462,.F.);
#2119=B_SPLINE_SURFACE_WITH_KNOTS('',3,3,((#3227,#3228,#3229,#3230,#3231,
#3232,#3233,#3234),(#3235,#3236,#3237,#3238,#3239,#3240,#3241,#3242),(#3243,
#3244,#3245,#3246,#3247,#3248,#3249,#3250),(#3251,#3252,#3253,#3254,#3255,
#3256,#3257,#3258),(#3259,#3260,#3261,#3262,#3263,#3264,#3265,#3266)),
 .UNSPECIFIED.,.F.,.F.,.F.,(4,1,4),(4,1,1,1,1,4),(0.,0.571428571428571,
1.),(-1.67339810769663E-15,0.224399475256412,0.448798950512826,0.67319842576924,
1.12199737628207,1.5707963267949),.UNSPECIFIED.);
#2120=B_SPLINE_SURFACE_WITH_KNOTS('',3,3,((#3285,#3286,#3287,#3288,#3289,
#3290,#3291,#3292),(#3293,#3294,#3295,#3296,#3297,#3298,#3299,#3300),(#3301,
#3302,#3303,#3304,#3305,#3306,#3307,#3308),(#3309,#3310,#3311,#3312,#3313,
#3314,#3315,#3316),(#3317,#3318,#3319,#3320,#3321,#3322,#3323,#3324)),
 .UNSPECIFIED.,.F.,.F.,.F.,(4,1,4),(4,1,1,1,1,4),(0.,0.571428571428571,
1.),(-8.53652292305557E-17,0.224399475256414,0.448798950512827,0.897597901025655,
1.12199737628207,1.5707963267949),.UNSPECIFIED.);
#2121=B_SPLINE_SURFACE_WITH_KNOTS('',3,3,((#3340,#3341,#3342,#3343,#3344,
#3345,#3346,#3347),(#3348,#3349,#3350,#3351,#3352,#3353,#3354,#3355),(#3356,
#3357,#3358,#3359,#3360,#3361,#3362,#3363),(#3364,#3365,#3366,#3367,#3368,
#3369,#3370,#3371),(#3372,#3373,#3374,#3375,#3376,#3377,#3378,#3379)),
 .UNSPECIFIED.,.F.,.F.,.F.,(4,1,4),(4,1,1,1,1,4),(0.,0.571428571428571,
1.),(-1.5707963267949,-1.12199737628207,-0.897597901025655,-0.448798950512827,
-0.224399475256414,1.46278438848759E-16),.UNSPECIFIED.);
#2122=B_SPLINE_SURFACE_WITH_KNOTS('',3,3,((#3395,#3396,#3397,#3398,#3399,
#3400,#3401,#3402),(#3403,#3404,#3405,#3406,#3407,#3408,#3409,#3410),(#3411,
#3412,#3413,#3414,#3415,#3416,#3417,#3418),(#3419,#3420,#3421,#3422,#3423,
#3424,#3425,#3426),(#3427,#3428,#3429,#3430,#3431,#3432,#3433,#3434)),
 .UNSPECIFIED.,.F.,.F.,.F.,(4,1,4),(4,1,1,1,1,4),(0.,0.571428571428571,
1.),(-8.53652292305544E-17,0.224399475256414,0.448798950512827,0.897597901025655,
1.12199737628207,1.5707963267949),.UNSPECIFIED.);
#2123=B_SPLINE_SURFACE_WITH_KNOTS('',3,3,((#3940,#3941,#3942,#3943,#3944,
#3945,#3946),(#3947,#3948,#3949,#3950,#3951,#3952,#3953),(#3954,#3955,#3956,
#3957,#3958,#3959,#3960),(#3961,#3962,#3963,#3964,#3965,#3966,#3967),(#3968,
#3969,#3970,#3971,#3972,#3973,#3974)),.UNSPECIFIED.,.F.,.F.,.F.,(4,1,4),
(4,1,1,1,4),(0.,0.571428571428571,1.),(-6.00497729769273E-16,0.448798950512827,
0.673198425769241,1.12199737628207,1.5707963267949),.UNSPECIFIED.);
#2124=B_SPLINE_SURFACE_WITH_KNOTS('',3,3,((#3990,#3991,#3992,#3993,#3994,
#3995,#3996),(#3997,#3998,#3999,#4000,#4001,#4002,#4003),(#4004,#4005,#4006,
#4007,#4008,#4009,#4010),(#4011,#4012,#4013,#4014,#4015,#4016,#4017),(#4018,
#4019,#4020,#4021,#4022,#4023,#4024)),.UNSPECIFIED.,.F.,.F.,.F.,(4,1,4),
(4,1,1,1,4),(0.,0.571428571428571,1.),(-1.5707963267949,-1.12199737628207,
-0.673198425769241,-0.448798950512827,5.64691348055858E-16),
 .UNSPECIFIED.);
#2125=B_SPLINE_SURFACE_WITH_KNOTS('',3,3,((#4038,#4039,#4040,#4041,#4042,
#4043,#4044),(#4045,#4046,#4047,#4048,#4049,#4050,#4051),(#4052,#4053,#4054,
#4055,#4056,#4057,#4058),(#4059,#4060,#4061,#4062,#4063,#4064,#4065),(#4066,
#4067,#4068,#4069,#4070,#4071,#4072)),.UNSPECIFIED.,.F.,.F.,.F.,(4,1,4),
(4,1,1,1,4),(0.,0.571428571428571,1.),(-8.5857013481481E-16,0.224399475256413,
0.673198425769241,1.12199737628207,1.5707963267949),.UNSPECIFIED.);
#2126=B_SPLINE_SURFACE_WITH_KNOTS('',3,3,((#4086,#4087,#4088,#4089,#4090,
#4091,#4092),(#4093,#4094,#4095,#4096,#4097,#4098,#4099),(#4100,#4101,#4102,
#4103,#4104,#4105,#4106),(#4107,#4108,#4109,#4110,#4111,#4112,#4113),(#4114,
#4115,#4116,#4117,#4118,#4119,#4120)),.UNSPECIFIED.,.F.,.F.,.F.,(4,1,4),
(4,1,1,1,4),(0.,0.571428571428571,1.),(1.71747191591213E-16,0.448798950512828,
0.673198425769241,1.12199737628207,1.5707963267949),.UNSPECIFIED.);
#2127=ADVANCED_FACE('',(#639),#2119,.T.);
#2128=ADVANCED_FACE('',(#640),#581,.T.);
#2129=ADVANCED_FACE('',(#641),#2120,.T.);
#2130=ADVANCED_FACE('',(#642),#582,.T.);
#2131=ADVANCED_FACE('',(#643),#2121,.T.);
#2132=ADVANCED_FACE('',(#644),#583,.T.);
#2133=ADVANCED_FACE('',(#645),#2122,.T.);
#2134=ADVANCED_FACE('',(#646),#584,.T.);
#2135=ADVANCED_FACE('',(#647),#585,.F.);
#2136=ADVANCED_FACE('',(#648),#57,.F.);
#2137=ADVANCED_FACE('',(#649),#586,.F.);
#2138=ADVANCED_FACE('',(#650),#58,.F.);
#2139=ADVANCED_FACE('',(#651),#587,.F.);
#2140=ADVANCED_FACE('',(#652),#59,.F.);
#2141=ADVANCED_FACE('',(#653),#588,.F.);
#2142=ADVANCED_FACE('',(#654),#60,.F.);
#2143=ADVANCED_FACE('',(#655),#589,.F.);
#2144=ADVANCED_FACE('',(#656),#61,.F.);
#2145=ADVANCED_FACE('',(#657),#590,.F.);
#2146=ADVANCED_FACE('',(#658),#62,.F.);
#2147=ADVANCED_FACE('',(#659),#591,.F.);
#2148=ADVANCED_FACE('',(#660),#63,.F.);
#2149=ADVANCED_FACE('',(#661),#592,.F.);
#2150=ADVANCED_FACE('',(#662),#64,.F.);
#2151=ADVANCED_FACE('',(#663),#593,.F.);
#2152=ADVANCED_FACE('',(#664),#65,.F.);
#2153=ADVANCED_FACE('',(#665),#594,.F.);
#2154=ADVANCED_FACE('',(#666),#66,.F.);
#2155=ADVANCED_FACE('',(#667),#595,.F.);
#2156=ADVANCED_FACE('',(#668),#67,.F.);
#2157=ADVANCED_FACE('',(#669),#596,.F.);
#2158=ADVANCED_FACE('',(#670),#68,.F.);
#2159=ADVANCED_FACE('',(#671),#37,.T.);
#2160=ADVANCED_FACE('',(#672),#597,.T.);
#2161=ADVANCED_FACE('',(#673),#38,.T.);
#2162=ADVANCED_FACE('',(#674),#598,.T.);
#2163=ADVANCED_FACE('',(#675),#39,.T.);
#2164=ADVANCED_FACE('',(#676),#599,.T.);
#2165=ADVANCED_FACE('',(#677),#40,.T.);
#2166=ADVANCED_FACE('',(#678),#600,.T.);
#2167=ADVANCED_FACE('',(#679),#69,.F.);
#2168=ADVANCED_FACE('',(#680),#601,.F.);
#2169=ADVANCED_FACE('',(#681),#70,.F.);
#2170=ADVANCED_FACE('',(#682),#602,.F.);
#2171=ADVANCED_FACE('',(#683,#17,#18,#19,#20,#21,#22,#23,#24,#25,#26),#71,
 .T.);
#2172=ADVANCED_FACE('',(#684),#603,.T.);
#2173=ADVANCED_FACE('',(#685),#41,.T.);
#2174=ADVANCED_FACE('',(#686),#604,.T.);
#2175=ADVANCED_FACE('',(#687),#42,.T.);
#2176=ADVANCED_FACE('',(#688),#605,.T.);
#2177=ADVANCED_FACE('',(#689),#43,.T.);
#2178=ADVANCED_FACE('',(#690),#606,.T.);
#2179=ADVANCED_FACE('',(#691),#44,.T.);
#2180=ADVANCED_FACE('',(#692),#607,.F.);
#2181=ADVANCED_FACE('',(#693),#72,.F.);
#2182=ADVANCED_FACE('',(#694),#608,.F.);
#2183=ADVANCED_FACE('',(#695),#73,.F.);
#2184=ADVANCED_FACE('',(#696),#45,.T.);
#2185=ADVANCED_FACE('',(#697),#609,.T.);
#2186=ADVANCED_FACE('',(#698),#46,.T.);
#2187=ADVANCED_FACE('',(#699),#610,.T.);
#2188=ADVANCED_FACE('',(#700),#47,.T.);
#2189=ADVANCED_FACE('',(#701),#611,.T.);
#2190=ADVANCED_FACE('',(#702),#48,.T.);
#2191=ADVANCED_FACE('',(#703),#612,.T.);
#2192=ADVANCED_FACE('',(#704),#74,.F.);
#2193=ADVANCED_FACE('',(#705),#613,.F.);
#2194=ADVANCED_FACE('',(#706),#75,.F.);
#2195=ADVANCED_FACE('',(#707),#614,.F.);
#2196=ADVANCED_FACE('',(#708),#49,.T.);
#2197=ADVANCED_FACE('',(#709),#615,.T.);
#2198=ADVANCED_FACE('',(#710),#50,.T.);
#2199=ADVANCED_FACE('',(#711),#616,.T.);
#2200=ADVANCED_FACE('',(#712),#51,.T.);
#2201=ADVANCED_FACE('',(#713),#617,.T.);
#2202=ADVANCED_FACE('',(#714),#52,.T.);
#2203=ADVANCED_FACE('',(#715),#618,.T.);
#2204=ADVANCED_FACE('',(#716),#76,.F.);
#2205=ADVANCED_FACE('',(#717),#619,.F.);
#2206=ADVANCED_FACE('',(#718),#77,.F.);
#2207=ADVANCED_FACE('',(#719),#620,.F.);
#2208=ADVANCED_FACE('',(#720),#621,.F.);
#2209=ADVANCED_FACE('',(#721),#78,.F.);
#2210=ADVANCED_FACE('',(#722),#622,.F.);
#2211=ADVANCED_FACE('',(#723),#79,.F.);
#2212=ADVANCED_FACE('',(#724),#623,.F.);
#2213=ADVANCED_FACE('',(#725),#80,.F.);
#2214=ADVANCED_FACE('',(#726),#624,.F.);
#2215=ADVANCED_FACE('',(#727),#81,.F.);
#2216=ADVANCED_FACE('',(#728),#625,.F.);
#2217=ADVANCED_FACE('',(#729),#82,.F.);
#2218=ADVANCED_FACE('',(#730),#626,.F.);
#2219=ADVANCED_FACE('',(#731),#83,.F.);
#2220=ADVANCED_FACE('',(#732),#627,.F.);
#2221=ADVANCED_FACE('',(#733),#84,.F.);
#2222=ADVANCED_FACE('',(#734),#628,.F.);
#2223=ADVANCED_FACE('',(#735),#85,.F.);
#2224=ADVANCED_FACE('',(#736),#2123,.T.);
#2225=ADVANCED_FACE('',(#737),#629,.T.);
#2226=ADVANCED_FACE('',(#738),#2124,.T.);
#2227=ADVANCED_FACE('',(#739),#630,.T.);
#2228=ADVANCED_FACE('',(#740),#2125,.T.);
#2229=ADVANCED_FACE('',(#741),#631,.T.);
#2230=ADVANCED_FACE('',(#742),#2126,.T.);
#2231=ADVANCED_FACE('',(#743),#632,.T.);
#2232=ADVANCED_FACE('',(#744),#633,.T.);
#2233=ADVANCED_FACE('',(#745),#53,.T.);
#2234=ADVANCED_FACE('',(#746),#54,.T.);
#2235=ADVANCED_FACE('',(#747),#634,.T.);
#2236=ADVANCED_FACE('',(#748),#55,.T.);
#2237=ADVANCED_FACE('',(#749),#56,.T.);
#2238=ADVANCED_FACE('',(#750),#635,.F.);
#2239=ADVANCED_FACE('',(#751),#636,.F.);
#2240=ADVANCED_FACE('',(#752),#86,.F.);
#2241=ADVANCED_FACE('',(#753),#637,.F.);
#2242=ADVANCED_FACE('',(#754),#638,.F.);
#2243=ADVANCED_FACE('',(#755),#87,.F.);
#2244=ADVANCED_FACE('',(#756),#88,.T.);
#2245=ADVANCED_FACE('',(#757),#89,.T.);
#2246=ADVANCED_FACE('',(#758),#90,.T.);
#2247=ADVANCED_FACE('',(#759),#91,.T.);
#2248=ADVANCED_FACE('',(#760,#27,#28,#29,#30,#31,#32,#33,#34,#35,#36),#92,
 .F.);
#2249=ADVANCED_FACE('',(#761),#93,.T.);
#2250=ADVANCED_FACE('',(#762),#94,.T.);
#2251=ADVANCED_FACE('',(#763),#95,.T.);
#2252=ADVANCED_FACE('',(#764),#96,.T.);
#2253=ADVANCED_FACE('',(#765),#97,.T.);
#2254=ADVANCED_FACE('',(#766),#98,.F.);
#2255=CLOSED_SHELL('',(#2127,#2128,#2129,#2130,#2131,#2132,#2133,#2134,
#2135,#2136,#2137,#2138,#2139,#2140,#2141,#2142,#2143,#2144,#2145,#2146,
#2147,#2148,#2149,#2150,#2151,#2152,#2153,#2154,#2155,#2156,#2157,#2158,
#2159,#2160,#2161,#2162,#2163,#2164,#2165,#2166,#2167,#2168,#2169,#2170,
#2171,#2172,#2173,#2174,#2175,#2176,#2177,#2178,#2179,#2180,#2181,#2182,
#2183,#2184,#2185,#2186,#2187,#2188,#2189,#2190,#2191,#2192,#2193,#2194,
#2195,#2196,#2197,#2198,#2199,#2200,#2201,#2202,#2203,#2204,#2205,#2206,
#2207,#2208,#2209,#2210,#2211,#2212,#2213,#2214,#2215,#2216,#2217,#2218,
#2219,#2220,#2221,#2222,#2223,#2224,#2225,#2226,#2227,#2228,#2229,#2230,
#2231,#2232,#2233,#2234,#2235,#2236,#2237,#2238,#2239,#2240,#2241,#2242,
#2243,#2244,#2245,#2246,#2247,#2248));
#2256=CLOSED_SHELL('',(#2249,#2250,#2251,#2252,#2253,#2254));
#2257=DERIVED_UNIT_ELEMENT(#2259,1.);
#2258=DERIVED_UNIT_ELEMENT(#4228,-3.);
#2259=(
MASS_UNIT()
NAMED_UNIT(*)
SI_UNIT(.KILO.,.GRAM.)
);
#2260=DERIVED_UNIT((#2257,#2258));
#2261=MEASURE_REPRESENTATION_ITEM('density measure',
POSITIVE_RATIO_MEASURE(7850.),#2260);
#2262=PROPERTY_DEFINITION_REPRESENTATION(#2267,#2264);
#2263=PROPERTY_DEFINITION_REPRESENTATION(#2268,#2265);
#2264=REPRESENTATION('material name',(#2266),#4225);
#2265=REPRESENTATION('density',(#2261),#4225);
#2266=DESCRIPTIVE_REPRESENTATION_ITEM('Steel','Steel');
#2267=PROPERTY_DEFINITION('material property','material name',#4235);
#2268=PROPERTY_DEFINITION('material property','density of part',#4235);
#2269=AXIS2_PLACEMENT_3D('',#3226,#2528,#2529);
#2270=AXIS2_PLACEMENT_3D('',#3277,#2530,#2531);
#2271=AXIS2_PLACEMENT_3D('',#3278,#2532,#2533);
#2272=AXIS2_PLACEMENT_3D('',#3279,#2534,#2535);
#2273=AXIS2_PLACEMENT_3D('',#3283,#2537,#2538);
#2274=AXIS2_PLACEMENT_3D('',#3333,#2540,#2541);
#2275=AXIS2_PLACEMENT_3D('',#3334,#2542,#2543);
#2276=AXIS2_PLACEMENT_3D('',#3338,#2545,#2546);
#2277=AXIS2_PLACEMENT_3D('',#3390,#2548,#2549);
#2278=AXIS2_PLACEMENT_3D('',#3391,#2550,#2551);
#2279=AXIS2_PLACEMENT_3D('',#3392,#2552,#2553);
#2280=AXIS2_PLACEMENT_3D('',#3443,#2556,#2557);
#2281=AXIS2_PLACEMENT_3D('',#3444,#2558,#2559);
#2282=AXIS2_PLACEMENT_3D('',#3447,#2562,#2563);
#2283=AXIS2_PLACEMENT_3D('',#3450,#2564,#2565);
#2284=AXIS2_PLACEMENT_3D('',#3454,#2567,#2568);
#2285=AXIS2_PLACEMENT_3D('',#3456,#2570,#2571);
#2286=AXIS2_PLACEMENT_3D('',#3462,#2575,#2576);
#2287=AXIS2_PLACEMENT_3D('',#3465,#2577,#2578);
#2288=AXIS2_PLACEMENT_3D('',#3469,#2580,#2581);
#2289=AXIS2_PLACEMENT_3D('',#3471,#2583,#2584);
#2290=AXIS2_PLACEMENT_3D('',#3477,#2588,#2589);
#2291=AXIS2_PLACEMENT_3D('',#3480,#2590,#2591);
#2292=AXIS2_PLACEMENT_3D('',#3484,#2593,#2594);
#2293=AXIS2_PLACEMENT_3D('',#3486,#2596,#2597);
#2294=AXIS2_PLACEMENT_3D('',#3492,#2601,#2602);
#2295=AXIS2_PLACEMENT_3D('',#3494,#2603,#2604);
#2296=AXIS2_PLACEMENT_3D('',#3497,#2606,#2607);
#2297=AXIS2_PLACEMENT_3D('',#3498,#2608,#2609);
#2298=AXIS2_PLACEMENT_3D('',#3504,#2613,#2614);
#2299=AXIS2_PLACEMENT_3D('',#3506,#2615,#2616);
#2300=AXIS2_PLACEMENT_3D('',#3509,#2618,#2619);
#2301=AXIS2_PLACEMENT_3D('',#3510,#2620,#2621);
#2302=AXIS2_PLACEMENT_3D('',#3516,#2625,#2626);
#2303=AXIS2_PLACEMENT_3D('',#3518,#2627,#2628);
#2304=AXIS2_PLACEMENT_3D('',#3521,#2630,#2631);
#2305=AXIS2_PLACEMENT_3D('',#3522,#2632,#2633);
#2306=AXIS2_PLACEMENT_3D('',#3528,#2637,#2638);
#2307=AXIS2_PLACEMENT_3D('',#3530,#2639,#2640);
#2308=AXIS2_PLACEMENT_3D('',#3533,#2642,#2643);
#2309=AXIS2_PLACEMENT_3D('',#3534,#2644,#2645);
#2310=AXIS2_PLACEMENT_3D('',#3540,#2649,#2650);
#2311=AXIS2_PLACEMENT_3D('',#3542,#2651,#2652);
#2312=AXIS2_PLACEMENT_3D('',#3545,#2654,#2655);
#2313=AXIS2_PLACEMENT_3D('',#3546,#2656,#2657);
#2314=AXIS2_PLACEMENT_3D('',#3552,#2661,#2662);
#2315=AXIS2_PLACEMENT_3D('',#3554,#2663,#2664);
#2316=AXIS2_PLACEMENT_3D('',#3557,#2666,#2667);
#2317=AXIS2_PLACEMENT_3D('',#3558,#2668,#2669);
#2318=AXIS2_PLACEMENT_3D('',#3564,#2673,#2674);
#2319=AXIS2_PLACEMENT_3D('',#3566,#2675,#2676);
#2320=AXIS2_PLACEMENT_3D('',#3569,#2678,#2679);
#2321=AXIS2_PLACEMENT_3D('',#3570,#2680,#2681);
#2322=AXIS2_PLACEMENT_3D('',#3573,#2684,#2685);
#2323=AXIS2_PLACEMENT_3D('',#3575,#2686,#2687);
#2324=AXIS2_PLACEMENT_3D('',#3578,#2689,#2690);
#2325=AXIS2_PLACEMENT_3D('',#3579,#2691,#2692);
#2326=AXIS2_PLACEMENT_3D('',#3582,#2695,#2696);
#2327=AXIS2_PLACEMENT_3D('',#3584,#2697,#2698);
#2328=AXIS2_PLACEMENT_3D('',#3587,#2700,#2701);
#2329=AXIS2_PLACEMENT_3D('',#3588,#2702,#2703);
#2330=AXIS2_PLACEMENT_3D('',#3591,#2706,#2707);
#2331=AXIS2_PLACEMENT_3D('',#3594,#2708,#2709);
#2332=AXIS2_PLACEMENT_3D('',#3596,#2710,#2711);
#2333=AXIS2_PLACEMENT_3D('',#3598,#2712,#2713);
#2334=AXIS2_PLACEMENT_3D('',#3599,#2714,#2715);
#2335=AXIS2_PLACEMENT_3D('',#3600,#2716,#2717);
#2336=AXIS2_PLACEMENT_3D('',#3603,#2718,#2719);
#2337=AXIS2_PLACEMENT_3D('',#3606,#2722,#2723);
#2338=AXIS2_PLACEMENT_3D('',#3609,#2724,#2725);
#2339=AXIS2_PLACEMENT_3D('',#3610,#2726,#2727);
#2340=AXIS2_PLACEMENT_3D('',#3611,#2728,#2729);
#2341=AXIS2_PLACEMENT_3D('',#3612,#2730,#2731);
#2342=AXIS2_PLACEMENT_3D('',#3615,#2732,#2733);
#2343=AXIS2_PLACEMENT_3D('',#3618,#2736,#2737);
#2344=AXIS2_PLACEMENT_3D('',#3621,#2738,#2739);
#2345=AXIS2_PLACEMENT_3D('',#3622,#2740,#2741);
#2346=AXIS2_PLACEMENT_3D('',#3623,#2742,#2743);
#2347=AXIS2_PLACEMENT_3D('',#3624,#2744,#2745);
#2348=AXIS2_PLACEMENT_3D('',#3627,#2746,#2747);
#2349=AXIS2_PLACEMENT_3D('',#3630,#2750,#2751);
#2350=AXIS2_PLACEMENT_3D('',#3633,#2752,#2753);
#2351=AXIS2_PLACEMENT_3D('',#3634,#2754,#2755);
#2352=AXIS2_PLACEMENT_3D('',#3635,#2756,#2757);
#2353=AXIS2_PLACEMENT_3D('',#3636,#2758,#2759);
#2354=AXIS2_PLACEMENT_3D('',#3639,#2762,#2763);
#2355=AXIS2_PLACEMENT_3D('',#3645,#2767,#2768);
#2356=AXIS2_PLACEMENT_3D('',#3648,#2770,#2771);
#2357=AXIS2_PLACEMENT_3D('',#3649,#2772,#2773);
#2358=AXIS2_PLACEMENT_3D('',#3653,#2776,#2777);
#2359=AXIS2_PLACEMENT_3D('',#3656,#2779,#2780);
#2360=AXIS2_PLACEMENT_3D('',#3657,#2781,#2782);
#2361=AXIS2_PLACEMENT_3D('',#3670,#2788,#2789);
#2362=AXIS2_PLACEMENT_3D('',#3674,#2791,#2792);
#2363=AXIS2_PLACEMENT_3D('',#3678,#2794,#2795);
#2364=AXIS2_PLACEMENT_3D('',#3681,#2797,#2798);
#2365=AXIS2_PLACEMENT_3D('',#3684,#2799,#2800);
#2366=AXIS2_PLACEMENT_3D('',#3688,#2802,#2803);
#2367=AXIS2_PLACEMENT_3D('',#3692,#2805,#2806);
#2368=AXIS2_PLACEMENT_3D('',#3696,#2808,#2809);
#2369=AXIS2_PLACEMENT_3D('',#3702,#2812,#2813);
#2370=AXIS2_PLACEMENT_3D('',#3704,#2814,#2815);
#2371=AXIS2_PLACEMENT_3D('',#3708,#2817,#2818);
#2372=AXIS2_PLACEMENT_3D('',#3709,#2819,#2820);
#2373=AXIS2_PLACEMENT_3D('',#3720,#2825,#2826);
#2374=AXIS2_PLACEMENT_3D('',#3724,#2828,#2829);
#2375=AXIS2_PLACEMENT_3D('',#3728,#2831,#2832);
#2376=AXIS2_PLACEMENT_3D('',#3732,#2834,#2835);
#2377=AXIS2_PLACEMENT_3D('',#3734,#2837,#2838);
#2378=AXIS2_PLACEMENT_3D('',#3736,#2839,#2840);
#2379=AXIS2_PLACEMENT_3D('',#3739,#2842,#2843);
#2380=AXIS2_PLACEMENT_3D('',#3740,#2844,#2845);
#2381=AXIS2_PLACEMENT_3D('',#3742,#2846,#2847);
#2382=AXIS2_PLACEMENT_3D('',#3743,#2848,#2849);
#2383=AXIS2_PLACEMENT_3D('',#3744,#2850,#2851);
#2384=AXIS2_PLACEMENT_3D('',#3746,#2852,#2853);
#2385=AXIS2_PLACEMENT_3D('',#3748,#2855,#2856);
#2386=AXIS2_PLACEMENT_3D('',#3750,#2857,#2858);
#2387=AXIS2_PLACEMENT_3D('',#3751,#2859,#2860);
#2388=AXIS2_PLACEMENT_3D('',#3752,#2861,#2862);
#2389=AXIS2_PLACEMENT_3D('',#3754,#2863,#2864);
#2390=AXIS2_PLACEMENT_3D('',#3756,#2866,#2867);
#2391=AXIS2_PLACEMENT_3D('',#3758,#2868,#2869);
#2392=AXIS2_PLACEMENT_3D('',#3759,#2870,#2871);
#2393=AXIS2_PLACEMENT_3D('',#3760,#2872,#2873);
#2394=AXIS2_PLACEMENT_3D('',#3762,#2874,#2875);
#2395=AXIS2_PLACEMENT_3D('',#3764,#2877,#2878);
#2396=AXIS2_PLACEMENT_3D('',#3765,#2879,#2880);
#2397=AXIS2_PLACEMENT_3D('',#3766,#2881,#2882);
#2398=AXIS2_PLACEMENT_3D('',#3770,#2884,#2885);
#2399=AXIS2_PLACEMENT_3D('',#3772,#2887,#2888);
#2400=AXIS2_PLACEMENT_3D('',#3776,#2891,#2892);
#2401=AXIS2_PLACEMENT_3D('',#3779,#2894,#2895);
#2402=AXIS2_PLACEMENT_3D('',#3780,#2896,#2897);
#2403=AXIS2_PLACEMENT_3D('',#3784,#2900,#2901);
#2404=AXIS2_PLACEMENT_3D('',#3786,#2902,#2903);
#2405=AXIS2_PLACEMENT_3D('',#3788,#2904,#2905);
#2406=AXIS2_PLACEMENT_3D('',#3789,#2906,#2907);
#2407=AXIS2_PLACEMENT_3D('',#3790,#2908,#2909);
#2408=AXIS2_PLACEMENT_3D('',#3792,#2910,#2911);
#2409=AXIS2_PLACEMENT_3D('',#3794,#2913,#2914);
#2410=AXIS2_PLACEMENT_3D('',#3796,#2915,#2916);
#2411=AXIS2_PLACEMENT_3D('',#3797,#2917,#2918);
#2412=AXIS2_PLACEMENT_3D('',#3798,#2919,#2920);
#2413=AXIS2_PLACEMENT_3D('',#3800,#2921,#2922);
#2414=AXIS2_PLACEMENT_3D('',#3802,#2924,#2925);
#2415=AXIS2_PLACEMENT_3D('',#3804,#2926,#2927);
#2416=AXIS2_PLACEMENT_3D('',#3805,#2928,#2929);
#2417=AXIS2_PLACEMENT_3D('',#3806,#2930,#2931);
#2418=AXIS2_PLACEMENT_3D('',#3808,#2932,#2933);
#2419=AXIS2_PLACEMENT_3D('',#3810,#2935,#2936);
#2420=AXIS2_PLACEMENT_3D('',#3812,#2937,#2938);
#2421=AXIS2_PLACEMENT_3D('',#3813,#2939,#2940);
#2422=AXIS2_PLACEMENT_3D('',#3814,#2941,#2942);
#2423=AXIS2_PLACEMENT_3D('',#3816,#2944,#2945);
#2424=AXIS2_PLACEMENT_3D('',#3822,#2949,#2950);
#2425=AXIS2_PLACEMENT_3D('',#3825,#2952,#2953);
#2426=AXIS2_PLACEMENT_3D('',#3826,#2954,#2955);
#2427=AXIS2_PLACEMENT_3D('',#3830,#2958,#2959);
#2428=AXIS2_PLACEMENT_3D('',#3833,#2961,#2962);
#2429=AXIS2_PLACEMENT_3D('',#3834,#2963,#2964);
#2430=AXIS2_PLACEMENT_3D('',#3836,#2965,#2966);
#2431=AXIS2_PLACEMENT_3D('',#3838,#2967,#2968);
#2432=AXIS2_PLACEMENT_3D('',#3839,#2969,#2970);
#2433=AXIS2_PLACEMENT_3D('',#3840,#2971,#2972);
#2434=AXIS2_PLACEMENT_3D('',#3842,#2973,#2974);
#2435=AXIS2_PLACEMENT_3D('',#3844,#2976,#2977);
#2436=AXIS2_PLACEMENT_3D('',#3846,#2978,#2979);
#2437=AXIS2_PLACEMENT_3D('',#3847,#2980,#2981);
#2438=AXIS2_PLACEMENT_3D('',#3848,#2982,#2983);
#2439=AXIS2_PLACEMENT_3D('',#3850,#2984,#2985);
#2440=AXIS2_PLACEMENT_3D('',#3852,#2987,#2988);
#2441=AXIS2_PLACEMENT_3D('',#3854,#2989,#2990);
#2442=AXIS2_PLACEMENT_3D('',#3855,#2991,#2992);
#2443=AXIS2_PLACEMENT_3D('',#3856,#2993,#2994);
#2444=AXIS2_PLACEMENT_3D('',#3858,#2995,#2996);
#2445=AXIS2_PLACEMENT_3D('',#3860,#2998,#2999);
#2446=AXIS2_PLACEMENT_3D('',#3862,#3000,#3001);
#2447=AXIS2_PLACEMENT_3D('',#3863,#3002,#3003);
#2448=AXIS2_PLACEMENT_3D('',#3864,#3004,#3005);
#2449=AXIS2_PLACEMENT_3D('',#3866,#3007,#3008);
#2450=AXIS2_PLACEMENT_3D('',#3872,#3012,#3013);
#2451=AXIS2_PLACEMENT_3D('',#3875,#3015,#3016);
#2452=AXIS2_PLACEMENT_3D('',#3876,#3017,#3018);
#2453=AXIS2_PLACEMENT_3D('',#3880,#3021,#3022);
#2454=AXIS2_PLACEMENT_3D('',#3883,#3024,#3025);
#2455=AXIS2_PLACEMENT_3D('',#3884,#3026,#3027);
#2456=AXIS2_PLACEMENT_3D('',#3886,#3028,#3029);
#2457=AXIS2_PLACEMENT_3D('',#3888,#3031,#3032);
#2458=AXIS2_PLACEMENT_3D('',#3892,#3035,#3036);
#2459=AXIS2_PLACEMENT_3D('',#3896,#3038,#3039);
#2460=AXIS2_PLACEMENT_3D('',#3898,#3041,#3042);
#2461=AXIS2_PLACEMENT_3D('',#3900,#3044,#3045);
#2462=AXIS2_PLACEMENT_3D('',#3902,#3046,#3047);
#2463=AXIS2_PLACEMENT_3D('',#3904,#3049,#3050);
#2464=AXIS2_PLACEMENT_3D('',#3906,#3052,#3053);
#2465=AXIS2_PLACEMENT_3D('',#3908,#3054,#3055);
#2466=AXIS2_PLACEMENT_3D('',#3910,#3057,#3058);
#2467=AXIS2_PLACEMENT_3D('',#3912,#3060,#3061);
#2468=AXIS2_PLACEMENT_3D('',#3916,#3063,#3064);
#2469=AXIS2_PLACEMENT_3D('',#3918,#3066,#3067);
#2470=AXIS2_PLACEMENT_3D('',#3922,#3070,#3071);
#2471=AXIS2_PLACEMENT_3D('',#3923,#3072,#3073);
#2472=AXIS2_PLACEMENT_3D('',#3924,#3074,#3075);
#2473=AXIS2_PLACEMENT_3D('',#3926,#3077,#3078);
#2474=AXIS2_PLACEMENT_3D('',#3928,#3079,#3080);
#2475=AXIS2_PLACEMENT_3D('',#3930,#3082,#3083);
#2476=AXIS2_PLACEMENT_3D('',#3934,#3086,#3087);
#2477=AXIS2_PLACEMENT_3D('',#3936,#3088,#3089);
#2478=AXIS2_PLACEMENT_3D('',#3938,#3091,#3092);
#2479=AXIS2_PLACEMENT_3D('',#3984,#3094,#3095);
#2480=AXIS2_PLACEMENT_3D('',#3985,#3096,#3097);
#2481=AXIS2_PLACEMENT_3D('',#3986,#3098,#3099);
#2482=AXIS2_PLACEMENT_3D('',#3989,#3101,#3102);
#2483=AXIS2_PLACEMENT_3D('',#4034,#3103,#3104);
#2484=AXIS2_PLACEMENT_3D('',#4035,#3105,#3106);
#2485=AXIS2_PLACEMENT_3D('',#4036,#3107,#3108);
#2486=AXIS2_PLACEMENT_3D('',#4081,#3110,#3111);
#2487=AXIS2_PLACEMENT_3D('',#4082,#3112,#3113);
#2488=AXIS2_PLACEMENT_3D('',#4085,#3115,#3116);
#2489=AXIS2_PLACEMENT_3D('',#4129,#3117,#3118);
#2490=AXIS2_PLACEMENT_3D('',#4130,#3119,#3120);
#2491=AXIS2_PLACEMENT_3D('',#4132,#3122,#3123);
#2492=AXIS2_PLACEMENT_3D('',#4134,#3124,#3125);
#2493=AXIS2_PLACEMENT_3D('',#4137,#3127,#3128);
#2494=AXIS2_PLACEMENT_3D('',#4138,#3129,#3130);
#2495=AXIS2_PLACEMENT_3D('',#4140,#3131,#3132);
#2496=AXIS2_PLACEMENT_3D('',#4141,#3133,#3134);
#2497=AXIS2_PLACEMENT_3D('',#4142,#3135,#3136);
#2498=AXIS2_PLACEMENT_3D('',#4144,#3137,#3138);
#2499=AXIS2_PLACEMENT_3D('',#4145,#3139,#3140);
#2500=AXIS2_PLACEMENT_3D('',#4146,#3141,#3142);
#2501=AXIS2_PLACEMENT_3D('',#4148,#3143,#3144);
#2502=AXIS2_PLACEMENT_3D('',#4150,#3146,#3147);
#2503=AXIS2_PLACEMENT_3D('',#4152,#3148,#3149);
#2504=AXIS2_PLACEMENT_3D('',#4153,#3150,#3151);
#2505=AXIS2_PLACEMENT_3D('',#4154,#3152,#3153);
#2506=AXIS2_PLACEMENT_3D('',#4155,#3154,#3155);
#2507=AXIS2_PLACEMENT_3D('',#4156,#3156,#3157);
#2508=AXIS2_PLACEMENT_3D('',#4160,#3159,#3160);
#2509=AXIS2_PLACEMENT_3D('',#4162,#3162,#3163);
#2510=AXIS2_PLACEMENT_3D('',#4165,#3165,#3166);
#2511=AXIS2_PLACEMENT_3D('',#4166,#3167,#3168);
#2512=AXIS2_PLACEMENT_3D('',#4170,#3171,#3172);
#2513=AXIS2_PLACEMENT_3D('',#4174,#3174,#3175);
#2514=AXIS2_PLACEMENT_3D('',#4176,#3177,#3178);
#2515=AXIS2_PLACEMENT_3D('',#4177,#3179,#3180);
#2516=AXIS2_PLACEMENT_3D('',#4178,#3181,#3182);
#2517=AXIS2_PLACEMENT_3D('',#4180,#3184,#3185);
#2518=AXIS2_PLACEMENT_3D('',#4186,#3189,#3190);
#2519=AXIS2_PLACEMENT_3D('',#4190,#3193,#3194);
#2520=AXIS2_PLACEMENT_3D('',#4194,#3197,#3198);
#2521=AXIS2_PLACEMENT_3D('',#4196,#3200,#3201);
#2522=AXIS2_PLACEMENT_3D('',#4197,#3202,#3203);
#2523=AXIS2_PLACEMENT_3D('',#4206,#3208,#3209);
#2524=AXIS2_PLACEMENT_3D('',#4212,#3213,#3214);
#2525=AXIS2_PLACEMENT_3D('',#4218,#3218,#3219);
#2526=AXIS2_PLACEMENT_3D('',#4221,#3222,#3223);
#2527=AXIS2_PLACEMENT_3D('',#4222,#3224,#3225);
#2528=DIRECTION('axis',(0.,0.,1.));
#2529=DIRECTION('refdir',(1.,0.,0.));
#2530=DIRECTION('center_axis',(-0.31622776601684,-0.948683298050513,-8.42600032458408E-15));
#2531=DIRECTION('ref_axis',(0.948683298050513,-0.31622776601684,5.8513891142945E-17));
#2532=DIRECTION('center_axis',(0.948683298050514,0.316227766016838,0.));
#2533=DIRECTION('ref_axis',(0.316227766016838,-0.948683298050514,5.85138911429451E-17));
#2534=DIRECTION('center_axis',(1.,0.,0.));
#2535=DIRECTION('ref_axis',(0.,-0.707106781186546,0.707106781186549));
#2536=DIRECTION('',(-1.,0.,0.));
#2537=DIRECTION('center_axis',(0.316227766016839,-0.948683298050513,-8.42600032458408E-15));
#2538=DIRECTION('ref_axis',(-0.948683298050513,-0.316227766016839,-5.8513891142945E-17));
#2539=DIRECTION('',(-1.,0.,0.));
#2540=DIRECTION('center_axis',(-0.948683298050514,0.316227766016838,2.80866677486136E-15));
#2541=DIRECTION('ref_axis',(-0.316227766016838,-0.948683298050514,-5.8513891142945E-17));
#2542=DIRECTION('center_axis',(0.,-1.,0.));
#2543=DIRECTION('ref_axis',(-0.707106781186546,0.,0.707106781186549));
#2544=DIRECTION('',(0.,1.,0.));
#2545=DIRECTION('center_axis',(-0.948683298050514,-0.316227766016838,0.));
#2546=DIRECTION('ref_axis',(-0.316227766016838,0.948683298050514,-5.8513891142945E-17));
#2547=DIRECTION('',(0.,1.,0.));
#2548=DIRECTION('center_axis',(0.948683298050514,-0.316227766016838,0.));
#2549=DIRECTION('ref_axis',(0.316227766016838,0.948683298050514,0.));
#2550=DIRECTION('center_axis',(-0.316227766016838,0.948683298050514,-2.10650008114602E-15));
#2551=DIRECTION('ref_axis',(0.948683298050514,0.316227766016838,0.));
#2552=DIRECTION('center_axis',(0.,1.,0.));
#2553=DIRECTION('ref_axis',(0.707106781186549,0.,0.707106781186546));
#2554=DIRECTION('',(0.,-1.,0.));
#2555=DIRECTION('',(0.,-1.,0.));
#2556=DIRECTION('center_axis',(0.316227766016838,0.948683298050514,0.));
#2557=DIRECTION('ref_axis',(-0.948683298050514,0.316227766016838,-5.8513891142945E-17));
#2558=DIRECTION('center_axis',(-1.,0.,0.));
#2559=DIRECTION('ref_axis',(0.,0.707106781186548,0.707106781186547));
#2560=DIRECTION('',(1.,0.,0.));
#2561=DIRECTION('',(1.,0.,0.));
#2562=DIRECTION('center_axis',(0.,0.,1.));
#2563=DIRECTION('ref_axis',(0.707106781186555,0.70710678118654,0.));
#2564=DIRECTION('center_axis',(0.,0.,-1.));
#2565=DIRECTION('ref_axis',(0.707106781186555,0.70710678118654,0.));
#2566=DIRECTION('',(0.,0.,1.));
#2567=DIRECTION('center_axis',(0.,0.,1.));
#2568=DIRECTION('ref_axis',(0.707106781186555,0.70710678118654,0.));
#2569=DIRECTION('',(0.,0.,-1.));
#2570=DIRECTION('center_axis',(1.,0.,0.));
#2571=DIRECTION('ref_axis',(0.,1.,0.));
#2572=DIRECTION('',(0.,1.,0.));
#2573=DIRECTION('',(0.,0.,-1.));
#2574=DIRECTION('',(0.,-1.,0.));
#2575=DIRECTION('center_axis',(0.,0.,1.));
#2576=DIRECTION('ref_axis',(0.707106781186555,0.70710678118654,0.));
#2577=DIRECTION('center_axis',(0.,0.,-1.));
#2578=DIRECTION('ref_axis',(0.707106781186555,0.70710678118654,0.));
#2579=DIRECTION('',(0.,0.,1.));
#2580=DIRECTION('center_axis',(0.,0.,1.));
#2581=DIRECTION('ref_axis',(0.707106781186555,0.70710678118654,0.));
#2582=DIRECTION('',(0.,0.,-1.));
#2583=DIRECTION('center_axis',(1.,0.,0.));
#2584=DIRECTION('ref_axis',(0.,1.,0.));
#2585=DIRECTION('',(0.,1.,0.));
#2586=DIRECTION('',(0.,0.,-1.));
#2587=DIRECTION('',(0.,-1.,0.));
#2588=DIRECTION('center_axis',(0.,0.,1.));
#2589=DIRECTION('ref_axis',(0.707106781186555,0.70710678118654,0.));
#2590=DIRECTION('center_axis',(0.,0.,-1.));
#2591=DIRECTION('ref_axis',(0.707106781186555,0.70710678118654,0.));
#2592=DIRECTION('',(0.,0.,1.));
#2593=DIRECTION('center_axis',(0.,0.,1.));
#2594=DIRECTION('ref_axis',(0.707106781186555,0.70710678118654,0.));
#2595=DIRECTION('',(0.,0.,-1.));
#2596=DIRECTION('center_axis',(1.,0.,0.));
#2597=DIRECTION('ref_axis',(0.,1.,0.));
#2598=DIRECTION('',(0.,1.,0.));
#2599=DIRECTION('',(0.,0.,-1.));
#2600=DIRECTION('',(0.,-1.,0.));
#2601=DIRECTION('center_axis',(0.,0.,1.));
#2602=DIRECTION('ref_axis',(0.707106781186555,-0.70710678118654,0.));
#2603=DIRECTION('center_axis',(0.,0.,-1.));
#2604=DIRECTION('ref_axis',(0.707106781186555,-0.70710678118654,0.));
#2605=DIRECTION('',(0.,0.,1.));
#2606=DIRECTION('center_axis',(0.,0.,1.));
#2607=DIRECTION('ref_axis',(0.707106781186555,-0.70710678118654,0.));
#2608=DIRECTION('center_axis',(0.,-1.,0.));
#2609=DIRECTION('ref_axis',(1.,0.,0.));
#2610=DIRECTION('',(1.,0.,0.));
#2611=DIRECTION('',(0.,0.,-1.));
#2612=DIRECTION('',(-1.,0.,0.));
#2613=DIRECTION('center_axis',(0.,0.,1.));
#2614=DIRECTION('ref_axis',(0.707106781186555,-0.70710678118654,0.));
#2615=DIRECTION('center_axis',(0.,0.,-1.));
#2616=DIRECTION('ref_axis',(0.707106781186555,-0.70710678118654,0.));
#2617=DIRECTION('',(0.,0.,1.));
#2618=DIRECTION('center_axis',(0.,0.,1.));
#2619=DIRECTION('ref_axis',(0.707106781186555,-0.70710678118654,0.));
#2620=DIRECTION('center_axis',(0.,-1.,0.));
#2621=DIRECTION('ref_axis',(1.,0.,0.));
#2622=DIRECTION('',(1.,0.,0.));
#2623=DIRECTION('',(0.,0.,-1.));
#2624=DIRECTION('',(-1.,0.,0.));
#2625=DIRECTION('center_axis',(0.,0.,1.));
#2626=DIRECTION('ref_axis',(0.707106781186555,-0.70710678118654,0.));
#2627=DIRECTION('center_axis',(0.,0.,-1.));
#2628=DIRECTION('ref_axis',(0.707106781186555,-0.70710678118654,0.));
#2629=DIRECTION('',(0.,0.,1.));
#2630=DIRECTION('center_axis',(0.,0.,1.));
#2631=DIRECTION('ref_axis',(0.707106781186555,-0.70710678118654,0.));
#2632=DIRECTION('center_axis',(0.,-1.,0.));
#2633=DIRECTION('ref_axis',(1.,0.,0.));
#2634=DIRECTION('',(1.,0.,0.));
#2635=DIRECTION('',(0.,0.,-1.));
#2636=DIRECTION('',(-1.,0.,0.));
#2637=DIRECTION('center_axis',(0.,0.,1.));
#2638=DIRECTION('ref_axis',(-0.707106781186555,-0.70710678118654,0.));
#2639=DIRECTION('center_axis',(0.,0.,-1.));
#2640=DIRECTION('ref_axis',(-0.707106781186555,-0.70710678118654,0.));
#2641=DIRECTION('',(0.,0.,1.));
#2642=DIRECTION('center_axis',(0.,0.,1.));
#2643=DIRECTION('ref_axis',(-0.707106781186555,-0.70710678118654,0.));
#2644=DIRECTION('center_axis',(-1.,0.,0.));
#2645=DIRECTION('ref_axis',(0.,-1.,0.));
#2646=DIRECTION('',(0.,-1.,0.));
#2647=DIRECTION('',(0.,0.,-1.));
#2648=DIRECTION('',(0.,1.,0.));
#2649=DIRECTION('center_axis',(0.,0.,1.));
#2650=DIRECTION('ref_axis',(-0.707106781186555,-0.70710678118654,0.));
#2651=DIRECTION('center_axis',(0.,0.,-1.));
#2652=DIRECTION('ref_axis',(-0.707106781186555,-0.70710678118654,0.));
#2653=DIRECTION('',(0.,0.,1.));
#2654=DIRECTION('center_axis',(0.,0.,1.));
#2655=DIRECTION('ref_axis',(-0.707106781186555,-0.70710678118654,0.));
#2656=DIRECTION('center_axis',(-1.,0.,0.));
#2657=DIRECTION('ref_axis',(0.,-1.,0.));
#2658=DIRECTION('',(0.,-1.,0.));
#2659=DIRECTION('',(0.,0.,-1.));
#2660=DIRECTION('',(0.,1.,0.));
#2661=DIRECTION('center_axis',(0.,0.,1.));
#2662=DIRECTION('ref_axis',(-0.707106781186555,-0.70710678118654,0.));
#2663=DIRECTION('center_axis',(0.,0.,-1.));
#2664=DIRECTION('ref_axis',(-0.707106781186555,-0.70710678118654,0.));
#2665=DIRECTION('',(0.,0.,1.));
#2666=DIRECTION('center_axis',(0.,0.,1.));
#2667=DIRECTION('ref_axis',(-0.707106781186555,-0.70710678118654,0.));
#2668=DIRECTION('center_axis',(-1.,0.,0.));
#2669=DIRECTION('ref_axis',(0.,-1.,0.));
#2670=DIRECTION('',(0.,-1.,0.));
#2671=DIRECTION('',(0.,0.,-1.));
#2672=DIRECTION('',(0.,1.,0.));
#2673=DIRECTION('center_axis',(0.,0.,1.));
#2674=DIRECTION('ref_axis',(-0.707106781186555,0.70710678118654,0.));
#2675=DIRECTION('center_axis',(0.,0.,-1.));
#2676=DIRECTION('ref_axis',(-0.707106781186555,0.70710678118654,0.));
#2677=DIRECTION('',(0.,0.,1.));
#2678=DIRECTION('center_axis',(0.,0.,1.));
#2679=DIRECTION('ref_axis',(-0.707106781186555,0.70710678118654,0.));
#2680=DIRECTION('center_axis',(0.,1.,0.));
#2681=DIRECTION('ref_axis',(-1.,0.,0.));
#2682=DIRECTION('',(1.,0.,0.));
#2683=DIRECTION('',(-1.,0.,0.));
#2684=DIRECTION('center_axis',(0.,0.,1.));
#2685=DIRECTION('ref_axis',(-0.707106781186555,0.70710678118654,0.));
#2686=DIRECTION('center_axis',(0.,0.,-1.));
#2687=DIRECTION('ref_axis',(-0.707106781186555,0.70710678118654,0.));
#2688=DIRECTION('',(0.,0.,1.));
#2689=DIRECTION('center_axis',(0.,0.,1.));
#2690=DIRECTION('ref_axis',(-0.707106781186555,0.70710678118654,0.));
#2691=DIRECTION('center_axis',(0.,1.,0.));
#2692=DIRECTION('ref_axis',(-1.,0.,0.));
#2693=DIRECTION('',(1.,0.,0.));
#2694=DIRECTION('',(-1.,0.,0.));
#2695=DIRECTION('center_axis',(0.,0.,1.));
#2696=DIRECTION('ref_axis',(-0.707106781186555,0.70710678118654,0.));
#2697=DIRECTION('center_axis',(0.,0.,-1.));
#2698=DIRECTION('ref_axis',(-0.707106781186555,0.70710678118654,0.));
#2699=DIRECTION('',(0.,0.,1.));
#2700=DIRECTION('center_axis',(0.,0.,1.));
#2701=DIRECTION('ref_axis',(-0.707106781186555,0.70710678118654,0.));
#2702=DIRECTION('center_axis',(0.,1.,0.));
#2703=DIRECTION('ref_axis',(-1.,0.,0.));
#2704=DIRECTION('',(1.,0.,0.));
#2705=DIRECTION('',(-1.,0.,0.));
#2706=DIRECTION('center_axis',(0.,0.,1.));
#2707=DIRECTION('ref_axis',(1.,0.,0.));
#2708=DIRECTION('center_axis',(-1.,0.,0.));
#2709=DIRECTION('ref_axis',(0.,-1.,0.));
#2710=DIRECTION('center_axis',(0.,0.,1.));
#2711=DIRECTION('ref_axis',(-0.707106781186549,0.707106781186546,0.));
#2712=DIRECTION('center_axis',(0.,1.,0.));
#2713=DIRECTION('ref_axis',(0.,0.,1.));
#2714=DIRECTION('center_axis',(0.,0.,-1.));
#2715=DIRECTION('ref_axis',(-0.707106781186549,0.707106781186546,0.));
#2716=DIRECTION('center_axis',(0.,1.,0.));
#2717=DIRECTION('ref_axis',(0.707106781186546,0.,0.707106781186549));
#2718=DIRECTION('center_axis',(0.,1.,0.));
#2719=DIRECTION('ref_axis',(0.,0.,1.));
#2720=DIRECTION('',(0.,1.,0.));
#2721=DIRECTION('',(0.,-1.,0.));
#2722=DIRECTION('center_axis',(0.,0.,1.));
#2723=DIRECTION('ref_axis',(1.,0.,0.));
#2724=DIRECTION('center_axis',(-1.,0.,0.));
#2725=DIRECTION('ref_axis',(0.,0.,1.));
#2726=DIRECTION('center_axis',(0.,0.,-1.));
#2727=DIRECTION('ref_axis',(-0.707106781186548,-0.707106781186548,0.));
#2728=DIRECTION('center_axis',(0.,0.,1.));
#2729=DIRECTION('ref_axis',(-0.707106781186548,-0.707106781186548,0.));
#2730=DIRECTION('center_axis',(-1.,0.,0.));
#2731=DIRECTION('ref_axis',(0.,0.70710678118654,0.707106781186555));
#2732=DIRECTION('center_axis',(-1.,0.,0.));
#2733=DIRECTION('ref_axis',(0.,0.,1.));
#2734=DIRECTION('',(-1.,0.,0.));
#2735=DIRECTION('',(1.,0.,0.));
#2736=DIRECTION('center_axis',(0.,0.,1.));
#2737=DIRECTION('ref_axis',(1.,0.,0.));
#2738=DIRECTION('center_axis',(0.,-1.,0.));
#2739=DIRECTION('ref_axis',(0.,0.,1.));
#2740=DIRECTION('center_axis',(0.,0.,-1.));
#2741=DIRECTION('ref_axis',(0.707106781186548,-0.707106781186548,0.));
#2742=DIRECTION('center_axis',(0.,0.,1.));
#2743=DIRECTION('ref_axis',(0.707106781186548,-0.707106781186548,0.));
#2744=DIRECTION('center_axis',(0.,-1.,0.));
#2745=DIRECTION('ref_axis',(-0.707106781186546,0.,0.707106781186549));
#2746=DIRECTION('center_axis',(0.,-1.,0.));
#2747=DIRECTION('ref_axis',(0.,0.,1.));
#2748=DIRECTION('',(0.,-1.,0.));
#2749=DIRECTION('',(0.,1.,0.));
#2750=DIRECTION('center_axis',(0.,0.,1.));
#2751=DIRECTION('ref_axis',(1.,0.,0.));
#2752=DIRECTION('center_axis',(1.,0.,0.));
#2753=DIRECTION('ref_axis',(0.,0.,1.));
#2754=DIRECTION('center_axis',(0.,0.,-1.));
#2755=DIRECTION('ref_axis',(0.707106781186548,0.707106781186548,0.));
#2756=DIRECTION('center_axis',(0.,0.,1.));
#2757=DIRECTION('ref_axis',(0.707106781186548,0.707106781186548,0.));
#2758=DIRECTION('center_axis',(1.,0.,0.));
#2759=DIRECTION('ref_axis',(0.,-0.707106781186553,0.707106781186543));
#2760=DIRECTION('',(-1.,0.,0.));
#2761=DIRECTION('',(1.,0.,0.));
#2762=DIRECTION('center_axis',(1.,0.,0.));
#2763=DIRECTION('ref_axis',(0.,1.,0.));
#2764=DIRECTION('',(0.,0.,1.));
#2765=DIRECTION('',(0.,1.,0.));
#2766=DIRECTION('',(0.,0.,-1.));
#2767=DIRECTION('center_axis',(0.,0.,1.));
#2768=DIRECTION('ref_axis',(0.707106781186555,0.70710678118654,0.));
#2769=DIRECTION('',(0.,0.,-1.));
#2770=DIRECTION('center_axis',(0.,0.,-1.));
#2771=DIRECTION('ref_axis',(0.707106781186555,0.70710678118654,0.));
#2772=DIRECTION('center_axis',(0.,1.,0.));
#2773=DIRECTION('ref_axis',(-1.,0.,0.));
#2774=DIRECTION('',(0.,0.,1.));
#2775=DIRECTION('',(-1.,0.,0.));
#2776=DIRECTION('center_axis',(0.,0.,1.));
#2777=DIRECTION('ref_axis',(-0.707106781186551,0.707106781186544,0.));
#2778=DIRECTION('',(0.,0.,-1.));
#2779=DIRECTION('center_axis',(0.,0.,-1.));
#2780=DIRECTION('ref_axis',(-0.707106781186551,0.707106781186544,0.));
#2781=DIRECTION('center_axis',(0.,0.,1.));
#2782=DIRECTION('ref_axis',(1.,0.,0.));
#2783=DIRECTION('',(1.,0.,0.));
#2784=DIRECTION('',(0.,1.,0.));
#2785=DIRECTION('',(-1.,0.,0.));
#2786=DIRECTION('',(0.,-1.,0.));
#2787=DIRECTION('',(0.,-1.,0.));
#2788=DIRECTION('center_axis',(0.,0.,1.));
#2789=DIRECTION('ref_axis',(-0.707106781186548,0.707106781186548,0.));
#2790=DIRECTION('',(-1.,0.,0.));
#2791=DIRECTION('center_axis',(0.,0.,1.));
#2792=DIRECTION('ref_axis',(0.707106781186549,0.707106781186546,0.));
#2793=DIRECTION('',(0.,1.,0.));
#2794=DIRECTION('center_axis',(0.,0.,1.));
#2795=DIRECTION('ref_axis',(0.707106781186549,-0.707106781186546,0.));
#2796=DIRECTION('',(1.,0.,0.));
#2797=DIRECTION('center_axis',(0.,0.,1.));
#2798=DIRECTION('ref_axis',(-0.707106781186548,-0.707106781186548,0.));
#2799=DIRECTION('center_axis',(0.,0.,1.));
#2800=DIRECTION('ref_axis',(-0.707106781186548,-0.707106781186547,0.));
#2801=DIRECTION('',(0.,-1.,0.));
#2802=DIRECTION('center_axis',(0.,0.,1.));
#2803=DIRECTION('ref_axis',(-0.707106781186548,0.707106781186547,0.));
#2804=DIRECTION('',(-1.,0.,0.));
#2805=DIRECTION('center_axis',(0.,0.,1.));
#2806=DIRECTION('ref_axis',(0.707106781186548,0.707106781186547,0.));
#2807=DIRECTION('',(0.,1.,0.));
#2808=DIRECTION('center_axis',(0.,0.,1.));
#2809=DIRECTION('ref_axis',(0.707106781186548,-0.707106781186547,0.));
#2810=DIRECTION('',(1.,0.,0.));
#2811=DIRECTION('',(0.,-1.,0.));
#2812=DIRECTION('center_axis',(0.,0.,1.));
#2813=DIRECTION('ref_axis',(-0.707106781186547,0.707106781186548,0.));
#2814=DIRECTION('center_axis',(0.,0.,1.));
#2815=DIRECTION('ref_axis',(0.70710674957641,0.707106812796684,0.));
#2816=DIRECTION('',(0.,1.,0.));
#2817=DIRECTION('center_axis',(0.,0.,1.));
#2818=DIRECTION('ref_axis',(0.707106772335709,-0.707106790037386,0.));
#2819=DIRECTION('center_axis',(0.,0.,1.));
#2820=DIRECTION('ref_axis',(-0.707106781186547,-0.707106781186548,0.));
#2821=DIRECTION('',(0.,1.,0.));
#2822=DIRECTION('',(1.,0.,0.));
#2823=DIRECTION('',(0.,-1.,0.));
#2824=DIRECTION('',(-1.,0.,0.));
#2825=DIRECTION('center_axis',(0.,0.,1.));
#2826=DIRECTION('ref_axis',(0.707106781186548,0.707106781186547,0.));
#2827=DIRECTION('',(0.,1.,0.));
#2828=DIRECTION('center_axis',(0.,0.,1.));
#2829=DIRECTION('ref_axis',(0.707106781186549,-0.707106781186546,0.));
#2830=DIRECTION('',(1.,0.,0.));
#2831=DIRECTION('center_axis',(0.,0.,1.));
#2832=DIRECTION('ref_axis',(-0.707106781186548,-0.707106781186548,0.));
#2833=DIRECTION('',(0.,-1.,0.));
#2834=DIRECTION('center_axis',(0.,0.,1.));
#2835=DIRECTION('ref_axis',(-0.707106781186549,0.707106781186546,0.));
#2836=DIRECTION('',(-1.,0.,0.));
#2837=DIRECTION('center_axis',(0.,1.,0.));
#2838=DIRECTION('ref_axis',(0.707106781186549,0.,0.707106781186546));
#2839=DIRECTION('center_axis',(0.,1.,0.));
#2840=DIRECTION('ref_axis',(0.,0.,1.));
#2841=DIRECTION('',(0.,1.,0.));
#2842=DIRECTION('center_axis',(0.,-1.,0.));
#2843=DIRECTION('ref_axis',(1.,0.,0.));
#2844=DIRECTION('center_axis',(0.,0.,1.));
#2845=DIRECTION('ref_axis',(1.,0.,0.));
#2846=DIRECTION('center_axis',(-1.,0.,0.));
#2847=DIRECTION('ref_axis',(0.,-1.,0.));
#2848=DIRECTION('center_axis',(0.,0.,-1.));
#2849=DIRECTION('ref_axis',(-0.707106781186548,0.707106781186548,0.));
#2850=DIRECTION('center_axis',(1.,0.,0.));
#2851=DIRECTION('ref_axis',(0.,-0.707106781186553,0.707106781186543));
#2852=DIRECTION('center_axis',(-1.,4.44089209850064E-15,0.));
#2853=DIRECTION('ref_axis',(-4.44089209850064E-15,-1.,0.));
#2854=DIRECTION('',(1.,0.,0.));
#2855=DIRECTION('center_axis',(0.,0.,1.));
#2856=DIRECTION('ref_axis',(1.,0.,0.));
#2857=DIRECTION('center_axis',(0.,1.,0.));
#2858=DIRECTION('ref_axis',(-1.,0.,0.));
#2859=DIRECTION('center_axis',(0.,0.,-1.));
#2860=DIRECTION('ref_axis',(0.707106781186549,0.707106781186546,0.));
#2861=DIRECTION('center_axis',(0.,-1.,0.));
#2862=DIRECTION('ref_axis',(-0.707106781186546,0.,0.707106781186549));
#2863=DIRECTION('center_axis',(0.,1.,0.));
#2864=DIRECTION('ref_axis',(-1.,0.,0.));
#2865=DIRECTION('',(0.,-1.,0.));
#2866=DIRECTION('center_axis',(0.,0.,1.));
#2867=DIRECTION('ref_axis',(1.,0.,0.));
#2868=DIRECTION('center_axis',(1.,0.,0.));
#2869=DIRECTION('ref_axis',(0.,1.,0.));
#2870=DIRECTION('center_axis',(0.,0.,-1.));
#2871=DIRECTION('ref_axis',(0.707106781186549,-0.707106781186546,0.));
#2872=DIRECTION('center_axis',(-1.,0.,0.));
#2873=DIRECTION('ref_axis',(0.,0.70710678118654,0.707106781186555));
#2874=DIRECTION('center_axis',(1.,0.,0.));
#2875=DIRECTION('ref_axis',(0.,1.,0.));
#2876=DIRECTION('',(-1.,0.,0.));
#2877=DIRECTION('center_axis',(0.,0.,1.));
#2878=DIRECTION('ref_axis',(1.,0.,0.));
#2879=DIRECTION('center_axis',(0.,0.,-1.));
#2880=DIRECTION('ref_axis',(-0.707106781186548,-0.707106781186548,0.));
#2881=DIRECTION('center_axis',(0.,0.,1.));
#2882=DIRECTION('ref_axis',(0.707106781186555,0.70710678118654,0.));
#2883=DIRECTION('',(0.,0.,-1.));
#2884=DIRECTION('center_axis',(0.,0.,-1.));
#2885=DIRECTION('ref_axis',(0.707106781186555,0.70710678118654,0.));
#2886=DIRECTION('',(0.,0.,1.));
#2887=DIRECTION('center_axis',(0.,1.,0.));
#2888=DIRECTION('ref_axis',(-1.,0.,0.));
#2889=DIRECTION('',(0.,0.,1.));
#2890=DIRECTION('',(-1.,0.,0.));
#2891=DIRECTION('center_axis',(0.,0.,1.));
#2892=DIRECTION('ref_axis',(-0.707106781186549,0.707106781186546,0.));
#2893=DIRECTION('',(0.,0.,-1.));
#2894=DIRECTION('center_axis',(0.,0.,-1.));
#2895=DIRECTION('ref_axis',(-0.707106781186549,0.707106781186546,0.));
#2896=DIRECTION('center_axis',(-1.,0.,0.));
#2897=DIRECTION('ref_axis',(0.,-1.,0.));
#2898=DIRECTION('',(0.,0.,1.));
#2899=DIRECTION('',(0.,-1.,0.));
#2900=DIRECTION('center_axis',(0.,0.,1.));
#2901=DIRECTION('ref_axis',(1.,0.,0.));
#2902=DIRECTION('center_axis',(0.,1.,0.));
#2903=DIRECTION('ref_axis',(-1.,0.,0.));
#2904=DIRECTION('center_axis',(1.,-2.22044604925024E-15,0.));
#2905=DIRECTION('ref_axis',(0.,0.,1.));
#2906=DIRECTION('center_axis',(0.,0.,-1.));
#2907=DIRECTION('ref_axis',(0.707106781186548,0.707106781186547,0.));
#2908=DIRECTION('center_axis',(1.,0.,0.));
#2909=DIRECTION('ref_axis',(0.,-0.707106781186553,0.707106781186543));
#2910=DIRECTION('center_axis',(1.,8.88178419700128E-15,0.));
#2911=DIRECTION('ref_axis',(0.,0.,1.));
#2912=DIRECTION('',(1.,0.,0.));
#2913=DIRECTION('center_axis',(0.,0.,1.));
#2914=DIRECTION('ref_axis',(1.,0.,0.));
#2915=DIRECTION('center_axis',(0.,1.,0.));
#2916=DIRECTION('ref_axis',(0.,0.,1.));
#2917=DIRECTION('center_axis',(0.,0.,-1.));
#2918=DIRECTION('ref_axis',(-0.707106781186549,0.707106781186546,0.));
#2919=DIRECTION('center_axis',(0.,1.,0.));
#2920=DIRECTION('ref_axis',(0.707106781186548,0.,0.707106781186547));
#2921=DIRECTION('center_axis',(0.,1.,0.));
#2922=DIRECTION('ref_axis',(0.,0.,1.));
#2923=DIRECTION('',(0.,1.,0.));
#2924=DIRECTION('center_axis',(0.,0.,1.));
#2925=DIRECTION('ref_axis',(1.,0.,0.));
#2926=DIRECTION('center_axis',(-1.,2.22044604925028E-15,0.));
#2927=DIRECTION('ref_axis',(0.,0.,1.));
#2928=DIRECTION('center_axis',(0.,0.,-1.));
#2929=DIRECTION('ref_axis',(-0.707106781186548,-0.707106781186548,0.));
#2930=DIRECTION('center_axis',(-1.,0.,0.));
#2931=DIRECTION('ref_axis',(0.,0.70710678118654,0.707106781186555));
#2932=DIRECTION('center_axis',(-1.,-4.44089209850064E-15,0.));
#2933=DIRECTION('ref_axis',(0.,0.,1.));
#2934=DIRECTION('',(-1.,0.,0.));
#2935=DIRECTION('center_axis',(0.,0.,1.));
#2936=DIRECTION('ref_axis',(1.,0.,0.));
#2937=DIRECTION('center_axis',(0.,-1.,0.));
#2938=DIRECTION('ref_axis',(0.,0.,1.));
#2939=DIRECTION('center_axis',(0.,0.,-1.));
#2940=DIRECTION('ref_axis',(0.707106781186549,-0.707106781186546,0.));
#2941=DIRECTION('center_axis',(0.,-1.,0.));
#2942=DIRECTION('ref_axis',(-0.707106781186546,0.,0.707106781186549));
#2943=DIRECTION('',(0.,-1.,0.));
#2944=DIRECTION('center_axis',(0.,-1.,0.));
#2945=DIRECTION('ref_axis',(1.,0.,0.));
#2946=DIRECTION('',(0.,0.,1.));
#2947=DIRECTION('',(1.,0.,0.));
#2948=DIRECTION('',(0.,0.,-1.));
#2949=DIRECTION('center_axis',(0.,0.,1.));
#2950=DIRECTION('ref_axis',(0.707106781186548,-0.707106781186547,0.));
#2951=DIRECTION('',(0.,0.,-1.));
#2952=DIRECTION('center_axis',(0.,0.,-1.));
#2953=DIRECTION('ref_axis',(0.707106781186548,-0.707106781186547,0.));
#2954=DIRECTION('center_axis',(1.,0.,0.));
#2955=DIRECTION('ref_axis',(0.,1.,0.));
#2956=DIRECTION('',(0.,0.,1.));
#2957=DIRECTION('',(0.,1.,0.));
#2958=DIRECTION('center_axis',(0.,0.,1.));
#2959=DIRECTION('ref_axis',(0.707106781186555,0.70710678118654,0.));
#2960=DIRECTION('',(0.,0.,-1.));
#2961=DIRECTION('center_axis',(0.,0.,-1.));
#2962=DIRECTION('ref_axis',(0.707106781186555,0.70710678118654,0.));
#2963=DIRECTION('center_axis',(0.,0.,1.));
#2964=DIRECTION('ref_axis',(1.,0.,0.));
#2965=DIRECTION('center_axis',(0.,-1.,0.));
#2966=DIRECTION('ref_axis',(1.,0.,0.));
#2967=DIRECTION('center_axis',(-1.,0.,0.));
#2968=DIRECTION('ref_axis',(0.,0.,1.));
#2969=DIRECTION('center_axis',(0.,0.,-1.));
#2970=DIRECTION('ref_axis',(-0.707106781186548,-0.707106781186547,0.));
#2971=DIRECTION('center_axis',(-1.,0.,0.));
#2972=DIRECTION('ref_axis',(0.,0.70710678118654,0.707106781186555));
#2973=DIRECTION('center_axis',(-1.,2.22044604925032E-15,0.));
#2974=DIRECTION('ref_axis',(0.,0.,1.));
#2975=DIRECTION('',(-1.,0.,0.));
#2976=DIRECTION('center_axis',(0.,0.,1.));
#2977=DIRECTION('ref_axis',(1.,0.,0.));
#2978=DIRECTION('center_axis',(0.,-1.,0.));
#2979=DIRECTION('ref_axis',(0.,0.,1.));
#2980=DIRECTION('center_axis',(0.,0.,-1.));
#2981=DIRECTION('ref_axis',(0.707106781186548,-0.707106781186547,0.));
#2982=DIRECTION('center_axis',(0.,-1.,0.));
#2983=DIRECTION('ref_axis',(-0.707106781186549,0.,0.707106781186546));
#2984=DIRECTION('center_axis',(0.,-1.,0.));
#2985=DIRECTION('ref_axis',(0.,0.,1.));
#2986=DIRECTION('',(0.,-1.,0.));
#2987=DIRECTION('center_axis',(0.,0.,1.));
#2988=DIRECTION('ref_axis',(1.,0.,0.));
#2989=DIRECTION('center_axis',(1.,-1.11022302462512E-15,0.));
#2990=DIRECTION('ref_axis',(0.,0.,1.));
#2991=DIRECTION('center_axis',(0.,0.,-1.));
#2992=DIRECTION('ref_axis',(0.707106781186548,0.707106781186547,0.));
#2993=DIRECTION('center_axis',(1.,0.,0.));
#2994=DIRECTION('ref_axis',(0.,-0.707106781186553,0.707106781186543));
#2995=DIRECTION('center_axis',(1.,0.,0.));
#2996=DIRECTION('ref_axis',(0.,0.,1.));
#2997=DIRECTION('',(1.,0.,0.));
#2998=DIRECTION('center_axis',(0.,0.,1.));
#2999=DIRECTION('ref_axis',(1.,0.,0.));
#3000=DIRECTION('center_axis',(0.,1.,0.));
#3001=DIRECTION('ref_axis',(0.,0.,1.));
#3002=DIRECTION('center_axis',(0.,0.,-1.));
#3003=DIRECTION('ref_axis',(-0.707106781186548,0.707106781186547,0.));
#3004=DIRECTION('center_axis',(0.,1.,0.));
#3005=DIRECTION('ref_axis',(0.707106781186549,0.,0.707106781186546));
#3006=DIRECTION('',(0.,1.,0.));
#3007=DIRECTION('center_axis',(0.,1.,0.));
#3008=DIRECTION('ref_axis',(-1.,0.,0.));
#3009=DIRECTION('',(0.,0.,1.));
#3010=DIRECTION('',(-1.,0.,0.));
#3011=DIRECTION('',(0.,0.,-1.));
#3012=DIRECTION('center_axis',(0.,0.,1.));
#3013=DIRECTION('ref_axis',(-0.707106781186549,0.707106781186546,0.));
#3014=DIRECTION('',(0.,0.,-1.));
#3015=DIRECTION('center_axis',(0.,0.,-1.));
#3016=DIRECTION('ref_axis',(-0.707106781186549,0.707106781186546,0.));
#3017=DIRECTION('center_axis',(-1.,0.,0.));
#3018=DIRECTION('ref_axis',(0.,-1.,0.));
#3019=DIRECTION('',(0.,0.,1.));
#3020=DIRECTION('',(0.,-1.,0.));
#3021=DIRECTION('center_axis',(0.,0.,1.));
#3022=DIRECTION('ref_axis',(-0.707106781186549,-0.707106781186546,0.));
#3023=DIRECTION('',(0.,0.,-1.));
#3024=DIRECTION('center_axis',(0.,0.,-1.));
#3025=DIRECTION('ref_axis',(-0.707106781186549,-0.707106781186546,0.));
#3026=DIRECTION('center_axis',(0.,0.,1.));
#3027=DIRECTION('ref_axis',(-0.707106781186548,-0.707106781186547,0.));
#3028=DIRECTION('center_axis',(0.,0.,-1.));
#3029=DIRECTION('ref_axis',(-0.707106781186548,-0.707106781186547,0.));
#3030=DIRECTION('',(0.,0.,1.));
#3031=DIRECTION('center_axis',(-1.,0.,0.));
#3032=DIRECTION('ref_axis',(0.,-1.,0.));
#3033=DIRECTION('',(0.,-1.,0.));
#3034=DIRECTION('',(0.,0.,-1.));
#3035=DIRECTION('center_axis',(0.,0.,1.));
#3036=DIRECTION('ref_axis',(0.707106781186548,-0.707106781186547,0.));
#3037=DIRECTION('',(0.,0.,-1.));
#3038=DIRECTION('center_axis',(0.,0.,-1.));
#3039=DIRECTION('ref_axis',(0.707106781186548,-0.707106781186547,0.));
#3040=DIRECTION('',(0.,0.,1.));
#3041=DIRECTION('center_axis',(0.,-1.,0.));
#3042=DIRECTION('ref_axis',(1.,0.,0.));
#3043=DIRECTION('',(1.,0.,0.));
#3044=DIRECTION('center_axis',(0.,0.,1.));
#3045=DIRECTION('ref_axis',(0.707106781186555,0.70710678118654,0.));
#3046=DIRECTION('center_axis',(0.,0.,-1.));
#3047=DIRECTION('ref_axis',(0.707106781186555,0.70710678118654,0.));
#3048=DIRECTION('',(0.,0.,1.));
#3049=DIRECTION('center_axis',(1.,0.,0.));
#3050=DIRECTION('ref_axis',(0.,1.,0.));
#3051=DIRECTION('',(0.,1.,0.));
#3052=DIRECTION('center_axis',(0.,0.,1.));
#3053=DIRECTION('ref_axis',(-0.707106781186548,0.707106781186547,0.));
#3054=DIRECTION('center_axis',(0.,0.,-1.));
#3055=DIRECTION('ref_axis',(-0.707106781186548,0.707106781186547,0.));
#3056=DIRECTION('',(0.,0.,1.));
#3057=DIRECTION('center_axis',(0.,1.,0.));
#3058=DIRECTION('ref_axis',(-1.,0.,0.));
#3059=DIRECTION('',(-1.,0.,0.));
#3060=DIRECTION('center_axis',(0.,0.,1.));
#3061=DIRECTION('ref_axis',(0.707106781186551,-0.707106781186544,0.));
#3062=DIRECTION('',(0.,0.,-1.));
#3063=DIRECTION('center_axis',(0.,0.,-1.));
#3064=DIRECTION('ref_axis',(0.707106781186551,-0.707106781186544,0.));
#3065=DIRECTION('',(0.,0.,1.));
#3066=DIRECTION('center_axis',(0.,-1.,0.));
#3067=DIRECTION('ref_axis',(1.,0.,0.));
#3068=DIRECTION('',(1.,0.,0.));
#3069=DIRECTION('',(0.,0.,-1.));
#3070=DIRECTION('center_axis',(0.,0.,1.));
#3071=DIRECTION('ref_axis',(-0.707106781186549,-0.707106781186546,0.));
#3072=DIRECTION('center_axis',(0.,0.,-1.));
#3073=DIRECTION('ref_axis',(-0.707106781186549,-0.707106781186546,0.));
#3074=DIRECTION('center_axis',(1.,0.,0.));
#3075=DIRECTION('ref_axis',(0.,1.,0.));
#3076=DIRECTION('',(0.,1.,0.));
#3077=DIRECTION('center_axis',(0.,0.,1.));
#3078=DIRECTION('ref_axis',(0.707106781186549,-0.707106781186546,0.));
#3079=DIRECTION('center_axis',(0.,0.,-1.));
#3080=DIRECTION('ref_axis',(0.707106781186549,-0.707106781186546,0.));
#3081=DIRECTION('',(0.,0.,1.));
#3082=DIRECTION('center_axis',(0.,-1.,0.));
#3083=DIRECTION('ref_axis',(1.,0.,0.));
#3084=DIRECTION('',(1.,0.,0.));
#3085=DIRECTION('',(0.,0.,-1.));
#3086=DIRECTION('center_axis',(0.,0.,1.));
#3087=DIRECTION('ref_axis',(-0.707106781186549,-0.707106781186546,0.));
#3088=DIRECTION('center_axis',(0.,0.,-1.));
#3089=DIRECTION('ref_axis',(-0.707106781186549,-0.707106781186546,0.));
#3090=DIRECTION('',(0.,0.,1.));
#3091=DIRECTION('center_axis',(-1.,0.,0.));
#3092=DIRECTION('ref_axis',(0.,-1.,0.));
#3093=DIRECTION('',(0.,-1.,0.));
#3094=DIRECTION('center_axis',(-0.371390676354103,-0.92847669088526,0.));
#3095=DIRECTION('ref_axis',(0.92847669088526,-0.371390676354103,4.12326480019439E-17));
#3096=DIRECTION('center_axis',(0.928476690885259,0.371390676354105,0.));
#3097=DIRECTION('ref_axis',(0.371390676354105,-0.928476690885259,4.12326480019438E-17));
#3098=DIRECTION('center_axis',(1.,0.,0.));
#3099=DIRECTION('ref_axis',(0.,-0.70710678118654,0.707106781186555));
#3100=DIRECTION('',(-1.,0.,0.));
#3101=DIRECTION('center_axis',(0.371390676354098,-0.928476690885262,0.));
#3102=DIRECTION('ref_axis',(-0.928476690885262,-0.371390676354098,8.24652960038861E-17));
#3103=DIRECTION('center_axis',(0.92847669088526,-0.371390676354103,0.));
#3104=DIRECTION('ref_axis',(0.371390676354103,0.92847669088526,4.12326480019436E-17));
#3105=DIRECTION('center_axis',(-0.371390676354104,0.928476690885259,0.));
#3106=DIRECTION('ref_axis',(0.928476690885259,0.371390676354104,4.12326480019436E-17));
#3107=DIRECTION('center_axis',(0.,1.,0.));
#3108=DIRECTION('ref_axis',(0.707106781186546,0.,0.707106781186549));
#3109=DIRECTION('',(0.,-1.,0.));
#3110=DIRECTION('center_axis',(-0.928476690885258,0.371390676354108,0.));
#3111=DIRECTION('ref_axis',(-0.371390676354108,-0.928476690885258,8.24652960038858E-17));
#3112=DIRECTION('center_axis',(0.,-1.,0.));
#3113=DIRECTION('ref_axis',(-0.707106781186553,0.,0.707106781186543));
#3114=DIRECTION('',(0.,1.,0.));
#3115=DIRECTION('center_axis',(-0.928476690885256,-0.371390676354113,0.));
#3116=DIRECTION('ref_axis',(-0.371390676354113,0.928476690885256,-4.1232648001944E-17));
#3117=DIRECTION('center_axis',(0.371390676354104,0.928476690885259,0.));
#3118=DIRECTION('ref_axis',(-0.928476690885259,0.371390676354104,-4.12326480019442E-17));
#3119=DIRECTION('center_axis',(-1.,0.,0.));
#3120=DIRECTION('ref_axis',(0.,0.707106781186548,0.707106781186547));
#3121=DIRECTION('',(1.,0.,0.));
#3122=DIRECTION('center_axis',(0.,1.,0.));
#3123=DIRECTION('ref_axis',(0.707106781186546,0.,0.707106781186549));
#3124=DIRECTION('center_axis',(0.,1.,0.));
#3125=DIRECTION('ref_axis',(0.,0.,1.));
#3126=DIRECTION('',(0.,1.,0.));
#3127=DIRECTION('center_axis',(0.,-1.,0.));
#3128=DIRECTION('ref_axis',(1.,0.,0.));
#3129=DIRECTION('center_axis',(0.,0.,1.));
#3130=DIRECTION('ref_axis',(1.,0.,0.));
#3131=DIRECTION('center_axis',(-1.,0.,0.));
#3132=DIRECTION('ref_axis',(0.,-1.,0.));
#3133=DIRECTION('center_axis',(0.,0.,-1.));
#3134=DIRECTION('ref_axis',(-0.707106781186547,0.707106781186548,0.));
#3135=DIRECTION('center_axis',(0.,0.,1.));
#3136=DIRECTION('ref_axis',(1.,0.,0.));
#3137=DIRECTION('center_axis',(0.,1.,0.));
#3138=DIRECTION('ref_axis',(-1.,0.,0.));
#3139=DIRECTION('center_axis',(0.,0.,-1.));
#3140=DIRECTION('ref_axis',(0.70710674957641,0.707106812796684,0.));
#3141=DIRECTION('center_axis',(0.,-1.,0.));
#3142=DIRECTION('ref_axis',(-0.707106781186546,0.,0.707106781186549));
#3143=DIRECTION('center_axis',(0.,1.,0.));
#3144=DIRECTION('ref_axis',(-1.,0.,0.));
#3145=DIRECTION('',(0.,-1.,0.));
#3146=DIRECTION('center_axis',(0.,0.,1.));
#3147=DIRECTION('ref_axis',(1.,0.,0.));
#3148=DIRECTION('center_axis',(1.,-2.50339549090485E-8,0.));
#3149=DIRECTION('ref_axis',(2.50339549090485E-8,1.,0.));
#3150=DIRECTION('center_axis',(0.,0.,-1.));
#3151=DIRECTION('ref_axis',(0.707106772335709,-0.707106790037386,0.));
#3152=DIRECTION('center_axis',(0.,0.,1.));
#3153=DIRECTION('ref_axis',(1.,0.,0.));
#3154=DIRECTION('center_axis',(0.,0.,-1.));
#3155=DIRECTION('ref_axis',(-0.707106781186547,-0.707106781186548,0.));
#3156=DIRECTION('center_axis',(0.,0.,1.));
#3157=DIRECTION('ref_axis',(0.707106781186548,0.707106781186547,0.));
#3158=DIRECTION('',(0.,0.,1.));
#3159=DIRECTION('center_axis',(0.,0.,-1.));
#3160=DIRECTION('ref_axis',(0.707106781186548,0.707106781186547,0.));
#3161=DIRECTION('',(0.,0.,1.));
#3162=DIRECTION('center_axis',(0.,0.,1.));
#3163=DIRECTION('ref_axis',(-0.707106781186547,0.707106781186547,0.));
#3164=DIRECTION('',(0.,0.,-1.));
#3165=DIRECTION('center_axis',(0.,0.,-1.));
#3166=DIRECTION('ref_axis',(-0.707106781186547,0.707106781186547,0.));
#3167=DIRECTION('center_axis',(-1.,0.,0.));
#3168=DIRECTION('ref_axis',(0.,-1.,0.));
#3169=DIRECTION('',(0.,0.,1.));
#3170=DIRECTION('',(0.,-1.,0.));
#3171=DIRECTION('center_axis',(0.,0.,1.));
#3172=DIRECTION('ref_axis',(0.707106781186547,-0.707106781186547,0.));
#3173=DIRECTION('',(0.,0.,-1.));
#3174=DIRECTION('center_axis',(0.,0.,-1.));
#3175=DIRECTION('ref_axis',(0.707106781186547,-0.707106781186547,0.));
#3176=DIRECTION('',(0.,0.,-1.));
#3177=DIRECTION('center_axis',(0.,0.,1.));
#3178=DIRECTION('ref_axis',(-0.707106781186547,-0.707106781186548,0.));
#3179=DIRECTION('center_axis',(0.,0.,-1.));
#3180=DIRECTION('ref_axis',(-0.707106781186547,-0.707106781186548,0.));
#3181=DIRECTION('center_axis',(1.,0.,0.));
#3182=DIRECTION('ref_axis',(0.,1.,0.));
#3183=DIRECTION('',(0.,1.,0.));
#3184=DIRECTION('center_axis',(-1.,0.,0.));
#3185=DIRECTION('ref_axis',(0.,-1.,0.));
#3186=DIRECTION('',(0.,1.,0.));
#3187=DIRECTION('',(0.,0.,1.));
#3188=DIRECTION('',(0.,0.,1.));
#3189=DIRECTION('center_axis',(0.,1.,0.));
#3190=DIRECTION('ref_axis',(-1.,0.,0.));
#3191=DIRECTION('',(-1.,0.,0.));
#3192=DIRECTION('',(0.,0.,1.));
#3193=DIRECTION('center_axis',(1.,0.,0.));
#3194=DIRECTION('ref_axis',(0.,1.,0.));
#3195=DIRECTION('',(0.,1.,0.));
#3196=DIRECTION('',(0.,0.,1.));
#3197=DIRECTION('center_axis',(0.,-1.,0.));
#3198=DIRECTION('ref_axis',(1.,0.,0.));
#3199=DIRECTION('',(1.,0.,0.));
#3200=DIRECTION('center_axis',(0.,0.,1.));
#3201=DIRECTION('ref_axis',(1.,0.,0.));
#3202=DIRECTION('center_axis',(0.,1.,0.));
#3203=DIRECTION('ref_axis',(-1.,0.,0.));
#3204=DIRECTION('',(1.,0.,0.));
#3205=DIRECTION('',(0.,0.,1.));
#3206=DIRECTION('',(-1.,0.,0.));
#3207=DIRECTION('',(0.,0.,1.));
#3208=DIRECTION('center_axis',(1.,0.,0.));
#3209=DIRECTION('ref_axis',(0.,1.,0.));
#3210=DIRECTION('',(0.,1.,0.));
#3211=DIRECTION('',(0.,1.,0.));
#3212=DIRECTION('',(0.,0.,1.));
#3213=DIRECTION('center_axis',(0.,-1.,0.));
#3214=DIRECTION('ref_axis',(1.,0.,0.));
#3215=DIRECTION('',(1.,0.,0.));
#3216=DIRECTION('',(1.,0.,0.));
#3217=DIRECTION('',(0.,0.,1.));
#3218=DIRECTION('center_axis',(-1.,0.,0.));
#3219=DIRECTION('ref_axis',(0.,-1.,0.));
#3220=DIRECTION('',(0.,-1.,0.));
#3221=DIRECTION('',(0.,-1.,0.));
#3222=DIRECTION('center_axis',(0.,0.,1.));
#3223=DIRECTION('ref_axis',(1.,0.,0.));
#3224=DIRECTION('center_axis',(0.,0.,1.));
#3225=DIRECTION('ref_axis',(1.,0.,0.));
#3226=CARTESIAN_POINT('',(0.,0.,0.));
#3227=CARTESIAN_POINT('Ctrl Pts',(58.6,152.5,-3.19189119579733E-15));
#3228=CARTESIAN_POINT('Ctrl Pts',(58.6,152.5,0.14959965017094));
#3229=CARTESIAN_POINT('Ctrl Pts',(58.5663491401975,152.600952579407,0.448822268138415));
#3230=CARTESIAN_POINT('Ctrl Pts',(58.4170887946514,153.048733616046,0.87499687617202));
#3231=CARTESIAN_POINT('Ctrl Pts',(58.0970255035481,154.008923489356,1.38514746137406));
#3232=CARTESIAN_POINT('Ctrl Pts',(57.4975319610145,155.807404116956,1.86339345825757));
#3233=CARTESIAN_POINT('Ctrl Pts',(56.8991993003419,157.602402098974,2.));
#3234=CARTESIAN_POINT('Ctrl Pts',(56.6,158.5,2.));
#3235=CARTESIAN_POINT('Ctrl Pts',(58.6,153.696797201368,-1.29989900779603E-15));
#3236=CARTESIAN_POINT('Ctrl Pts',(58.6,153.696797201368,0.058843255847792));
#3237=CARTESIAN_POINT('Ctrl Pts',(58.609415168043,153.749794096139,0.178265034839904));
#3238=CARTESIAN_POINT('Ctrl Pts',(58.6046882308712,154.019264220434,0.467066058753806));
#3239=CARTESIAN_POINT('Ctrl Pts',(58.4538816156079,154.690396423047,1.00435489899748));
#3240=CARTESIAN_POINT('Ctrl Pts',(57.8445485059063,156.146301992495,1.75003915391273));
#3241=CARTESIAN_POINT('Ctrl Pts',(57.0131799861864,157.716382784819,2.));
#3242=CARTESIAN_POINT('Ctrl Pts',(56.6,158.5,2.));
#3243=CARTESIAN_POINT('Ctrl Pts',(59.6046322545459,155.768627617742,5.34201377763265E-16));
#3244=CARTESIAN_POINT('Ctrl Pts',(59.6046322545459,155.768627617742,-0.0195492293523404));
#3245=CARTESIAN_POINT('Ctrl Pts',(59.6248356230375,155.739791824975,-0.0556771324186915));
#3246=CARTESIAN_POINT('Ctrl Pts',(59.6192791795762,155.711219449453,0.123886053922532));
#3247=CARTESIAN_POINT('Ctrl Pts',(59.3809169320435,155.8879260409,0.700205295329595));
#3248=CARTESIAN_POINT('Ctrl Pts',(58.4409479761521,156.744476982243,1.66740936058209));
#3249=CARTESIAN_POINT('Ctrl Pts',(57.2126461864144,157.915848985047,2.));
#3250=CARTESIAN_POINT('Ctrl Pts',(56.6,158.5,2.));
#3251=CARTESIAN_POINT('Ctrl Pts',(61.7024020989743,156.5,-1.31898176229259E-15));
#3252=CARTESIAN_POINT('Ctrl Pts',(61.7024020989743,156.5,0.0824749161534072));
#3253=CARTESIAN_POINT('Ctrl Pts',(61.6379054407721,156.500913235117,0.248384752967979));
#3254=CARTESIAN_POINT('Ctrl Pts',(61.321628626185,156.543813368366,0.572069849329086));
#3255=CARTESIAN_POINT('Ctrl Pts',(60.577057712197,156.737992309819,1.10083589493079));
#3256=CARTESIAN_POINT('Ctrl Pts',(59.0361998846201,157.344221983757,1.77791830229973));
#3257=CARTESIAN_POINT('Ctrl Pts',(57.4121123866422,158.115315185275,2.));
#3258=CARTESIAN_POINT('Ctrl Pts',(56.6,158.5,2.));
#3259=CARTESIAN_POINT('Ctrl Pts',(62.6,156.5,-2.60664753230983E-15));
#3260=CARTESIAN_POINT('Ctrl Pts',(62.6,156.5,0.149599650170941));
#3261=CARTESIAN_POINT('Ctrl Pts',(62.4990474205927,156.533650859802,0.448822268138415));
#3262=CARTESIAN_POINT('Ctrl Pts',(62.0512663839542,156.682911205349,0.874996876172021));
#3263=CARTESIAN_POINT('Ctrl Pts',(61.0910765106444,157.002974496452,1.38514746137406));
#3264=CARTESIAN_POINT('Ctrl Pts',(59.2925958830437,157.602468038985,1.86339345825757));
#3265=CARTESIAN_POINT('Ctrl Pts',(57.4975979010256,158.200800699658,2.));
#3266=CARTESIAN_POINT('Ctrl Pts',(56.6,158.5,2.));
#3267=CARTESIAN_POINT('',(58.6,152.5,0.));
#3268=CARTESIAN_POINT('',(62.6,156.5,0.));
#3269=CARTESIAN_POINT('Ctrl Pts',(58.6,152.5,1.5490501959593E-16));
#3270=CARTESIAN_POINT('Ctrl Pts',(58.6,153.696797201368,1.6523762897472E-17));
#3271=CARTESIAN_POINT('Ctrl Pts',(59.1740755740262,154.880700296438,6.24257162060903E-17));
#3272=CARTESIAN_POINT('Ctrl Pts',(60.1050940345447,155.626902808941,2.22267412823362E-16));
#3273=CARTESIAN_POINT('Ctrl Pts',(60.8033578799336,156.186554693318,3.42148685286314E-16));
#3274=CARTESIAN_POINT('Ctrl Pts',(61.7024020989743,156.5,5.26121063360385E-16));
#3275=CARTESIAN_POINT('Ctrl Pts',(62.6,156.5,7.40148683083437E-16));
#3276=CARTESIAN_POINT('',(56.6,158.5,2.));
#3277=CARTESIAN_POINT('Origin',(56.6,158.5,0.));
#3278=CARTESIAN_POINT('Origin',(56.6,158.5,0.));
#3279=CARTESIAN_POINT('Origin',(129.745,158.5,0.));
#3280=CARTESIAN_POINT('',(66.5999999999999,156.5,0.));
#3281=CARTESIAN_POINT('',(129.745,156.5,0.));
#3282=CARTESIAN_POINT('',(72.6,158.5,2.));
#3283=CARTESIAN_POINT('Origin',(72.6,158.5,0.));
#3284=CARTESIAN_POINT('',(129.745,158.5,2.));
#3285=CARTESIAN_POINT('Ctrl Pts',(66.6,156.5,-4.16333634234434E-16));
#3286=CARTESIAN_POINT('Ctrl Pts',(66.6,156.5,0.149599650170942));
#3287=CARTESIAN_POINT('Ctrl Pts',(66.7016453040115,156.533881768004,0.448611530150889));
#3288=CARTESIAN_POINT('Ctrl Pts',(67.2969546798443,156.732318226615,1.01737256082108));
#3289=CARTESIAN_POINT('Ctrl Pts',(68.4446320962466,157.114877365416,1.49668179911117));
#3290=CARTESIAN_POINT('Ctrl Pts',(70.3576746537192,157.752558217906,1.89709573012379));
#3291=CARTESIAN_POINT('Ctrl Pts',(71.7024020989743,158.200800699658,2.));
#3292=CARTESIAN_POINT('Ctrl Pts',(72.6,158.5,2.));
#3293=CARTESIAN_POINT('Ctrl Pts',(67.7967972013675,156.5,-2.0344278273344E-16));
#3294=CARTESIAN_POINT('Ctrl Pts',(67.7967972013675,156.5,0.0588432558477928));
#3295=CARTESIAN_POINT('Ctrl Pts',(67.851874518877,156.493255876243,0.178057802161765));
#3296=CARTESIAN_POINT('Ctrl Pts',(68.2057254865001,156.492455524115,0.563223274991052));
#3297=CARTESIAN_POINT('Ctrl Pts',(69.051885600493,156.741122108574,1.17631586856829));
#3298=CARTESIAN_POINT('Ctrl Pts',(70.6429226765931,157.468612724843,1.81154846030457));
#3299=CARTESIAN_POINT('Ctrl Pts',(71.8163827848189,158.086820013814,2.));
#3300=CARTESIAN_POINT('Ctrl Pts',(72.6,158.5,2.));
#3301=CARTESIAN_POINT('Ctrl Pts',(69.8686120020003,155.495347007759,-1.37823625373708E-16));
#3302=CARTESIAN_POINT('Ctrl Pts',(69.8686120020003,155.495347007759,-0.0195492293523419));
#3303=CARTESIAN_POINT('Ctrl Pts',(69.8443880921425,155.479534628079,-0.0563791575494095));
#3304=CARTESIAN_POINT('Ctrl Pts',(69.7946184350485,155.475827387745,0.184327895529705));
#3305=CARTESIAN_POINT('Ctrl Pts',(70.1183102564261,155.867315788885,0.924892753358528));
#3306=CARTESIAN_POINT('Ctrl Pts',(71.1466096433227,156.974914908464,1.74756533066757));
#3307=CARTESIAN_POINT('Ctrl Pts',(72.0158489850468,157.887353813586,2.));
#3308=CARTESIAN_POINT('Ctrl Pts',(72.6,158.5,2.));
#3309=CARTESIAN_POINT('Ctrl Pts',(70.6,153.397597901026,-6.40235250587996E-16));
#3310=CARTESIAN_POINT('Ctrl Pts',(70.6,153.397597901026,0.0824749161534073));
#3311=CARTESIAN_POINT('Ctrl Pts',(70.6030603351427,153.463921804373,0.248290287938657));
#3312=CARTESIAN_POINT('Ctrl Pts',(70.6547725711244,153.881092479503,0.679929956835827));
#3313=CARTESIAN_POINT('Ctrl Pts',(70.9364700523817,154.802166637129,1.25714425250491));
#3314=CARTESIAN_POINT('Ctrl Pts',(71.6414508784771,156.47364928439,1.83271513390206));
#3315=CARTESIAN_POINT('Ctrl Pts',(72.2153151852747,157.687887613358,2.));
#3316=CARTESIAN_POINT('Ctrl Pts',(72.6,158.5,2.));
#3317=CARTESIAN_POINT('Ctrl Pts',(70.6,152.5,-9.10879141544549E-16));
#3318=CARTESIAN_POINT('Ctrl Pts',(70.6,152.5,0.149599650170942));
#3319=CARTESIAN_POINT('Ctrl Pts',(70.6338817680038,152.601645304012,0.448611530150892));
#3320=CARTESIAN_POINT('Ctrl Pts',(70.8323182266148,153.196954679844,1.01737256082109));
#3321=CARTESIAN_POINT('Ctrl Pts',(71.2148773654155,154.344632096247,1.49668179911118));
#3322=CARTESIAN_POINT('Ctrl Pts',(71.8525582179064,156.257674653719,1.89709573012379));
#3323=CARTESIAN_POINT('Ctrl Pts',(72.3008006996581,157.602402098974,2.));
#3324=CARTESIAN_POINT('Ctrl Pts',(72.6,158.5,2.));
#3325=CARTESIAN_POINT('',(70.6,152.5,0.));
#3326=CARTESIAN_POINT('Ctrl Pts',(66.6,156.5,6.42575243926803E-16));
#3327=CARTESIAN_POINT('Ctrl Pts',(67.7967972013675,156.5,2.13066520369489E-16));
#3328=CARTESIAN_POINT('Ctrl Pts',(68.9806913731577,155.925912575862,-6.65135664646795E-17));
#3329=CARTESIAN_POINT('Ctrl Pts',(69.7268951604146,154.994895808217,-1.14580363557266E-16));
#3330=CARTESIAN_POINT('Ctrl Pts',(70.2865480008573,154.296633232483,-1.50630461376705E-16));
#3331=CARTESIAN_POINT('Ctrl Pts',(70.6,153.397597901026,-5.64543337165048E-17));
#3332=CARTESIAN_POINT('Ctrl Pts',(70.6,152.5,1.48029736616688E-16));
#3333=CARTESIAN_POINT('Origin',(72.6,158.5,5.23852944873328E-31));
#3334=CARTESIAN_POINT('Origin',(72.6,68.25,0.));
#3335=CARTESIAN_POINT('',(70.6,40.5,0.));
#3336=CARTESIAN_POINT('',(70.6,68.25,0.));
#3337=CARTESIAN_POINT('',(72.6,34.5,2.));
#3338=CARTESIAN_POINT('Origin',(72.6,34.5,0.));
#3339=CARTESIAN_POINT('',(72.6,68.25,2.));
#3340=CARTESIAN_POINT('Ctrl Pts',(56.6,34.5,2.));
#3341=CARTESIAN_POINT('Ctrl Pts',(56.8991993003419,35.3975979010256,2.));
#3342=CARTESIAN_POINT('Ctrl Pts',(57.3474597785466,36.7423793356397,1.89713850781271));
#3343=CARTESIAN_POINT('Ctrl Pts',(57.9851405601182,38.6554216803546,1.49671638284381));
#3344=CARTESIAN_POINT('Ctrl Pts',(58.367696730537,39.8030901916112,1.01739860580101));
#3345=CARTESIAN_POINT('Ctrl Pts',(58.5661267104367,40.3983801313102,0.448626084015477));
#3346=CARTESIAN_POINT('Ctrl Pts',(58.6,40.5,0.149599650170942));
#3347=CARTESIAN_POINT('Ctrl Pts',(58.6,40.5,-4.16333634234434E-16));
#3348=CARTESIAN_POINT('Ctrl Pts',(56.6,34.5,2.));
#3349=CARTESIAN_POINT('Ctrl Pts',(57.0131799861864,35.2836172151811,2.));
#3350=CARTESIAN_POINT('Ctrl Pts',(57.6309370436923,36.4569438737754,1.81191988934154));
#3351=CARTESIAN_POINT('Ctrl Pts',(58.3584748991654,38.0480034392632,1.17673450307797));
#3352=CARTESIAN_POINT('Ctrl Pts',(58.6072687346876,38.8942043579156,0.563682804110278));
#3353=CARTESIAN_POINT('Ctrl Pts',(58.6066055034986,39.2480886038077,0.178440639095833));
#3354=CARTESIAN_POINT('Ctrl Pts',(58.6,39.3032027986325,0.0588432558477927));
#3355=CARTESIAN_POINT('Ctrl Pts',(58.6,39.3032027986325,-2.41268007999826E-16));
#3356=CARTESIAN_POINT('Ctrl Pts',(56.6,34.5,2.));
#3357=CARTESIAN_POINT('Ctrl Pts',(57.2126461864143,35.0841510149532,2.));
#3358=CARTESIAN_POINT('Ctrl Pts',(58.1253109822615,35.9536433640356,1.74783820089026));
#3359=CARTESIAN_POINT('Ctrl Pts',(59.2329056328198,36.9819454633101,0.925052980887348));
#3360=CARTESIAN_POINT('Ctrl Pts',(59.6241721163167,37.3054568227772,0.184412770960218));
#3361=CARTESIAN_POINT('Ctrl Pts',(59.6202779067589,37.2555094273143,-0.0563629276356986));
#3362=CARTESIAN_POINT('Ctrl Pts',(59.6042320830108,37.2310710481299,-0.0195492293523422));
#3363=CARTESIAN_POINT('Ctrl Pts',(59.6042320830108,37.2310710481299,-5.39821642806762E-17));
#3364=CARTESIAN_POINT('Ctrl Pts',(56.6,34.5,2.));
#3365=CARTESIAN_POINT('Ctrl Pts',(57.4121123866422,34.8846848147253,2.));
#3366=CARTESIAN_POINT('Ctrl Pts',(58.6266254856569,35.4585453167491,1.83286825319629));
#3367=CARTESIAN_POINT('Ctrl Pts',(60.2981049404109,36.1635438771728,1.25725016169169));
#3368=CARTESIAN_POINT('Ctrl Pts',(61.2191201663722,36.4452569909779,0.680004761273048));
#3369=CARTESIAN_POINT('Ctrl Pts',(61.6361874438656,36.4969577272403,0.248330504127337));
#3370=CARTESIAN_POINT('Ctrl Pts',(61.7024020989743,36.5,0.0824749161534077));
#3371=CARTESIAN_POINT('Ctrl Pts',(61.7024020989743,36.5,-1.89033097237387E-16));
#3372=CARTESIAN_POINT('Ctrl Pts',(56.6,34.5,2.));
#3373=CARTESIAN_POINT('Ctrl Pts',(57.4975979010256,34.7991993003419,2.));
#3374=CARTESIAN_POINT('Ctrl Pts',(58.8423793356397,35.2474597785466,1.89713850781271));
#3375=CARTESIAN_POINT('Ctrl Pts',(60.7554216803545,35.8851405601182,1.49671638284381));
#3376=CARTESIAN_POINT('Ctrl Pts',(61.9030901916111,36.2676967305371,1.01739860580101));
#3377=CARTESIAN_POINT('Ctrl Pts',(62.4983801313102,36.4661267104367,0.448626084015477));
#3378=CARTESIAN_POINT('Ctrl Pts',(62.6,36.5,0.149599650170942));
#3379=CARTESIAN_POINT('Ctrl Pts',(62.6,36.5,-2.92556877697518E-16));
#3380=CARTESIAN_POINT('',(62.6,36.5,0.));
#3381=CARTESIAN_POINT('',(58.6,40.5,0.));
#3382=CARTESIAN_POINT('Ctrl Pts',(62.6,36.5,1.30104260698261E-17));
#3383=CARTESIAN_POINT('Ctrl Pts',(61.7024020989743,36.5,-2.89120579329468E-17));
#3384=CARTESIAN_POINT('Ctrl Pts',(60.8031863778471,36.8133161634842,-6.36065274524829E-17));
#3385=CARTESIAN_POINT('Ctrl Pts',(60.1048980321602,37.3729495988328,-8.67361737988404E-17));
#3386=CARTESIAN_POINT('Ctrl Pts',(59.1738469045776,38.119127512631,-1.15648231731787E-16));
#3387=CARTESIAN_POINT('Ctrl Pts',(58.6,39.3032027986325,-1.38777878078145E-16));
#3388=CARTESIAN_POINT('Ctrl Pts',(58.6,40.5,-1.38777878078145E-16));
#3389=CARTESIAN_POINT('',(56.6,34.5,2.));
#3390=CARTESIAN_POINT('Origin',(56.6,34.5,0.));
#3391=CARTESIAN_POINT('Origin',(56.6,34.5,0.));
#3392=CARTESIAN_POINT('Origin',(56.6,128.25,0.));
#3393=CARTESIAN_POINT('',(56.6,128.25,2.));
#3394=CARTESIAN_POINT('',(58.6,128.25,0.));
#3395=CARTESIAN_POINT('Ctrl Pts',(70.6,40.5,-4.16333634234434E-16));
#3396=CARTESIAN_POINT('Ctrl Pts',(70.6,40.5,0.149599650170942));
#3397=CARTESIAN_POINT('Ctrl Pts',(70.6338746760191,40.3983759719427,0.448623741323798));
#3398=CARTESIAN_POINT('Ctrl Pts',(70.8323057739069,39.8030826782795,1.01739430854958));
#3399=CARTESIAN_POINT('Ctrl Pts',(71.2148623996325,38.6554128011024,1.4967107117399));
#3400=CARTESIAN_POINT('Ctrl Pts',(71.8525431597861,36.7423705206417,1.89713139156479));
#3401=CARTESIAN_POINT('Ctrl Pts',(72.3008006996581,35.3975979010257,2.));
#3402=CARTESIAN_POINT('Ctrl Pts',(72.6,34.5,2.));
#3403=CARTESIAN_POINT('Ctrl Pts',(70.6,39.3032027986325,-2.03442782733442E-16));
#3404=CARTESIAN_POINT('Ctrl Pts',(70.6,39.3032027986325,0.0588432558477932));
#3405=CARTESIAN_POINT('Ctrl Pts',(70.5933726466216,39.2480943943895,0.17837480554808));
#3406=CARTESIAN_POINT('Ctrl Pts',(70.5926859296296,38.8942157578985,0.563604925120205));
#3407=CARTESIAN_POINT('Ctrl Pts',(70.8414583854866,38.0480217750304,1.17666623782629));
#3408=CARTESIAN_POINT('Ctrl Pts',(71.5689884513646,36.4569660987928,1.8118607346658));
#3409=CARTESIAN_POINT('Ctrl Pts',(72.1868200138136,35.2836172151811,2.));
#3410=CARTESIAN_POINT('Ctrl Pts',(72.6,34.5,2.));
#3411=CARTESIAN_POINT('Ctrl Pts',(69.5956924506931,37.2311278751867,-1.37673195715964E-16));
#3412=CARTESIAN_POINT('Ctrl Pts',(69.5956924506931,37.2311278751867,-0.0195492293523411));
#3413=CARTESIAN_POINT('Ctrl Pts',(69.5796868896242,37.2555296496404,-0.0563621527019346));
#3414=CARTESIAN_POINT('Ctrl Pts',(69.5758266549525,37.3054449899902,0.184401987576601));
#3415=CARTESIAN_POINT('Ctrl Pts',(69.9671322424188,36.9819021715577,0.925029046533226));
#3416=CARTESIAN_POINT('Ctrl Pts',(71.0747270218469,35.9536012837374,1.74779318971665));
#3417=CARTESIAN_POINT('Ctrl Pts',(71.9873538135857,35.0841510149532,2.));
#3418=CARTESIAN_POINT('Ctrl Pts',(72.6,34.5,2.));
#3419=CARTESIAN_POINT('Ctrl Pts',(67.4975979010257,36.5,-6.40235250587997E-16));
#3420=CARTESIAN_POINT('Ctrl Pts',(67.4975979010257,36.5,0.0824749161534079));
#3421=CARTESIAN_POINT('Ctrl Pts',(67.5638301043186,36.496954601568,0.248324146322258));
#3422=CARTESIAN_POINT('Ctrl Pts',(67.9809153144543,36.4452517578811,0.679992566669496));
#3423=CARTESIAN_POINT('Ctrl Pts',(68.9019400276587,36.1635415847376,1.25723292053179));
#3424=CARTESIAN_POINT('Ctrl Pts',(70.5734194975708,35.4585462871631,1.83284249885531));
#3425=CARTESIAN_POINT('Ctrl Pts',(71.7878876133577,34.8846848147253,2.));
#3426=CARTESIAN_POINT('Ctrl Pts',(72.6,34.5,2.));
#3427=CARTESIAN_POINT('Ctrl Pts',(66.6,36.5,-9.10879141544548E-16));
#3428=CARTESIAN_POINT('Ctrl Pts',(66.6,36.5,0.149599650170942));
#3429=CARTESIAN_POINT('Ctrl Pts',(66.7016240280572,36.4661253239809,0.448623741323798));
#3430=CARTESIAN_POINT('Ctrl Pts',(67.2969173217205,36.2676942260932,1.01739430854958));
#3431=CARTESIAN_POINT('Ctrl Pts',(68.4445871988976,35.8851376003674,1.4967107117399));
#3432=CARTESIAN_POINT('Ctrl Pts',(70.3576294793583,35.2474568402139,1.89713139156479));
#3433=CARTESIAN_POINT('Ctrl Pts',(71.7024020989743,34.7991993003419,2.));
#3434=CARTESIAN_POINT('Ctrl Pts',(72.6,34.5,2.));
#3435=CARTESIAN_POINT('',(66.6,36.5,0.));
#3436=CARTESIAN_POINT('Ctrl Pts',(70.6,40.5,6.42575243926802E-16));
#3437=CARTESIAN_POINT('Ctrl Pts',(70.6,39.3032027986325,2.13066520369488E-16));
#3438=CARTESIAN_POINT('Ctrl Pts',(70.0261099718246,38.1191599852349,-6.64276066602505E-17));
#3439=CARTESIAN_POINT('Ctrl Pts',(69.095065004756,37.3729774324933,-1.14506683724897E-16));
#3440=CARTESIAN_POINT('Ctrl Pts',(68.3967812794546,36.8133405179371,-1.50565991523382E-16));
#3441=CARTESIAN_POINT('Ctrl Pts',(67.4975979010257,36.5,-5.64543337165024E-17));
#3442=CARTESIAN_POINT('Ctrl Pts',(66.6,36.5,1.48029736616691E-16));
#3443=CARTESIAN_POINT('Origin',(72.6,34.5,1.54074395550979E-31));
#3444=CARTESIAN_POINT('Origin',(123.745,34.5,0.));
#3445=CARTESIAN_POINT('',(123.745,34.5,2.));
#3446=CARTESIAN_POINT('',(123.745,36.5,0.));
#3447=CARTESIAN_POINT('Origin',(13.5025,144.35,0.));
#3448=CARTESIAN_POINT('',(13.5025,144.75,0.));
#3449=CARTESIAN_POINT('',(13.9025,144.35,0.));
#3450=CARTESIAN_POINT('Origin',(13.5025,144.35,0.));
#3451=CARTESIAN_POINT('',(13.9025,144.35,2.));
#3452=CARTESIAN_POINT('',(13.9025,144.35,0.));
#3453=CARTESIAN_POINT('',(13.5025,144.75,2.));
#3454=CARTESIAN_POINT('Origin',(13.5025,144.35,2.));
#3455=CARTESIAN_POINT('',(13.5025,144.75,0.));
#3456=CARTESIAN_POINT('Origin',(13.9025,143.31,0.));
#3457=CARTESIAN_POINT('',(13.9025,143.71,0.));
#3458=CARTESIAN_POINT('',(13.9025,121.655,0.));
#3459=CARTESIAN_POINT('',(13.9025,143.71,2.));
#3460=CARTESIAN_POINT('',(13.9025,143.71,0.));
#3461=CARTESIAN_POINT('',(13.9025,121.655,2.));
#3462=CARTESIAN_POINT('Origin',(22.66,144.35,0.));
#3463=CARTESIAN_POINT('',(22.66,144.75,0.));
#3464=CARTESIAN_POINT('',(23.06,144.35,0.));
#3465=CARTESIAN_POINT('Origin',(22.66,144.35,0.));
#3466=CARTESIAN_POINT('',(23.06,144.35,2.));
#3467=CARTESIAN_POINT('',(23.06,144.35,0.));
#3468=CARTESIAN_POINT('',(22.66,144.75,2.));
#3469=CARTESIAN_POINT('Origin',(22.66,144.35,2.));
#3470=CARTESIAN_POINT('',(22.66,144.75,0.));
#3471=CARTESIAN_POINT('Origin',(23.06,143.31,0.));
#3472=CARTESIAN_POINT('',(23.06,143.71,0.));
#3473=CARTESIAN_POINT('',(23.06,121.655,0.));
#3474=CARTESIAN_POINT('',(23.06,143.71,2.));
#3475=CARTESIAN_POINT('',(23.06,143.71,0.));
#3476=CARTESIAN_POINT('',(23.06,121.655,2.));
#3477=CARTESIAN_POINT('Origin',(31.265,144.35,0.));
#3478=CARTESIAN_POINT('',(31.265,144.75,0.));
#3479=CARTESIAN_POINT('',(31.665,144.35,0.));
#3480=CARTESIAN_POINT('Origin',(31.265,144.35,0.));
#3481=CARTESIAN_POINT('',(31.665,144.35,2.));
#3482=CARTESIAN_POINT('',(31.665,144.35,0.));
#3483=CARTESIAN_POINT('',(31.265,144.75,2.));
#3484=CARTESIAN_POINT('Origin',(31.265,144.35,2.));
#3485=CARTESIAN_POINT('',(31.265,144.75,0.));
#3486=CARTESIAN_POINT('Origin',(31.665,143.31,0.));
#3487=CARTESIAN_POINT('',(31.665,143.71,0.));
#3488=CARTESIAN_POINT('',(31.665,121.655,0.));
#3489=CARTESIAN_POINT('',(31.665,143.71,2.));
#3490=CARTESIAN_POINT('',(31.665,143.71,0.));
#3491=CARTESIAN_POINT('',(31.665,121.655,2.));
#3492=CARTESIAN_POINT('Origin',(13.5025,143.71,0.));
#3493=CARTESIAN_POINT('',(13.5025,143.31,0.));
#3494=CARTESIAN_POINT('Origin',(13.5025,143.71,0.));
#3495=CARTESIAN_POINT('',(13.5025,143.31,2.));
#3496=CARTESIAN_POINT('',(13.5025,143.31,0.));
#3497=CARTESIAN_POINT('Origin',(13.5025,143.71,2.));
#3498=CARTESIAN_POINT('Origin',(12.4425,143.31,0.));
#3499=CARTESIAN_POINT('',(12.8425,143.31,0.));
#3500=CARTESIAN_POINT('',(100.66625,143.31,0.));
#3501=CARTESIAN_POINT('',(12.8425,143.31,2.));
#3502=CARTESIAN_POINT('',(12.8425,143.31,0.));
#3503=CARTESIAN_POINT('',(100.66625,143.31,2.));
#3504=CARTESIAN_POINT('Origin',(22.66,143.71,0.));
#3505=CARTESIAN_POINT('',(22.66,143.31,0.));
#3506=CARTESIAN_POINT('Origin',(22.66,143.71,0.));
#3507=CARTESIAN_POINT('',(22.66,143.31,2.));
#3508=CARTESIAN_POINT('',(22.66,143.31,0.));
#3509=CARTESIAN_POINT('Origin',(22.66,143.71,2.));
#3510=CARTESIAN_POINT('Origin',(21.6,143.31,0.));
#3511=CARTESIAN_POINT('',(22.,143.31,0.));
#3512=CARTESIAN_POINT('',(105.245,143.31,0.));
#3513=CARTESIAN_POINT('',(22.,143.31,2.));
#3514=CARTESIAN_POINT('',(22.,143.31,0.));
#3515=CARTESIAN_POINT('',(105.245,143.31,2.));
#3516=CARTESIAN_POINT('Origin',(31.265,143.71,0.));
#3517=CARTESIAN_POINT('',(31.265,143.31,0.));
#3518=CARTESIAN_POINT('Origin',(31.265,143.71,0.));
#3519=CARTESIAN_POINT('',(31.265,143.31,2.));
#3520=CARTESIAN_POINT('',(31.265,143.31,0.));
#3521=CARTESIAN_POINT('Origin',(31.265,143.71,2.));
#3522=CARTESIAN_POINT('Origin',(30.205,143.31,0.));
#3523=CARTESIAN_POINT('',(30.605,143.31,0.));
#3524=CARTESIAN_POINT('',(109.5475,143.31,0.));
#3525=CARTESIAN_POINT('',(30.605,143.31,2.));
#3526=CARTESIAN_POINT('',(30.605,143.31,0.));
#3527=CARTESIAN_POINT('',(109.5475,143.31,2.));
#3528=CARTESIAN_POINT('Origin',(30.605,143.71,0.));
#3529=CARTESIAN_POINT('',(30.205,143.71,0.));
#3530=CARTESIAN_POINT('Origin',(30.605,143.71,0.));
#3531=CARTESIAN_POINT('',(30.205,143.71,2.));
#3532=CARTESIAN_POINT('',(30.205,143.71,0.));
#3533=CARTESIAN_POINT('Origin',(30.605,143.71,2.));
#3534=CARTESIAN_POINT('Origin',(30.205,144.75,0.));
#3535=CARTESIAN_POINT('',(30.205,144.35,0.));
#3536=CARTESIAN_POINT('',(30.205,122.375,0.));
#3537=CARTESIAN_POINT('',(30.205,144.35,2.));
#3538=CARTESIAN_POINT('',(30.205,144.35,0.));
#3539=CARTESIAN_POINT('',(30.205,122.375,2.));
#3540=CARTESIAN_POINT('Origin',(22.,143.71,0.));
#3541=CARTESIAN_POINT('',(21.6,143.71,0.));
#3542=CARTESIAN_POINT('Origin',(22.,143.71,0.));
#3543=CARTESIAN_POINT('',(21.6,143.71,2.));
#3544=CARTESIAN_POINT('',(21.6,143.71,0.));
#3545=CARTESIAN_POINT('Origin',(22.,143.71,2.));
#3546=CARTESIAN_POINT('Origin',(21.6,144.75,0.));
#3547=CARTESIAN_POINT('',(21.6,144.35,0.));
#3548=CARTESIAN_POINT('',(21.6,122.375,0.));
#3549=CARTESIAN_POINT('',(21.6,144.35,2.));
#3550=CARTESIAN_POINT('',(21.6,144.35,0.));
#3551=CARTESIAN_POINT('',(21.6,122.375,2.));
#3552=CARTESIAN_POINT('Origin',(12.8425,143.71,0.));
#3553=CARTESIAN_POINT('',(12.4425,143.71,0.));
#3554=CARTESIAN_POINT('Origin',(12.8425,143.71,0.));
#3555=CARTESIAN_POINT('',(12.4425,143.71,2.));
#3556=CARTESIAN_POINT('',(12.4425,143.71,0.));
#3557=CARTESIAN_POINT('Origin',(12.8425,143.71,2.));
#3558=CARTESIAN_POINT('Origin',(12.4425,144.75,0.));
#3559=CARTESIAN_POINT('',(12.4425,144.35,0.));
#3560=CARTESIAN_POINT('',(12.4425,122.375,0.));
#3561=CARTESIAN_POINT('',(12.4425,144.35,2.));
#3562=CARTESIAN_POINT('',(12.4425,144.35,0.));
#3563=CARTESIAN_POINT('',(12.4425,122.375,2.));
#3564=CARTESIAN_POINT('Origin',(30.605,144.35,0.));
#3565=CARTESIAN_POINT('',(30.605,144.75,0.));
#3566=CARTESIAN_POINT('Origin',(30.605,144.35,0.));
#3567=CARTESIAN_POINT('',(30.605,144.75,2.));
#3568=CARTESIAN_POINT('',(30.605,144.75,0.));
#3569=CARTESIAN_POINT('Origin',(30.605,144.35,2.));
#3570=CARTESIAN_POINT('Origin',(31.665,144.75,0.));
#3571=CARTESIAN_POINT('',(110.2775,144.75,2.));
#3572=CARTESIAN_POINT('',(110.2775,144.75,0.));
#3573=CARTESIAN_POINT('Origin',(22.,144.35,0.));
#3574=CARTESIAN_POINT('',(22.,144.75,0.));
#3575=CARTESIAN_POINT('Origin',(22.,144.35,0.));
#3576=CARTESIAN_POINT('',(22.,144.75,2.));
#3577=CARTESIAN_POINT('',(22.,144.75,0.));
#3578=CARTESIAN_POINT('Origin',(22.,144.35,2.));
#3579=CARTESIAN_POINT('Origin',(23.06,144.75,0.));
#3580=CARTESIAN_POINT('',(105.975,144.75,2.));
#3581=CARTESIAN_POINT('',(105.975,144.75,0.));
#3582=CARTESIAN_POINT('Origin',(12.8425,144.35,0.));
#3583=CARTESIAN_POINT('',(12.8425,144.75,0.));
#3584=CARTESIAN_POINT('Origin',(12.8425,144.35,0.));
#3585=CARTESIAN_POINT('',(12.8425,144.75,2.));
#3586=CARTESIAN_POINT('',(12.8425,144.75,0.));
#3587=CARTESIAN_POINT('Origin',(12.8425,144.35,2.));
#3588=CARTESIAN_POINT('Origin',(13.9025,144.75,0.));
#3589=CARTESIAN_POINT('',(101.39625,144.75,2.));
#3590=CARTESIAN_POINT('',(101.39625,144.75,0.));
#3591=CARTESIAN_POINT('Origin',(35.53,153.55,1.));
#3592=CARTESIAN_POINT('',(35.53,155.55,1.));
#3593=CARTESIAN_POINT('',(35.53,156.55,2.));
#3594=CARTESIAN_POINT('Origin',(35.53,156.55,1.));
#3595=CARTESIAN_POINT('',(32.53,153.55,2.));
#3596=CARTESIAN_POINT('Origin',(35.53,153.55,2.));
#3597=CARTESIAN_POINT('',(33.53,153.55,1.));
#3598=CARTESIAN_POINT('Origin',(32.53,153.55,1.));
#3599=CARTESIAN_POINT('Origin',(35.53,153.55,1.));
#3600=CARTESIAN_POINT('Origin',(32.53,127.775,1.));
#3601=CARTESIAN_POINT('',(32.53,153.000002250075,2.));
#3602=CARTESIAN_POINT('',(33.53,153.000002250075,1.));
#3603=CARTESIAN_POINT('Origin',(32.53,153.000002250075,1.));
#3604=CARTESIAN_POINT('',(33.53,127.775,1.));
#3605=CARTESIAN_POINT('',(32.53,127.775,2.));
#3606=CARTESIAN_POINT('Origin',(35.53,153.000002250075,1.));
#3607=CARTESIAN_POINT('',(35.53,150.000002250075,2.));
#3608=CARTESIAN_POINT('',(35.53,151.000002250075,1.));
#3609=CARTESIAN_POINT('Origin',(35.53,150.000002250075,1.));
#3610=CARTESIAN_POINT('Origin',(35.53,153.000002250075,1.));
#3611=CARTESIAN_POINT('Origin',(35.53,153.000002250075,2.));
#3612=CARTESIAN_POINT('Origin',(111.21,150.000002250075,1.));
#3613=CARTESIAN_POINT('',(37.13,150.000002250075,2.));
#3614=CARTESIAN_POINT('',(37.13,151.000002250075,1.));
#3615=CARTESIAN_POINT('Origin',(37.13,150.000002250075,1.));
#3616=CARTESIAN_POINT('',(111.21,151.000002250075,1.));
#3617=CARTESIAN_POINT('',(111.21,150.000002250075,2.));
#3618=CARTESIAN_POINT('Origin',(37.13,153.000002250075,1.));
#3619=CARTESIAN_POINT('',(40.13,153.000002250075,2.));
#3620=CARTESIAN_POINT('',(39.13,153.000002250075,1.));
#3621=CARTESIAN_POINT('Origin',(40.13,153.000002250075,1.));
#3622=CARTESIAN_POINT('Origin',(37.13,153.000002250075,1.));
#3623=CARTESIAN_POINT('Origin',(37.13,153.000002250075,2.));
#3624=CARTESIAN_POINT('Origin',(40.13,125.500001125038,1.));
#3625=CARTESIAN_POINT('',(40.13,153.55,2.));
#3626=CARTESIAN_POINT('',(39.13,153.55,1.));
#3627=CARTESIAN_POINT('Origin',(40.13,153.55,1.));
#3628=CARTESIAN_POINT('',(39.13,125.500001125038,1.));
#3629=CARTESIAN_POINT('',(40.13,125.500001125038,2.));
#3630=CARTESIAN_POINT('Origin',(37.13,153.55,1.));
#3631=CARTESIAN_POINT('',(37.13,156.55,2.));
#3632=CARTESIAN_POINT('',(37.13,155.55,1.));
#3633=CARTESIAN_POINT('Origin',(37.13,156.55,1.));
#3634=CARTESIAN_POINT('Origin',(37.13,153.55,1.));
#3635=CARTESIAN_POINT('Origin',(37.13,153.55,2.));
#3636=CARTESIAN_POINT('Origin',(114.01,156.55,1.));
#3637=CARTESIAN_POINT('',(114.01,156.55,2.));
#3638=CARTESIAN_POINT('',(114.01,155.55,1.));
#3639=CARTESIAN_POINT('Origin',(39.13,151.000002250075,0.));
#3640=CARTESIAN_POINT('',(39.13,153.55,0.));
#3641=CARTESIAN_POINT('',(39.13,153.55,0.));
#3642=CARTESIAN_POINT('',(39.13,153.000002250075,0.));
#3643=CARTESIAN_POINT('',(39.13,125.500001125038,0.));
#3644=CARTESIAN_POINT('',(39.13,153.000002250075,0.));
#3645=CARTESIAN_POINT('Origin',(37.13,153.55,0.));
#3646=CARTESIAN_POINT('',(37.13,155.55,0.));
#3647=CARTESIAN_POINT('',(37.13,155.55,0.));
#3648=CARTESIAN_POINT('Origin',(37.13,153.55,0.));
#3649=CARTESIAN_POINT('Origin',(39.13,155.55,0.));
#3650=CARTESIAN_POINT('',(35.53,155.55,0.));
#3651=CARTESIAN_POINT('',(35.53,155.55,0.));
#3652=CARTESIAN_POINT('',(114.01,155.55,0.));
#3653=CARTESIAN_POINT('Origin',(35.53,153.55,0.));
#3654=CARTESIAN_POINT('',(33.53,153.55,0.));
#3655=CARTESIAN_POINT('',(33.53,153.55,0.));
#3656=CARTESIAN_POINT('Origin',(35.53,153.55,0.));
#3657=CARTESIAN_POINT('Origin',(188.89,100.,2.));
#3658=CARTESIAN_POINT('',(0.,0.,2.));
#3659=CARTESIAN_POINT('',(377.78,0.,2.));
#3660=CARTESIAN_POINT('',(0.,0.,2.));
#3661=CARTESIAN_POINT('',(377.78,200.,2.));
#3662=CARTESIAN_POINT('',(377.78,0.,2.));
#3663=CARTESIAN_POINT('',(0.,200.,2.));
#3664=CARTESIAN_POINT('',(377.78,200.,2.));
#3665=CARTESIAN_POINT('',(0.,0.,2.));
#3666=CARTESIAN_POINT('',(23.53,153.55,2.));
#3667=CARTESIAN_POINT('',(23.53,153.000002250075,2.));
#3668=CARTESIAN_POINT('',(23.53,127.775,2.));
#3669=CARTESIAN_POINT('',(26.53,156.55,2.));
#3670=CARTESIAN_POINT('Origin',(26.53,153.55,2.));
#3671=CARTESIAN_POINT('',(28.13,156.55,2.));
#3672=CARTESIAN_POINT('',(109.51,156.55,2.));
#3673=CARTESIAN_POINT('',(31.13,153.55,2.));
#3674=CARTESIAN_POINT('Origin',(28.13,153.55,2.));
#3675=CARTESIAN_POINT('',(31.13,153.000002250075,2.));
#3676=CARTESIAN_POINT('',(31.13,125.500001125038,2.));
#3677=CARTESIAN_POINT('',(28.13,150.000002250075,2.));
#3678=CARTESIAN_POINT('Origin',(28.13,153.000002250075,2.));
#3679=CARTESIAN_POINT('',(26.53,150.000002250075,2.));
#3680=CARTESIAN_POINT('',(106.71,150.000002250075,2.));
#3681=CARTESIAN_POINT('Origin',(26.53,153.000002250075,2.));
#3682=CARTESIAN_POINT('',(4.53,153.000002250075,2.));
#3683=CARTESIAN_POINT('',(7.53,150.000002250075,2.));
#3684=CARTESIAN_POINT('Origin',(7.53,153.000002250075,2.));
#3685=CARTESIAN_POINT('',(4.53,153.55,2.));
#3686=CARTESIAN_POINT('',(4.52999999999999,127.775,2.));
#3687=CARTESIAN_POINT('',(7.53,156.55,2.));
#3688=CARTESIAN_POINT('Origin',(7.53,153.55,2.));
#3689=CARTESIAN_POINT('',(9.33,156.55,2.));
#3690=CARTESIAN_POINT('',(100.11,156.55,2.));
#3691=CARTESIAN_POINT('',(12.33,153.55,2.));
#3692=CARTESIAN_POINT('Origin',(9.33,153.55,2.));
#3693=CARTESIAN_POINT('',(12.33,153.000002250075,2.));
#3694=CARTESIAN_POINT('',(12.33,125.500001125038,2.));
#3695=CARTESIAN_POINT('',(9.33,150.000002250075,2.));
#3696=CARTESIAN_POINT('Origin',(9.33,153.000002250075,2.));
#3697=CARTESIAN_POINT('',(97.21,150.000002250075,2.));
#3698=CARTESIAN_POINT('',(4.,113.31,2.));
#3699=CARTESIAN_POINT('',(4.,12.,2.));
#3700=CARTESIAN_POINT('',(4.,119.155,2.));
#3701=CARTESIAN_POINT('',(30.,139.31,2.));
#3702=CARTESIAN_POINT('Origin',(30.,113.31,2.));
#3703=CARTESIAN_POINT('',(38.0000006258488,131.31,2.));
#3704=CARTESIAN_POINT('Origin',(30.0000006258488,131.31,2.));
#3705=CARTESIAN_POINT('',(38.0000006258488,30.,2.));
#3706=CARTESIAN_POINT('',(38.0000006258488,52.5,2.));
#3707=CARTESIAN_POINT('',(11.999999974966,4.00000000000001,2.));
#3708=CARTESIAN_POINT('Origin',(12.0000006258488,30.,2.));
#3709=CARTESIAN_POINT('Origin',(12.,12.,2.));
#3710=CARTESIAN_POINT('',(345.59,21.41,2.));
#3711=CARTESIAN_POINT('',(345.59,171.59,2.));
#3712=CARTESIAN_POINT('',(345.59,61.705,2.));
#3713=CARTESIAN_POINT('',(81.27,21.41,2.));
#3714=CARTESIAN_POINT('',(136.08,21.41,2.));
#3715=CARTESIAN_POINT('',(81.27,171.59,2.));
#3716=CARTESIAN_POINT('',(81.27,134.795,2.));
#3717=CARTESIAN_POINT('',(266.24,171.59,2.));
#3718=CARTESIAN_POINT('',(21.83,153.55,2.));
#3719=CARTESIAN_POINT('',(18.83,156.55,2.));
#3720=CARTESIAN_POINT('Origin',(18.83,153.55,2.));
#3721=CARTESIAN_POINT('',(21.83,153.000002250075,2.));
#3722=CARTESIAN_POINT('',(21.83,125.500001125038,2.));
#3723=CARTESIAN_POINT('',(18.83,150.000002250075,2.));
#3724=CARTESIAN_POINT('Origin',(18.83,153.000002250075,2.));
#3725=CARTESIAN_POINT('',(17.23,150.000002250075,2.));
#3726=CARTESIAN_POINT('',(102.06,150.000002250075,2.));
#3727=CARTESIAN_POINT('',(14.23,153.000002250075,2.));
#3728=CARTESIAN_POINT('Origin',(17.23,153.000002250075,2.));
#3729=CARTESIAN_POINT('',(14.23,153.55,2.));
#3730=CARTESIAN_POINT('',(14.23,127.775,2.));
#3731=CARTESIAN_POINT('',(17.23,156.55,2.));
#3732=CARTESIAN_POINT('Origin',(17.23,153.55,2.));
#3733=CARTESIAN_POINT('',(104.86,156.55,2.));
#3734=CARTESIAN_POINT('Origin',(23.53,127.775,1.));
#3735=CARTESIAN_POINT('',(24.53,153.000002250075,1.));
#3736=CARTESIAN_POINT('Origin',(23.53,153.000002250075,1.));
#3737=CARTESIAN_POINT('',(24.53,153.55,1.));
#3738=CARTESIAN_POINT('',(24.53,127.775,1.));
#3739=CARTESIAN_POINT('Origin',(23.53,153.55,1.));
#3740=CARTESIAN_POINT('Origin',(26.53,153.55,1.));
#3741=CARTESIAN_POINT('',(26.53,155.55,1.));
#3742=CARTESIAN_POINT('Origin',(26.53,156.55,1.));
#3743=CARTESIAN_POINT('Origin',(26.53,153.55,1.));
#3744=CARTESIAN_POINT('Origin',(109.51,156.55,1.));
#3745=CARTESIAN_POINT('',(28.13,155.55,1.));
#3746=CARTESIAN_POINT('Origin',(28.13,156.55,1.));
#3747=CARTESIAN_POINT('',(109.51,155.55,1.));
#3748=CARTESIAN_POINT('Origin',(28.13,153.55,1.));
#3749=CARTESIAN_POINT('',(30.13,153.55,1.));
#3750=CARTESIAN_POINT('Origin',(31.13,153.55,1.));
#3751=CARTESIAN_POINT('Origin',(28.13,153.55,1.));
#3752=CARTESIAN_POINT('Origin',(31.13,125.500001125038,1.));
#3753=CARTESIAN_POINT('',(30.13,153.000002250075,1.));
#3754=CARTESIAN_POINT('Origin',(31.13,153.000002250075,1.));
#3755=CARTESIAN_POINT('',(30.13,125.500001125038,1.));
#3756=CARTESIAN_POINT('Origin',(28.13,153.000002250075,1.));
#3757=CARTESIAN_POINT('',(28.13,151.000002250075,1.));
#3758=CARTESIAN_POINT('Origin',(28.13,150.000002250075,1.));
#3759=CARTESIAN_POINT('Origin',(28.13,153.000002250075,1.));
#3760=CARTESIAN_POINT('Origin',(106.71,150.000002250075,1.));
#3761=CARTESIAN_POINT('',(26.53,151.000002250075,1.));
#3762=CARTESIAN_POINT('Origin',(26.53,150.000002250075,1.));
#3763=CARTESIAN_POINT('',(106.71,151.000002250075,1.));
#3764=CARTESIAN_POINT('Origin',(26.53,153.000002250075,1.));
#3765=CARTESIAN_POINT('Origin',(26.53,153.000002250075,1.));
#3766=CARTESIAN_POINT('Origin',(28.13,153.55,0.));
#3767=CARTESIAN_POINT('',(28.13,155.55,0.));
#3768=CARTESIAN_POINT('',(28.13,155.55,0.));
#3769=CARTESIAN_POINT('',(30.13,153.55,0.));
#3770=CARTESIAN_POINT('Origin',(28.13,153.55,0.));
#3771=CARTESIAN_POINT('',(30.13,153.55,0.));
#3772=CARTESIAN_POINT('Origin',(30.13,155.55,0.));
#3773=CARTESIAN_POINT('',(26.53,155.55,0.));
#3774=CARTESIAN_POINT('',(26.53,155.55,0.));
#3775=CARTESIAN_POINT('',(109.51,155.55,0.));
#3776=CARTESIAN_POINT('Origin',(26.53,153.55,0.));
#3777=CARTESIAN_POINT('',(24.53,153.55,0.));
#3778=CARTESIAN_POINT('',(24.53,153.55,0.));
#3779=CARTESIAN_POINT('Origin',(26.53,153.55,0.));
#3780=CARTESIAN_POINT('Origin',(24.53,155.55,0.));
#3781=CARTESIAN_POINT('',(24.53,153.000002250075,0.));
#3782=CARTESIAN_POINT('',(24.53,153.000002250075,0.));
#3783=CARTESIAN_POINT('',(24.53,127.775,0.));
#3784=CARTESIAN_POINT('Origin',(18.83,153.55,1.));
#3785=CARTESIAN_POINT('',(20.83,153.55,1.));
#3786=CARTESIAN_POINT('Origin',(21.83,153.55,1.));
#3787=CARTESIAN_POINT('',(18.83,155.55,1.));
#3788=CARTESIAN_POINT('Origin',(18.83,156.55,1.));
#3789=CARTESIAN_POINT('Origin',(18.83,153.55,1.));
#3790=CARTESIAN_POINT('Origin',(104.86,156.55,1.));
#3791=CARTESIAN_POINT('',(17.23,155.55,1.));
#3792=CARTESIAN_POINT('Origin',(17.23,156.55,1.));
#3793=CARTESIAN_POINT('',(104.86,155.55,1.));
#3794=CARTESIAN_POINT('Origin',(17.23,153.55,1.));
#3795=CARTESIAN_POINT('',(15.23,153.55,1.));
#3796=CARTESIAN_POINT('Origin',(14.23,153.55,1.));
#3797=CARTESIAN_POINT('Origin',(17.23,153.55,1.));
#3798=CARTESIAN_POINT('Origin',(14.23,127.775,1.));
#3799=CARTESIAN_POINT('',(15.23,153.000002250075,1.));
#3800=CARTESIAN_POINT('Origin',(14.23,153.000002250075,1.));
#3801=CARTESIAN_POINT('',(15.23,127.775,1.));
#3802=CARTESIAN_POINT('Origin',(17.23,153.000002250075,1.));
#3803=CARTESIAN_POINT('',(17.23,151.000002250075,1.));
#3804=CARTESIAN_POINT('Origin',(17.23,150.000002250075,1.));
#3805=CARTESIAN_POINT('Origin',(17.23,153.000002250075,1.));
#3806=CARTESIAN_POINT('Origin',(102.06,150.000002250075,1.));
#3807=CARTESIAN_POINT('',(18.83,151.000002250075,1.));
#3808=CARTESIAN_POINT('Origin',(18.83,150.000002250075,1.));
#3809=CARTESIAN_POINT('',(102.06,151.000002250075,1.));
#3810=CARTESIAN_POINT('Origin',(18.83,153.000002250075,1.));
#3811=CARTESIAN_POINT('',(20.83,153.000002250075,1.));
#3812=CARTESIAN_POINT('Origin',(21.83,153.000002250075,1.));
#3813=CARTESIAN_POINT('Origin',(18.83,153.000002250075,1.));
#3814=CARTESIAN_POINT('Origin',(21.83,125.500001125038,1.));
#3815=CARTESIAN_POINT('',(20.83,125.500001125038,1.));
#3816=CARTESIAN_POINT('Origin',(15.23,151.000002250075,0.));
#3817=CARTESIAN_POINT('',(18.83,151.000002250075,0.));
#3818=CARTESIAN_POINT('',(18.83,151.000002250075,0.));
#3819=CARTESIAN_POINT('',(17.23,151.000002250075,0.));
#3820=CARTESIAN_POINT('',(102.06,151.000002250075,0.));
#3821=CARTESIAN_POINT('',(17.23,151.000002250075,0.));
#3822=CARTESIAN_POINT('Origin',(18.83,153.000002250075,0.));
#3823=CARTESIAN_POINT('',(20.83,153.000002250075,0.));
#3824=CARTESIAN_POINT('',(20.83,153.000002250075,0.));
#3825=CARTESIAN_POINT('Origin',(18.83,153.000002250075,0.));
#3826=CARTESIAN_POINT('Origin',(20.83,151.000002250075,0.));
#3827=CARTESIAN_POINT('',(20.83,153.55,0.));
#3828=CARTESIAN_POINT('',(20.83,153.55,0.));
#3829=CARTESIAN_POINT('',(20.83,125.500001125038,0.));
#3830=CARTESIAN_POINT('Origin',(18.83,153.55,0.));
#3831=CARTESIAN_POINT('',(18.83,155.55,0.));
#3832=CARTESIAN_POINT('',(18.83,155.55,0.));
#3833=CARTESIAN_POINT('Origin',(18.83,153.55,0.));
#3834=CARTESIAN_POINT('Origin',(7.53,153.000002250075,1.));
#3835=CARTESIAN_POINT('',(5.53,153.000002250075,1.));
#3836=CARTESIAN_POINT('Origin',(4.53,153.000002250075,1.));
#3837=CARTESIAN_POINT('',(7.53,151.000002250075,1.));
#3838=CARTESIAN_POINT('Origin',(7.53,150.000002250075,1.));
#3839=CARTESIAN_POINT('Origin',(7.53,153.000002250075,1.));
#3840=CARTESIAN_POINT('Origin',(97.21,150.000002250075,1.));
#3841=CARTESIAN_POINT('',(9.33,151.000002250075,1.));
#3842=CARTESIAN_POINT('Origin',(9.33,150.000002250075,1.));
#3843=CARTESIAN_POINT('',(97.21,151.000002250075,1.));
#3844=CARTESIAN_POINT('Origin',(9.33,153.000002250075,1.));
#3845=CARTESIAN_POINT('',(11.33,153.000002250075,1.));
#3846=CARTESIAN_POINT('Origin',(12.33,153.000002250075,1.));
#3847=CARTESIAN_POINT('Origin',(9.33,153.000002250075,1.));
#3848=CARTESIAN_POINT('Origin',(12.33,125.500001125038,1.));
#3849=CARTESIAN_POINT('',(11.33,153.55,1.));
#3850=CARTESIAN_POINT('Origin',(12.33,153.55,1.));
#3851=CARTESIAN_POINT('',(11.33,125.500001125038,1.));
#3852=CARTESIAN_POINT('Origin',(9.33,153.55,1.));
#3853=CARTESIAN_POINT('',(9.33,155.55,1.));
#3854=CARTESIAN_POINT('Origin',(9.33,156.55,1.));
#3855=CARTESIAN_POINT('Origin',(9.33,153.55,1.));
#3856=CARTESIAN_POINT('Origin',(100.11,156.55,1.));
#3857=CARTESIAN_POINT('',(7.53,155.55,1.));
#3858=CARTESIAN_POINT('Origin',(7.53,156.55,1.));
#3859=CARTESIAN_POINT('',(100.11,155.55,1.));
#3860=CARTESIAN_POINT('Origin',(7.53,153.55,1.));
#3861=CARTESIAN_POINT('',(5.53,153.55,1.));
#3862=CARTESIAN_POINT('Origin',(4.53,153.55,1.));
#3863=CARTESIAN_POINT('Origin',(7.53,153.55,1.));
#3864=CARTESIAN_POINT('Origin',(4.52999999999999,127.775,1.));
#3865=CARTESIAN_POINT('',(5.53,127.775,1.));
#3866=CARTESIAN_POINT('Origin',(11.33,155.55,0.));
#3867=CARTESIAN_POINT('',(7.53,155.55,0.));
#3868=CARTESIAN_POINT('',(7.53,155.55,0.));
#3869=CARTESIAN_POINT('',(9.33,155.55,0.));
#3870=CARTESIAN_POINT('',(100.11,155.55,0.));
#3871=CARTESIAN_POINT('',(9.33,155.55,0.));
#3872=CARTESIAN_POINT('Origin',(7.53,153.55,0.));
#3873=CARTESIAN_POINT('',(5.53000000000001,153.55,0.));
#3874=CARTESIAN_POINT('',(5.53,153.55,0.));
#3875=CARTESIAN_POINT('Origin',(7.53,153.55,0.));
#3876=CARTESIAN_POINT('Origin',(5.53,155.55,0.));
#3877=CARTESIAN_POINT('',(5.53000000000001,153.000002250075,0.));
#3878=CARTESIAN_POINT('',(5.53,153.000002250075,0.));
#3879=CARTESIAN_POINT('',(5.53000000000001,127.775,0.));
#3880=CARTESIAN_POINT('Origin',(7.53,153.000002250075,0.));
#3881=CARTESIAN_POINT('',(7.53,151.000002250075,0.));
#3882=CARTESIAN_POINT('',(7.53,151.000002250075,0.));
#3883=CARTESIAN_POINT('Origin',(7.53,153.000002250075,0.));
#3884=CARTESIAN_POINT('Origin',(17.23,153.000002250075,0.));
#3885=CARTESIAN_POINT('',(15.23,153.000002250075,0.));
#3886=CARTESIAN_POINT('Origin',(17.23,153.000002250075,0.));
#3887=CARTESIAN_POINT('',(15.23,153.000002250075,0.));
#3888=CARTESIAN_POINT('Origin',(15.23,155.55,0.));
#3889=CARTESIAN_POINT('',(15.23,153.55,0.));
#3890=CARTESIAN_POINT('',(15.23,127.775,0.));
#3891=CARTESIAN_POINT('',(15.23,153.55,0.));
#3892=CARTESIAN_POINT('Origin',(9.33,153.000002250075,0.));
#3893=CARTESIAN_POINT('',(11.33,153.000002250075,0.));
#3894=CARTESIAN_POINT('',(11.33,153.000002250075,0.));
#3895=CARTESIAN_POINT('',(9.33,151.000002250075,0.));
#3896=CARTESIAN_POINT('Origin',(9.33,153.000002250075,0.));
#3897=CARTESIAN_POINT('',(9.33,151.000002250075,0.));
#3898=CARTESIAN_POINT('Origin',(5.53,151.000002250075,0.));
#3899=CARTESIAN_POINT('',(97.21,151.000002250075,0.));
#3900=CARTESIAN_POINT('Origin',(9.33,153.55,0.));
#3901=CARTESIAN_POINT('',(11.33,153.55,0.));
#3902=CARTESIAN_POINT('Origin',(9.33,153.55,0.));
#3903=CARTESIAN_POINT('',(11.33,153.55,0.));
#3904=CARTESIAN_POINT('Origin',(11.33,151.000002250075,0.));
#3905=CARTESIAN_POINT('',(11.33,125.500001125038,0.));
#3906=CARTESIAN_POINT('Origin',(17.23,153.55,0.));
#3907=CARTESIAN_POINT('',(17.23,155.55,0.));
#3908=CARTESIAN_POINT('Origin',(17.23,153.55,0.));
#3909=CARTESIAN_POINT('',(17.23,155.55,0.));
#3910=CARTESIAN_POINT('Origin',(20.83,155.55,0.));
#3911=CARTESIAN_POINT('',(104.86,155.55,0.));
#3912=CARTESIAN_POINT('Origin',(28.13,153.000002250075,0.));
#3913=CARTESIAN_POINT('',(30.13,153.000002250075,0.));
#3914=CARTESIAN_POINT('',(30.13,153.000002250075,0.));
#3915=CARTESIAN_POINT('',(28.13,151.000002250075,0.));
#3916=CARTESIAN_POINT('Origin',(28.13,153.000002250075,0.));
#3917=CARTESIAN_POINT('',(28.13,151.000002250075,0.));
#3918=CARTESIAN_POINT('Origin',(24.53,151.000002250075,0.));
#3919=CARTESIAN_POINT('',(26.53,151.000002250075,0.));
#3920=CARTESIAN_POINT('',(106.71,151.000002250075,0.));
#3921=CARTESIAN_POINT('',(26.53,151.000002250075,0.));
#3922=CARTESIAN_POINT('Origin',(26.53,153.000002250075,0.));
#3923=CARTESIAN_POINT('Origin',(26.53,153.000002250075,0.));
#3924=CARTESIAN_POINT('Origin',(30.13,151.000002250075,0.));
#3925=CARTESIAN_POINT('',(30.13,125.500001125038,0.));
#3926=CARTESIAN_POINT('Origin',(37.13,153.000002250075,0.));
#3927=CARTESIAN_POINT('',(37.13,151.000002250075,0.));
#3928=CARTESIAN_POINT('Origin',(37.13,153.000002250075,0.));
#3929=CARTESIAN_POINT('',(37.13,151.000002250075,0.));
#3930=CARTESIAN_POINT('Origin',(33.53,151.000002250075,0.));
#3931=CARTESIAN_POINT('',(35.53,151.000002250075,0.));
#3932=CARTESIAN_POINT('',(111.21,151.000002250075,0.));
#3933=CARTESIAN_POINT('',(35.53,151.000002250075,0.));
#3934=CARTESIAN_POINT('Origin',(35.53,153.000002250075,0.));
#3935=CARTESIAN_POINT('',(33.53,153.000002250075,0.));
#3936=CARTESIAN_POINT('Origin',(35.53,153.000002250075,0.));
#3937=CARTESIAN_POINT('',(33.53,153.000002250075,0.));
#3938=CARTESIAN_POINT('Origin',(33.53,155.55,0.));
#3939=CARTESIAN_POINT('',(33.53,127.775,0.));
#3940=CARTESIAN_POINT('Ctrl Pts',(83.27,166.59,-8.32667268468867E-16));
#3941=CARTESIAN_POINT('Ctrl Pts',(83.27,166.59,0.299199300341884));
#3942=CARTESIAN_POINT('Ctrl Pts',(83.1670983821789,166.847254044553,0.747422706917597));
#3943=CARTESIAN_POINT('Ctrl Pts',(82.7667355597714,167.848161100572,1.38504012229882));
#3944=CARTESIAN_POINT('Ctrl Pts',(82.167504586716,169.34623853321,1.86336621585409));
#3945=CARTESIAN_POINT('Ctrl Pts',(81.5691993003419,170.842001749145,2.));
#3946=CARTESIAN_POINT('Ctrl Pts',(81.27,171.59,2.));
#3947=CARTESIAN_POINT('Ctrl Pts',(83.27,167.487597901026,-3.4348845948599E-16));
#3948=CARTESIAN_POINT('Ctrl Pts',(83.27,167.487597901026,0.16306470885716));
#3949=CARTESIAN_POINT('Ctrl Pts',(83.2746695358949,167.629902736108,0.436410413846001));
#3950=CARTESIAN_POINT('Ctrl Pts',(83.0357283636242,168.358323200736,1.10312938610171));
#3951=CARTESIAN_POINT('Ctrl Pts',(82.4274973207858,169.600477737975,1.77865143273574));
#3952=CARTESIAN_POINT('Ctrl Pts',(81.6546848147253,170.927487263529,2.));
#3953=CARTESIAN_POINT('Ctrl Pts',(81.27,171.59,2.));
#3954=CARTESIAN_POINT('Ctrl Pts',(84.0235129529593,169.041441525002,9.77671937752599E-17));
#3955=CARTESIAN_POINT('Ctrl Pts',(84.0235129529593,169.041441525002,0.0454759810569587));
#3956=CARTESIAN_POINT('Ctrl Pts',(84.0537333790625,168.990740618293,0.171678698927511));
#3957=CARTESIAN_POINT('Ctrl Pts',(83.7313949079287,169.255096533866,0.878906993022795));
#3958=CARTESIAN_POINT('Ctrl Pts',(82.8753378100267,170.048729535482,1.71701457455435));
#3959=CARTESIAN_POINT('Ctrl Pts',(81.8042844648962,171.0770869137,2.));
#3960=CARTESIAN_POINT('Ctrl Pts',(81.27,171.59,2.));
#3961=CARTESIAN_POINT('Ctrl Pts',(85.5968015742308,169.59,-4.50077353834629E-16));
#3962=CARTESIAN_POINT('Ctrl Pts',(85.5968015742308,169.59,0.198512199315585));
#3963=CARTESIAN_POINT('Ctrl Pts',(85.4254922149236,169.612482531723,0.516705800246755));
#3964=CARTESIAN_POINT('Ctrl Pts',(84.6269291211779,169.893608373771,1.17455556591146));
#3965=CARTESIAN_POINT('Ctrl Pts',(83.3216419086646,170.498806866424,1.79947415463344));
#3966=CARTESIAN_POINT('Ctrl Pts',(81.9538841150672,171.226686563871,2.));
#3967=CARTESIAN_POINT('Ctrl Pts',(81.27,171.59,2.));
#3968=CARTESIAN_POINT('Ctrl Pts',(86.27,169.59,-8.12417400919754E-16));
#3969=CARTESIAN_POINT('Ctrl Pts',(86.27,169.59,0.299199300341888));
#3970=CARTESIAN_POINT('Ctrl Pts',(86.0127459554472,169.692901617821,0.747422706917601));
#3971=CARTESIAN_POINT('Ctrl Pts',(85.0118388994286,170.093264440229,1.38504012229882));
#3972=CARTESIAN_POINT('Ctrl Pts',(83.51376146679,170.692495413284,1.86336621585409));
#3973=CARTESIAN_POINT('Ctrl Pts',(82.0179982508547,171.290800699658,2.));
#3974=CARTESIAN_POINT('Ctrl Pts',(81.27,171.59,2.));
#3975=CARTESIAN_POINT('',(83.27,166.59,0.));
#3976=CARTESIAN_POINT('',(86.27,169.59,0.));
#3977=CARTESIAN_POINT('Ctrl Pts',(83.27,166.59,3.68328191069678E-16));
#3978=CARTESIAN_POINT('Ctrl Pts',(83.27,167.487597901026,3.11058441942738E-16));
#3979=CARTESIAN_POINT('Ctrl Pts',(83.7005788302625,168.375508543298,2.93487458430075E-16));
#3980=CARTESIAN_POINT('Ctrl Pts',(84.3988395114024,168.935162810394,3.07654236993643E-16));
#3981=CARTESIAN_POINT('Ctrl Pts',(84.9225350222573,169.354903510715,3.18279320916319E-16));
#3982=CARTESIAN_POINT('Ctrl Pts',(85.5968015742308,169.59,3.46756896006876E-16));
#3983=CARTESIAN_POINT('Ctrl Pts',(86.27,169.59,3.88578058618806E-16));
#3984=CARTESIAN_POINT('Origin',(81.27,171.59,0.));
#3985=CARTESIAN_POINT('Origin',(81.27,171.59,0.));
#3986=CARTESIAN_POINT('Origin',(266.24,171.59,0.));
#3987=CARTESIAN_POINT('',(340.59,169.59,0.));
#3988=CARTESIAN_POINT('',(266.24,169.59,0.));
#3989=CARTESIAN_POINT('Origin',(345.59,171.59,0.));
#3990=CARTESIAN_POINT('Ctrl Pts',(81.27,21.41,2.));
#3991=CARTESIAN_POINT('Ctrl Pts',(81.5691993003419,22.1579982508547,2.));
#3992=CARTESIAN_POINT('Ctrl Pts',(82.1675289255491,23.6538223138728,1.86340078843078));
#3993=CARTESIAN_POINT('Ctrl Pts',(82.76675999689,25.1518999922249,1.38506234492955));
#3994=CARTESIAN_POINT('Ctrl Pts',(83.1671318886108,26.1528297215269,0.747448493607846));
#3995=CARTESIAN_POINT('Ctrl Pts',(83.27,26.41,0.299199300341884));
#3996=CARTESIAN_POINT('Ctrl Pts',(83.27,26.41,-8.32667268468867E-16));
#3997=CARTESIAN_POINT('Ctrl Pts',(81.27,21.41,2.));
#3998=CARTESIAN_POINT('Ctrl Pts',(81.6546848147253,22.0725127364713,2.));
#3999=CARTESIAN_POINT('Ctrl Pts',(82.4269148664474,23.3992743270726,1.77862465235233));
#4000=CARTESIAN_POINT('Ctrl Pts',(83.0352640168339,24.6414824137769,1.10311801146577));
#4001=CARTESIAN_POINT('Ctrl Pts',(83.2741389319415,25.3698707640664,0.436386936022385));
#4002=CARTESIAN_POINT('Ctrl Pts',(83.27,25.5124020989743,0.16306470885716));
#4003=CARTESIAN_POINT('Ctrl Pts',(83.27,25.5124020989743,-3.75628192555276E-16));
#4004=CARTESIAN_POINT('Ctrl Pts',(81.27,21.41,2.));
#4005=CARTESIAN_POINT('Ctrl Pts',(81.8042844648962,21.9229130863004,2.));
#4006=CARTESIAN_POINT('Ctrl Pts',(82.8750848286584,22.951006731971,1.71647671908));
#4007=CARTESIAN_POINT('Ctrl Pts',(83.7310948888164,23.744616477524,0.878311652881931));
#4008=CARTESIAN_POINT('Ctrl Pts',(84.053293798758,24.0088318883302,0.170740111593192));
#4009=CARTESIAN_POINT('Ctrl Pts',(84.0232237913294,23.9583407327048,0.0454759810569573));
#4010=CARTESIAN_POINT('Ctrl Pts',(84.0232237913294,23.9583407327048,5.52068145390158E-17));
#4011=CARTESIAN_POINT('Ctrl Pts',(81.27,21.41,2.));
#4012=CARTESIAN_POINT('Ctrl Pts',(81.9538841150672,21.7733134361294,2.));
#4013=CARTESIAN_POINT('Ctrl Pts',(83.3217255527618,22.5009944229611,1.79934364229345));
#4014=CARTESIAN_POINT('Ctrl Pts',(84.627001172509,23.1062347579395,1.17438762374471));
#4015=CARTESIAN_POINT('Ctrl Pts',(85.4255461112485,23.3873139233014,0.516430138961417));
#4016=CARTESIAN_POINT('Ctrl Pts',(85.5968015742308,23.41,0.198512199315582));
#4017=CARTESIAN_POINT('Ctrl Pts',(85.5968015742308,23.41,-4.18639256744393E-16));
#4018=CARTESIAN_POINT('Ctrl Pts',(81.27,21.41,2.));
#4019=CARTESIAN_POINT('Ctrl Pts',(82.0179982508547,21.7091993003419,2.));
#4020=CARTESIAN_POINT('Ctrl Pts',(83.5138223138728,22.3075289255491,1.86340078843078));
#4021=CARTESIAN_POINT('Ctrl Pts',(85.0118999922249,22.90675999689,1.38506234492956));
#4022=CARTESIAN_POINT('Ctrl Pts',(86.0128297215269,23.3071318886108,0.747448493607847));
#4023=CARTESIAN_POINT('Ctrl Pts',(86.27,23.41,0.299199300341884));
#4024=CARTESIAN_POINT('Ctrl Pts',(86.27,23.41,-7.40804637492908E-16));
#4025=CARTESIAN_POINT('',(86.27,23.41,0.));
#4026=CARTESIAN_POINT('',(83.27,26.41,0.));
#4027=CARTESIAN_POINT('Ctrl Pts',(86.27,23.41,3.20923843055709E-16));
#4028=CARTESIAN_POINT('Ctrl Pts',(85.5968015742308,23.41,2.31296463463574E-16));
#4029=CARTESIAN_POINT('Ctrl Pts',(84.9224110958445,23.6450031711592,1.67689936011091E-16));
#4030=CARTESIAN_POINT('Ctrl Pts',(84.3986978812163,24.0647305403201,1.38777878078145E-16));
#4031=CARTESIAN_POINT('Ctrl Pts',(83.7004135950454,24.6243670325346,3.93203987888076E-16));
#4032=CARTESIAN_POINT('Ctrl Pts',(83.27,25.5124020989743,3.70074341541719E-16));
#4033=CARTESIAN_POINT('Ctrl Pts',(83.27,26.41,4.16333634234434E-16));
#4034=CARTESIAN_POINT('Origin',(81.27,21.41,0.));
#4035=CARTESIAN_POINT('Origin',(81.27,21.41,0.));
#4036=CARTESIAN_POINT('Origin',(81.27,134.795,0.));
#4037=CARTESIAN_POINT('',(83.27,134.795,0.));
#4038=CARTESIAN_POINT('Ctrl Pts',(340.59,169.59,-1.38777878078145E-15));
#4039=CARTESIAN_POINT('Ctrl Pts',(340.59,169.59,0.149599650170941));
#4040=CARTESIAN_POINT('Ctrl Pts',(340.71528901044,169.640115604176,0.598476350413715));
#4041=CARTESIAN_POINT('Ctrl Pts',(341.546909810308,169.972763924123,1.28956102219499));
#4042=CARTESIAN_POINT('Ctrl Pts',(343.346572134475,170.69262885379,1.86333629726879));
#4043=CARTESIAN_POINT('Ctrl Pts',(344.842001749145,171.290800699658,2.));
#4044=CARTESIAN_POINT('Ctrl Pts',(345.59,171.59,2.));
#4045=CARTESIAN_POINT('Ctrl Pts',(341.487597901026,169.59,-7.16781415545741E-16));
#4046=CARTESIAN_POINT('Ctrl Pts',(341.487597901026,169.59,0.0815323544285792));
#4047=CARTESIAN_POINT('Ctrl Pts',(341.556676081183,169.588900134265,0.318744367967888));
#4048=CARTESIAN_POINT('Ctrl Pts',(342.10795446299,169.702105706162,0.957356924080403));
#4049=CARTESIAN_POINT('Ctrl Pts',(343.601488244462,170.433154421371,1.78167895181025));
#4050=CARTESIAN_POINT('Ctrl Pts',(344.927487263529,171.205315185275,2.));
#4051=CARTESIAN_POINT('Ctrl Pts',(345.59,171.59,2.));
#4052=CARTESIAN_POINT('Ctrl Pts',(343.041350285425,168.836365880939,-6.16363723810017E-18));
#4053=CARTESIAN_POINT('Ctrl Pts',(343.041350285425,168.836365880939,0.0227379905284773));
#4054=CARTESIAN_POINT('Ctrl Pts',(343.01651342886,168.821175660174,0.0766497392966535));
#4055=CARTESIAN_POINT('Ctrl Pts',(343.093818875135,168.954627796234,0.690481715796038));
#4056=CARTESIAN_POINT('Ctrl Pts',(344.051045225165,169.98699163595,1.72318135539499));
#4057=CARTESIAN_POINT('Ctrl Pts',(345.0770869137,171.055715535104,2.));
#4058=CARTESIAN_POINT('Ctrl Pts',(345.59,171.59,2.));
#4059=CARTESIAN_POINT('Ctrl Pts',(343.59,167.263198425769,-5.37221008098443E-16));
#4060=CARTESIAN_POINT('Ctrl Pts',(343.59,167.263198425769,0.0992560996577891));
#4061=CARTESIAN_POINT('Ctrl Pts',(343.601839348686,167.346463924354,0.391521757781843));
#4062=CARTESIAN_POINT('Ctrl Pts',(343.771865415857,167.969982548256,1.0419126992302));
#4063=CARTESIAN_POINT('Ctrl Pts',(344.499483003666,169.539369885758,1.80176796521923));
#4064=CARTESIAN_POINT('Ctrl Pts',(345.226686563871,170.906115884933,2.));
#4065=CARTESIAN_POINT('Ctrl Pts',(345.59,171.59,2.));
#4066=CARTESIAN_POINT('Ctrl Pts',(343.59,166.59,-9.39984152391986E-16));
#4067=CARTESIAN_POINT('Ctrl Pts',(343.59,166.59,0.14959965017094));
#4068=CARTESIAN_POINT('Ctrl Pts',(343.640115604176,166.71528901044,0.598476350413711));
#4069=CARTESIAN_POINT('Ctrl Pts',(343.972763924123,167.546909810307,1.28956102219498));
#4070=CARTESIAN_POINT('Ctrl Pts',(344.69262885379,169.346572134475,1.86333629726878));
#4071=CARTESIAN_POINT('Ctrl Pts',(345.290800699658,170.842001749145,2.));
#4072=CARTESIAN_POINT('Ctrl Pts',(345.59,171.59,2.));
#4073=CARTESIAN_POINT('',(343.59,166.59,0.));
#4074=CARTESIAN_POINT('Ctrl Pts',(340.59,169.59,3.29361488848171E-16));
#4075=CARTESIAN_POINT('Ctrl Pts',(341.487597901026,169.59,2.19066288022102E-16));
#4076=CARTESIAN_POINT('Ctrl Pts',(342.375456406397,169.159351931965,2.3950178714579E-16));
#4077=CARTESIAN_POINT('Ctrl Pts',(342.935118121621,168.461101141936,3.61642922945199E-16));
#4078=CARTESIAN_POINT('Ctrl Pts',(343.354864408039,167.937413049413,4.53248774794756E-16));
#4079=CARTESIAN_POINT('Ctrl Pts',(343.59,167.263198425769,6.02064047274406E-16));
#4080=CARTESIAN_POINT('Ctrl Pts',(343.59,166.59,7.77156117237609E-16));
#4081=CARTESIAN_POINT('Origin',(345.59,171.59,0.));
#4082=CARTESIAN_POINT('Origin',(345.59,61.705,0.));
#4083=CARTESIAN_POINT('',(343.59,26.4099999999999,0.));
#4084=CARTESIAN_POINT('',(343.59,61.705,0.));
#4085=CARTESIAN_POINT('Origin',(345.59,21.41,0.));
#4086=CARTESIAN_POINT('Ctrl Pts',(343.59,26.4099999999999,-1.38777878078145E-16));
#4087=CARTESIAN_POINT('Ctrl Pts',(343.59,26.4099999999999,0.299199300341886));
#4088=CARTESIAN_POINT('Ctrl Pts',(343.692910937434,26.1527226564162,0.747415318683468));
#4089=CARTESIAN_POINT('Ctrl Pts',(344.093271349213,25.1518216269687,1.38503378811229));
#4090=CARTESIAN_POINT('Ctrl Pts',(344.69250249966,23.6537437508497,1.86335667486654));
#4091=CARTESIAN_POINT('Ctrl Pts',(345.290800699658,22.1579982508547,2.));
#4092=CARTESIAN_POINT('Ctrl Pts',(345.59,21.41,2.));
#4093=CARTESIAN_POINT('Ctrl Pts',(343.59,25.5124020989743,-2.43111103928771E-16));
#4094=CARTESIAN_POINT('Ctrl Pts',(343.59,25.5124020989743,0.163064708857165));
#4095=CARTESIAN_POINT('Ctrl Pts',(343.585179380858,25.370161661584,0.436416893331987));
#4096=CARTESIAN_POINT('Ctrl Pts',(343.824140715634,24.6417317057202,1.10313285834191));
#4097=CARTESIAN_POINT('Ctrl Pts',(344.432338810759,23.3995919468105,1.77865872465241));
#4098=CARTESIAN_POINT('Ctrl Pts',(345.205315185275,22.0725127364713,2.));
#4099=CARTESIAN_POINT('Ctrl Pts',(345.59,21.41,2.));
#4100=CARTESIAN_POINT('Ctrl Pts',(342.836414113535,23.9586133948322,-3.12587968022307E-16));
#4101=CARTESIAN_POINT('Ctrl Pts',(342.836414113535,23.9586133948322,0.0454759810569687));
#4102=CARTESIAN_POINT('Ctrl Pts',(342.806146101466,24.009376850043,0.171930917401027));
#4103=CARTESIAN_POINT('Ctrl Pts',(343.128519924093,23.744985209989,0.879072826024547));
#4104=CARTESIAN_POINT('Ctrl Pts',(343.984587064968,22.9513480601029,1.71717145345348));
#4105=CARTESIAN_POINT('Ctrl Pts',(345.055715535104,21.9229130863004,2.));
#4106=CARTESIAN_POINT('Ctrl Pts',(345.59,21.41,2.));
#4107=CARTESIAN_POINT('Ctrl Pts',(341.263198425769,23.41,-1.4435852473172E-16));
#4108=CARTESIAN_POINT('Ctrl Pts',(341.263198425769,23.41,0.198512199315594));
#4109=CARTESIAN_POINT('Ctrl Pts',(341.434523922878,23.3875747164449,0.516781101778581));
#4110=CARTESIAN_POINT('Ctrl Pts',(342.233090730142,23.1064362145188,1.17460333948478));
#4111=CARTESIAN_POINT('Ctrl Pts',(343.538381510111,22.5012492443079,1.7995140432753));
#4112=CARTESIAN_POINT('Ctrl Pts',(344.906115884933,21.7733134361294,2.));
#4113=CARTESIAN_POINT('Ctrl Pts',(345.59,21.41,2.));
#4114=CARTESIAN_POINT('Ctrl Pts',(340.59,23.41,-4.50836754363679E-17));
#4115=CARTESIAN_POINT('Ctrl Pts',(340.59,23.41,0.299199300341896));
#4116=CARTESIAN_POINT('Ctrl Pts',(340.847277343584,23.3070890625664,0.74741531868348));
#4117=CARTESIAN_POINT('Ctrl Pts',(341.848178373031,22.9067286507874,1.3850337881123));
#4118=CARTESIAN_POINT('Ctrl Pts',(343.34625624915,22.3074975003399,1.86335667486655));
#4119=CARTESIAN_POINT('Ctrl Pts',(344.842001749145,21.7091993003419,2.));
#4120=CARTESIAN_POINT('Ctrl Pts',(345.59,21.41,2.));
#4121=CARTESIAN_POINT('',(340.59,23.41,0.));
#4122=CARTESIAN_POINT('Ctrl Pts',(343.59,26.4099999999999,4.05906158439557E-16));
#4123=CARTESIAN_POINT('Ctrl Pts',(343.59,25.5124020989743,5.37436805991818E-17));
#4124=CARTESIAN_POINT('Ctrl Pts',(343.159379493449,24.6245228394645,-1.08281396592771E-16));
#4125=CARTESIAN_POINT('Ctrl Pts',(342.461124766064,24.0648640891171,-3.18178130095963E-17));
#4126=CARTESIAN_POINT('Ctrl Pts',(341.937433720526,23.6451200263566,2.55298746777848E-17));
#4127=CARTESIAN_POINT('Ctrl Pts',(341.263198425769,23.41,2.17027434051176E-16));
#4128=CARTESIAN_POINT('Ctrl Pts',(340.59,23.41,4.9960036108135E-16));
#4129=CARTESIAN_POINT('Origin',(345.59,21.41,0.));
#4130=CARTESIAN_POINT('Origin',(136.08,21.41,0.));
#4131=CARTESIAN_POINT('',(136.08,23.41,0.));
#4132=CARTESIAN_POINT('Origin',(4.,119.155,1.));
#4133=CARTESIAN_POINT('',(5.,12.,1.));
#4134=CARTESIAN_POINT('Origin',(4.,12.,1.));
#4135=CARTESIAN_POINT('',(5.,113.31,1.));
#4136=CARTESIAN_POINT('',(5.,119.155,1.));
#4137=CARTESIAN_POINT('Origin',(4.,113.31,1.));
#4138=CARTESIAN_POINT('Origin',(30.,113.31,1.));
#4139=CARTESIAN_POINT('',(30.,138.31,1.));
#4140=CARTESIAN_POINT('Origin',(30.,139.31,1.));
#4141=CARTESIAN_POINT('Origin',(30.,113.31,1.));
#4142=CARTESIAN_POINT('Origin',(30.0000006258488,131.31,1.));
#4143=CARTESIAN_POINT('',(37.0000006258488,131.31,1.));
#4144=CARTESIAN_POINT('Origin',(38.0000006258488,131.31,1.));
#4145=CARTESIAN_POINT('Origin',(30.0000006258488,131.31,1.));
#4146=CARTESIAN_POINT('Origin',(38.0000006258488,52.5,1.));
#4147=CARTESIAN_POINT('',(37.0000006258488,30.,1.));
#4148=CARTESIAN_POINT('Origin',(38.0000006258488,30.,1.));
#4149=CARTESIAN_POINT('',(37.0000006258488,52.5,1.));
#4150=CARTESIAN_POINT('Origin',(12.0000006258488,30.,1.));
#4151=CARTESIAN_POINT('',(12.,5.,1.));
#4152=CARTESIAN_POINT('Origin',(11.999999974966,4.00000000000001,1.));
#4153=CARTESIAN_POINT('Origin',(12.0000006258488,30.,1.));
#4154=CARTESIAN_POINT('Origin',(12.,12.,1.));
#4155=CARTESIAN_POINT('Origin',(12.,12.,1.));
#4156=CARTESIAN_POINT('Origin',(30.0000006258488,131.31,0.));
#4157=CARTESIAN_POINT('',(30.,138.31,0.));
#4158=CARTESIAN_POINT('',(30.,138.31,0.));
#4159=CARTESIAN_POINT('',(37.0000006258488,131.31,0.));
#4160=CARTESIAN_POINT('Origin',(30.0000006258488,131.31,0.));
#4161=CARTESIAN_POINT('',(37.0000006258488,131.31,0.));
#4162=CARTESIAN_POINT('Origin',(30.,113.31,0.));
#4163=CARTESIAN_POINT('',(5.,113.31,0.));
#4164=CARTESIAN_POINT('',(5.,113.31,0.));
#4165=CARTESIAN_POINT('Origin',(30.,113.31,0.));
#4166=CARTESIAN_POINT('Origin',(5.,138.31,0.));
#4167=CARTESIAN_POINT('',(5.,12.,0.));
#4168=CARTESIAN_POINT('',(5.,12.,0.));
#4169=CARTESIAN_POINT('',(5.,119.155,0.));
#4170=CARTESIAN_POINT('Origin',(12.0000006258488,30.,0.));
#4171=CARTESIAN_POINT('',(37.0000006258488,30.,0.));
#4172=CARTESIAN_POINT('',(37.0000006258488,30.,0.));
#4173=CARTESIAN_POINT('',(12.,5.,0.));
#4174=CARTESIAN_POINT('Origin',(12.0000006258488,30.,0.));
#4175=CARTESIAN_POINT('',(12.,5.,0.));
#4176=CARTESIAN_POINT('Origin',(12.,12.,0.));
#4177=CARTESIAN_POINT('Origin',(12.,12.,0.));
#4178=CARTESIAN_POINT('Origin',(37.0000006258488,5.,0.));
#4179=CARTESIAN_POINT('',(37.0000006258488,52.5,0.));
#4180=CARTESIAN_POINT('Origin',(0.,200.,0.));
#4181=CARTESIAN_POINT('',(0.,0.,0.));
#4182=CARTESIAN_POINT('',(0.,200.,0.));
#4183=CARTESIAN_POINT('',(0.,0.,0.));
#4184=CARTESIAN_POINT('',(0.,0.,0.));
#4185=CARTESIAN_POINT('',(0.,200.,0.));
#4186=CARTESIAN_POINT('Origin',(377.78,200.,0.));
#4187=CARTESIAN_POINT('',(377.78,200.,0.));
#4188=CARTESIAN_POINT('',(377.78,200.,0.));
#4189=CARTESIAN_POINT('',(377.78,200.,0.));
#4190=CARTESIAN_POINT('Origin',(377.78,0.,0.));
#4191=CARTESIAN_POINT('',(377.78,0.,0.));
#4192=CARTESIAN_POINT('',(377.78,0.,0.));
#4193=CARTESIAN_POINT('',(377.78,0.,0.));
#4194=CARTESIAN_POINT('Origin',(0.,0.,0.));
#4195=CARTESIAN_POINT('',(0.,0.,0.));
#4196=CARTESIAN_POINT('Origin',(188.89,100.,0.));
#4197=CARTESIAN_POINT('Origin',(377.78,0.,0.));
#4198=CARTESIAN_POINT('',(0.,0.,0.));
#4199=CARTESIAN_POINT('',(377.78,0.,0.));
#4200=CARTESIAN_POINT('',(0.,0.,0.));
#4201=CARTESIAN_POINT('',(0.,0.,2.));
#4202=CARTESIAN_POINT('',(0.,0.,0.));
#4203=CARTESIAN_POINT('',(377.78,0.,2.));
#4204=CARTESIAN_POINT('',(0.,0.,2.));
#4205=CARTESIAN_POINT('',(377.78,0.,0.));
#4206=CARTESIAN_POINT('Origin',(377.78,-2.,0.));
#4207=CARTESIAN_POINT('',(377.78,-2.,0.));
#4208=CARTESIAN_POINT('',(377.78,-2.,0.));
#4209=CARTESIAN_POINT('',(377.78,-2.,2.));
#4210=CARTESIAN_POINT('',(377.78,-2.,2.));
#4211=CARTESIAN_POINT('',(377.78,-2.,0.));
#4212=CARTESIAN_POINT('Origin',(0.,-2.,0.));
#4213=CARTESIAN_POINT('',(0.,-2.,0.));
#4214=CARTESIAN_POINT('',(0.,-2.,0.));
#4215=CARTESIAN_POINT('',(0.,-2.,2.));
#4216=CARTESIAN_POINT('',(0.,-2.,2.));
#4217=CARTESIAN_POINT('',(0.,-2.,0.));
#4218=CARTESIAN_POINT('Origin',(0.,0.,0.));
#4219=CARTESIAN_POINT('',(0.,0.,0.));
#4220=CARTESIAN_POINT('',(0.,0.,2.));
#4221=CARTESIAN_POINT('Origin',(188.89,-1.,2.));
#4222=CARTESIAN_POINT('Origin',(188.89,-1.,0.));
#4223=UNCERTAINTY_MEASURE_WITH_UNIT(LENGTH_MEASURE(0.01),#4227,
'DISTANCE_ACCURACY_VALUE',
'Maximum model space distance between geometric entities at asserted c
onnectivities');
#4224=UNCERTAINTY_MEASURE_WITH_UNIT(LENGTH_MEASURE(0.01),#4227,
'DISTANCE_ACCURACY_VALUE',
'Maximum model space distance between geometric entities at asserted c
onnectivities');
#4225=(
GEOMETRIC_REPRESENTATION_CONTEXT(3)
GLOBAL_UNCERTAINTY_ASSIGNED_CONTEXT((#4223))
GLOBAL_UNIT_ASSIGNED_CONTEXT((#4227,#4229,#4230))
REPRESENTATION_CONTEXT('','3D')
);
#4226=(
GEOMETRIC_REPRESENTATION_CONTEXT(3)
GLOBAL_UNCERTAINTY_ASSIGNED_CONTEXT((#4224))
GLOBAL_UNIT_ASSIGNED_CONTEXT((#4227,#4229,#4230))
REPRESENTATION_CONTEXT('','3D')
);
#4227=(
LENGTH_UNIT()
NAMED_UNIT(*)
SI_UNIT(.MILLI.,.METRE.)
);
#4228=(
LENGTH_UNIT()
NAMED_UNIT(*)
SI_UNIT($,.METRE.)
);
#4229=(
NAMED_UNIT(*)
PLANE_ANGLE_UNIT()
SI_UNIT($,.RADIAN.)
);
#4230=(
NAMED_UNIT(*)
SI_UNIT($,.STERADIAN.)
SOLID_ANGLE_UNIT()
);
#4231=SHAPE_DEFINITION_REPRESENTATION(#4232,#4233);
#4232=PRODUCT_DEFINITION_SHAPE('',$,#4235);
#4233=SHAPE_REPRESENTATION('',(#2269),#4225);
#4234=PRODUCT_DEFINITION_CONTEXT('part definition',#4239,'design');
#4235=PRODUCT_DEFINITION('2026-07-11-09-52-01-862',
'Tablet_Project_Top_Case',#4236,#4234);
#4236=PRODUCT_DEFINITION_FORMATION('',$,#4241);
#4237=PRODUCT_RELATED_PRODUCT_CATEGORY('Tablet_Project_Top_Case',
'Tablet_Project_Top_Case',(#4241));
#4238=APPLICATION_PROTOCOL_DEFINITION('international standard',
'automotive_design',2009,#4239);
#4239=APPLICATION_CONTEXT(
'Core Data for Automotive Mechanical Design Process');
#4240=PRODUCT_CONTEXT('part definition',#4239,'mechanical');
#4241=PRODUCT('2026-07-11-09-52-01-862','Tablet_Project_Top_Case',$,(#4240));
#4242=PRESENTATION_STYLE_ASSIGNMENT((#4243));
#4243=SURFACE_STYLE_USAGE(.BOTH.,#4244);
#4244=SURFACE_SIDE_STYLE('',(#4245));
#4245=SURFACE_STYLE_FILL_AREA(#4246);
#4246=FILL_AREA_STYLE('Steel - Satin',(#4247));
#4247=FILL_AREA_STYLE_COLOUR('Steel - Satin',#4248);
#4248=COLOUR_RGB('Steel - Satin',0.627450980392157,0.627450980392157,0.627450980392157);
ENDSEC;
END-ISO-10303-21;
